MLS #,Acres,Basement Finished,Under Contract Date,Effective Date Of The Listing Agreement,List Price,Basement Square Feet,Sold Concessions,Sold Date,Sold Price,Sold Terms,Tax ID,Total Bedrooms,Total Full Bathrooms,Total Half Bathrooms,Total Three-quarter Bathrooms,Total Fireplaces,Total Kitchens,Total Laundry Rooms,Total Square Feet,Year Built,Road Condition,Accessability,Address
113175,0.56,0.0,2025-10-25,2025-09-18,680000,0,0,2025-11-21,665000.0,VA,B-1894-0006-0000,4,2,0,0,1,1,1,1829,2023,Paved,Year Round,1723 S 4150 W
113178,0.31,0.0,2025-09-19,2025-09-19,499995,0,0,2025-10-17,497800.0,CASH,B-1779-0012-0000,3,2,0,0,1,1,1,2087,2005,Paved,Year Round,1190 E Nichols Canyon Road
113214,0.4,100.0,2025-09-26,2025-09-22,593000,0,8500,2025-11-10,560000.0,CONV,A-1211-0146-0000,4,2,0,0,1,1,1,2698,1981,Paved,,194 Deer Trail Drive
113227,0.23,100.0,2025-10-16,2025-09-23,495000,1262,20000,2025-11-12,505000.0,CONV,B-1176-0003-0001,4,3,0,0,2,1,1,3018,2005,,Year Round,208 N Guidelight Drive
109313,1.14,100.0,2025-08-01,2024-12-04,670000,2414,0,2025-08-15,636560.0,CASH,A-0793-0006-0000,8,3,0,0,1,1,1,4828,1980,Paved,Year Round,667 E Midvalley Road
113262,0.03,0.0,2025-10-06,2025-09-25,319900,0,11840,2025-11-10,327000.0,CONV,B-2053-0012-0000,3,2,1,0,1,1,1,1716,2025,Paved,,51 S 4375 #12 W
113264,0.03,0.0,2025-10-03,2025-09-25,319900,0,0,2025-11-04,319900.0,CASH,B-2053-0014-0000,3,2,1,0,1,1,1,1716,2025,Paved,,51 S 4375 #14 W
113265,0.04,0.0,2025-10-16,2025-09-25,299900,0,0,2025-11-07,297000.0,CASH,B-1898-0065-0000,3,2,1,0,0,1,1,1538,2019,Paved,,173 E Fiddlers Canyon RD #65
113309,0.0,0.0,2025-10-16,2025-09-30,175000,0,3000,2025-11-03,151000.0,CASH,A-1178-0235-0000,1,1,0,0,1,1,1,624,1983,,Year Round,150 W Ridge View St #235
113385,0.5,100.0,2025-10-10,2025-10-07,349900,1000,10000,2025-11-10,358900.0,CONV,A-0879-0000-000B-08,5,2,0,0,2,1,1,2000,1976,Paved,,721 W Cottonwood Drive
113462,0.17,0.0,2025-10-17,2025-10-09,424900,0,0,2025-11-21,410000.0,CONV,B-1947-0014-0000,3,2,0,0,1,1,1,1614,2017,Paved,,1780 N Willow Lane
113467,0.12,0.0,2025-11-06,2025-10-09,319000,0,0,2025-11-19,313000.0,CASH,B-1791-0040-0000,3,2,0,0,0,1,1,1290,2006,Paved,Year Round,1410 S Northern View Drive
113509,0.24,95.0,2025-11-01,2025-10-11,575000,1745,17000,2025-11-24,582000.0,CONV,B-1801-0014-0000,6,3,0,0,1,1,1,3490,2016,Paved,Year Round,156 S 4050 W
113546,0.23,90.0,2025-10-16,2025-10-14,335000,1350,0,2025-11-10,340000.0,CONV,B-1151-0003-0014,5,3,0,0,1,1,1,2700,1975,Paved,Year Round,995 S Cedar Knolls West
109447,0.33,0.0,2024-12-23,2024-12-19,475000,0,28082,2025-02-05,496082.0,FHA,B-2028-0010-0000,3,2,0,0,1,1,1,1707,2024,Paved,,3822 W 925 N
109646,0.0,0.0,2025-03-15,2025-01-17,134450,0,0,2025-04-07,127000.0,CASH,A-1176-0002-0004,0,1,0,0,1,1,1,420,1984,Paved,,464 N Hwy 143 #A204
109647,0.18,100.0,2025-03-14,2025-01-18,489000,0,10000,2025-04-14,465000.0,CONV,B-1613-0018-0000,3,2,1,0,1,1,1,1978,1999,Paved,,681 S Legacy Park Avenue (2200 W) W
101545,1.07,0.0,2024-11-22,2023-03-01,1475000,0,0,2025-02-20,1380000.0,CONV,B-1824-0027-0000,3,2,1,0,2,1,1,3400,2022,Paved,,1702 S 4450 W
109782,0.0,0.0,2025-01-31,2025-01-31,223000,0,0,2025-02-26,221000.0,CONV,A-1176-000B-0213,1,1,0,0,1,1,1,658,1984,Paved,Year Round,464 N HWY 143 #B213
108976,0.18,100.0,2025-05-16,2024-10-29,310000,973,0,2025-06-18,302000.0,CASH,B-0005-0001-0008,3,2,0,0,1,1,1,2039,1976,Paved,,354 N 1500 W
111798,0.41,0.0,2025-06-27,2025-06-12,397000,0,11900,2025-07-30,403900.0,VA,A-0974-0139-0000,3,2,0,0,0,1,1,1435,2020,Paved,Year Round,4430 N Gold Dust Trail
109003,0.02,100.0,2025-02-21,2024-11-01,379000,405,0,2025-03-19,0.0,CONV,B-2041-0004-000D,4,3,1,0,0,1,1,2272,2024,Paved,Year Round,665 E 2015 #4D N
112114,0.24,10.0,2025-08-16,2025-07-05,528315,1939,0,2025-09-19,528315.0,CONV,B-1857-0027-0096,3,2,0,0,0,1,1,3731,2025,Paved,Year Round,576 S Cedar Creek 96 Drive
103344,0.03,0.0,2024-11-14,2023-07-25,139900,0,0,2025-03-10,139900.0,CASH,A-0504-0003-0003-06,1,1,0,0,0,1,1,451,2019,Paved,Year Round,306 Beth
104305,0.43,100.0,2025-05-14,2023-10-10,584000,1522,0,2025-05-28,560000.0,CASH,A-0954-0019-0000,5,3,0,0,0,1,1,3102,2016,Paved,,3367 Westward Avenue
104762,0.0,0.0,2025-02-11,2023-11-24,725000,0,0,2025-03-17,715000.0,CONV,A-1205-0007-000A,3,3,0,0,1,1,1,2145,2006,Paved,,270 S Highway 143 #7A
104855,0.47,100.0,2024-07-23,2023-12-05,695000,672,0,2025-01-16,687000.0,CASH,A-1138-0047-0000,3,3,0,0,2,1,1,2198,1998,,Year Round,661 N Aspen Drive
104894,0.34,80.0,2025-01-31,2023-12-12,749000,2567,0,2025-02-21,0.0,CASH,B-1746-0016-0000,7,6,0,0,1,1,1,6329,2005,Paved,,578 S Josie Circle
105307,0.24,100.0,2025-01-25,2024-01-29,429900,1430,1500,2025-02-14,405000.0,CASH,B-1160-0004-0001,5,3,0,0,1,1,1,2860,1999,Paved,Year Round,2196 W Saddleback Drive
105392,0.0,0.0,2025-01-14,2024-02-05,729000,0,0,2025-01-31,670000.0,CASH,A-1200-0AC4-0000,4,3,0,0,1,1,1,3048,2006,Paved,,74 W Ridge View #ac4 Street
105394,0.18,0.0,2025-01-01,2024-02-05,450000,0,300,2025-02-07,445500.0,CONV,B-1999-0039-0000,3,2,0,0,0,1,1,1631,2018,,Year Round,95 York N
112294,0.11,0.0,2025-07-25,2025-07-17,339000,0,5000,2025-08-22,339000.0,FHA,B-1873-0001-0000,3,2,1,0,1,1,1,1780,2006,,Year Round,7 E 820 S
105968,0.1,0.0,2025-04-20,2024-03-12,399900,0,0,2025-07-18,379030.0,CASH,B-1895-0007-0000,2,2,0,0,1,1,1,1734,2008,Paved,,2405 W Crescent Heights Dr
106307,1.23,0.0,2024-05-11,2024-04-10,425000,0,10000,2025-01-28,465000.0,VA,D-0456-1283-0000,4,2,0,0,0,1,1,2990,2024,Unimproved,Year Round,6388 N 3975 W
106502,0.56,20.0,2025-03-13,2024-04-22,789990,1896,0,2025-04-07,765000.0,CONV,B-1894-0008-0000,4,2,1,0,1,1,1,3827,2024,Paved,Year Round,1771 S 4150 W
106583,0.27,0.0,2024-11-11,2024-04-30,408500,0,0,2025-01-03,397000.0,CASH,A-0798-0037-0000,3,2,0,0,0,1,1,1432,2024,Paved,Year Round,4898 N Winchester Drive
106618,0.02,0.0,2025-04-04,2024-05-01,259900,0,0,2025-05-05,265000.0,FHA,B-2040-0018-000F,3,2,1,0,0,1,1,1242,2024,Paved,Year Round,920 S 25 #18F E
106623,0.16,0.0,2025-04-28,2024-05-02,365000,0,0,2025-05-16,367000.0,CONV,B-2042-0011-000W,3,2,1,0,0,1,1,1651,2024,Paved,,4519 W 300 N
106651,0.39,100.0,2025-02-21,2024-05-03,1700000,1554,0,2025-02-26,1345600.0,CASH,A-1184-0003-0000,4,3,0,0,3,1,1,4222,2008,Paved,,427 W Hunter Ridge
106748,0.5,5.0,2024-11-22,2024-05-09,749000,1896,0,2025-01-09,690000.0,CASH,D-1213-000E-0009,4,3,0,0,1,1,1,5138,2023,Paved,Year Round,1311 S 4175 W
106806,0.53,100.0,2024-11-27,2024-05-14,779900,1634,0,2025-02-10,750000.0,CONV,B-1804-0016-0000,6,3,0,0,1,1,1,3268,2015,Paved,Year Round,3445 W 1375 N
106867,0.26,0.0,2024-10-17,2024-05-17,458900,0,0,2025-01-15,458900.0,VA,B-2020-0152-0000,3,2,0,0,0,1,1,1773,2024,Paved,Year Round,4631 W 200 Lot 152 N
106907,0.5,0.0,2024-09-05,2024-05-19,385000,0,1199,2025-03-28,375000.0,CONV,D-1189-000A-0021,3,2,0,0,0,1,1,1268,1995,Paved,Year Round,4169 W 475 N
106919,0.04,0.0,2025-04-17,2024-05-21,825000,0,4500,2025-06-03,745000.0,CONV,A-1204-0001-0000,4,3,1,0,1,1,1,2777,2019,Paved,,310 N Hwy 143 #1
106963,0.3,100.0,2025-03-07,2024-05-23,459000,1605,6150,2025-04-01,465750.0,FHA,B-1132-0007-0033,6,4,0,0,1,1,1,3228,1994,Paved,Year Round,965 W 600 S
106976,0.1,0.0,2025-05-05,2024-05-23,379900,0,0,2025-06-02,379900.0,CONV,B-2031-0006-000N,4,2,1,0,1,1,1,1806,2024,Paved,Year Round,1055 N Fern Street
106977,0.1,0.0,2025-05-05,2024-05-23,379900,0,0,2025-06-02,379900.0,CONV,B-2031-0006-000S,4,2,1,0,1,1,1,1806,2024,Paved,,1049 N Fern Street
106996,0.16,0.0,2025-01-07,2024-05-24,442500,0,1000,2025-01-27,432500.0,CONV,B-1999-0046-0000,3,2,0,0,1,1,1,1633,2019,Paved,Year Round,2823 W 25 N Sterling Drive
107032,0.11,0.0,2025-04-01,2024-05-29,345000,0,9355,2025-05-15,340000.0,FHA,B-1873-0027-000N,4,2,1,0,0,1,1,2305,2021,Paved,Year Round,904 S 25 E
107058,4.34,100.0,2024-08-15,2024-05-30,2198000,3782,0,2025-01-21,1890000.0,CONV,B-1598-0009-0000,5,4,1,0,2,1,1,7294,2006,Paved,,3557 W 1600 N
107064,0.16,0.0,2025-02-01,2024-05-31,449900,0,15000,2025-02-14,460000.0,CASH,B-2033-0033-0000,5,3,0,0,1,1,1,2020,2024,Paved,Year Round,3335 W Indigo Street
107075,0.0,100.0,2025-06-23,2024-05-31,399900,268,0,2025-07-09,395000.0,CASH,A-1200-0AA3-0000,2,2,0,0,1,1,1,1168,2010,Paved,,74 W Ridge View #AA3 or #A7 Street
107217,0.35,0.0,2024-12-02,2024-06-10,750000,0,0,2025-03-21,740000.0,CASH,B-1424-0002-0000,4,3,0,0,1,1,1,2785,2021,Paved,Year Round,389 S Mesa Hills Drive
112303,0.42,0.0,2025-09-30,2025-07-17,799900,0,0,2025-11-12,799900.0,Own Fin,B-2011-0012-0000,3,2,1,0,1,1,1,2868,2024,Paved,Year Round,2290 S Canyon Circle
112304,0.3,100.0,2025-07-20,2025-07-16,500000,1032,0,2025-08-14,500000.0,CASH,B-0253-0000-0000,6,3,0,0,0,2,2,2605,1924,Paved,Year Round,264 S 100 W
107234,0.26,0.0,2025-01-28,2024-06-12,591000,0,0,2025-02-27,576000.0,CONV,B-2020-0079-0000,4,2,1,0,1,1,1,2143,2024,Paved,Year Round,4326 W 200 North Circle
107240,0.46,0.0,2024-12-17,2024-06-13,544000,0,10000,2025-01-17,544000.0,CONV,A-0907-0005-0000,3,2,0,0,0,1,1,1600,2024,Paved,Year Round,4256 N Tomahawk
107243,0.26,90.0,2024-06-13,2024-06-12,469000,1117,0,2025-01-07,481840.0,CONV,B-2020-0146-0000,4,2,1,0,0,1,1,2536,2024,Paved,Year Round,4676 W 200 Lot 146 N
107248,0.12,0.0,2025-05-01,2024-06-13,371005,0,5000,2025-05-29,371005.0,CONV,B-2029-0017-000W,3,2,0,0,0,1,1,1448,2024,Paved,,347 W Bradley Lane Lot 17W
112306,0.24,0.0,2025-07-22,2025-07-17,469900,0,0,2025-09-12,494900.0,CONV,B-1857-0027-0121,4,2,0,0,0,1,1,1786,2025,Paved,Year Round,596 S Foundation Trail
112308,0.28,0.0,2025-08-21,2025-07-17,429900,0,6500,2025-09-22,429900.0,CONV,A-0798-0022-0000,3,3,0,0,0,1,1,1630,2025,Paved,Year Round,4961 N Winchester
112313,0.5,0.0,2025-07-21,2025-07-18,249900,0,0,2025-08-15,249900.0,CASH,A-1115-0003-0012,2,0,1,0,1,1,1,1080,1972,,Seasonal,268 W Bobcat Road
112319,0.4,100.0,2025-10-02,2025-07-18,550000,1890,0,2025-10-31,550000.0,CONV,B-1747-0006-0000,5,4,0,0,1,1,1,3780,2005,Paved,Year Round,3820 W 1475 N
112323,0.18,0.0,2025-08-18,2025-07-18,422000,0,5600,2025-09-03,415000.0,CONV,B-1947-0005-0000,3,1,0,1,1,1,1,1802,2016,Paved,,1794 N Magnolia Lane
112330,0.46,0.0,2025-07-26,2025-07-19,360000,0,12000,2025-08-26,360000.0,FHA,D-0518-0044-0000,3,2,0,0,0,1,1,1200,1996,Paved,Year Round,5153 N 2950 W
112336,0.42,100.0,2025-07-30,2025-07-21,449000,777,9000,2025-09-02,450000.0,FHA,A-0780-0000-000D-06,5,2,1,0,1,1,1,2290,1999,Paved,Year Round,4951 N Mule Train Drive
112344,0.34,0.0,2025-07-18,2025-07-18,692000,0,0,2025-09-04,742979.0,VA,B-2012-0640-0000,3,2,1,0,1,1,1,1971,2025,Paved,,2870 W Mountain Ranch Road
112366,0.16,0.0,2025-08-15,2025-07-23,385000,0,10000,2025-09-17,370000.0,FHA,B-1582-0035-0000,3,1,0,1,1,1,1,1597,2004,Paved,,4182 W 150 N
112377,0.52,85.0,2025-07-29,2025-07-23,474900,1365,10000,2025-08-29,474900.0,CONV,A-0878-0012-0008,4,2,0,0,1,1,1,2749,1998,Paved,,114 W Palomino Drive
107303,0.03,0.0,2025-02-20,2024-06-18,65000,0,0,2025-03-27,60000.0,CASH,A-0504-0003-0004-09,1,1,0,0,0,1,1,456,2000,Paved,,409 Kari
107321,0.25,25.0,2025-01-23,2024-06-19,515000,1817,9800,2025-02-21,490000.0,CONV,B-1781-0004-0000,3,2,0,0,1,1,1,3892,2006,Paved,Year Round,2367 N Monarch Circle
112733,0.2,0.0,2025-10-16,2025-08-21,355000,0,10000,2025-11-05,350000.0,VA,B-1046-0006-0000,5,3,0,0,0,1,1,1860,1976,,Year Round,373 E 440 S
112382,0.2,0.0,2025-08-06,2025-07-23,535900,1681,8950,2025-10-09,535900.0,CONV,B-2017-0034-0000,3,2,0,0,1,1,1,3531,2025,Paved,,123 N Sterling Dr (Lot 34 Phs 4 Crescent Hills)
107410,0.14,0.0,2025-05-09,2024-06-26,412500,0,0,2025-06-18,412500.0,FHA,B-2046-008S-0000,3,2,0,0,0,1,1,1743,2024,Paved,Year Round,1823 N Golden Eagle
107412,0.12,0.0,2025-03-25,2024-06-25,382000,0,3500,2025-04-25,380000.0,CONV,B-2046-001N-0000,3,2,0,0,0,1,1,1445,2024,Paved,Year Round,1849 N Golden Eagle
112735,0.65,0.0,2025-09-22,2025-08-21,529900,0,10000,2025-10-30,525900.0,FHA,D-1212-0005-0000,3,2,0,0,0,1,1,1620,2016,Paved,,2424 W 4390 N
107441,0.11,0.0,2024-12-14,2024-06-27,315000,0,15000,2025-01-20,315000.0,CONV,B-2038-0003-000W,3,2,0,0,0,1,1,1176,2024,Paved,Year Round,489 W 2360 N
107475,0.0,0.0,2025-01-14,2024-06-28,274999,0,900,2025-02-20,274000.0,CONV,A-1150-0004-0030,2,1,0,0,1,1,1,865,1971,Paved,Year Round,356 S HWY 143 #J-34
107523,0.25,100.0,2025-04-18,2024-07-01,619900,1686,0,2025-05-12,600000.0,CONV,B-2031-0015-0000,6,4,0,0,1,1,1,3372,2024,,Year Round,1041 N Olesia Street
107558,0.16,0.0,2025-04-29,2024-07-05,452000,0,10000,2025-05-27,447000.0,CONV,B-2033-0013-0000,5,3,0,0,1,1,1,2020,2024,Paved,,3322 W Pointe West Way
107582,0.27,100.0,2025-05-01,2024-07-08,579900,0,0,2025-06-02,570000.0,CONV,B-2031-0016-0000,4,2,1,0,1,1,1,2624,2024,Paved,Year Round,1029 N Olesia Street
107626,0.03,0.0,2025-02-25,2024-07-11,319900,0,9913,2025-03-31,319900.0,FHA,B-1436-0011-0000,3,2,1,0,0,1,1,1625,2024,Paved,,4283 W HWY 56 #11
107627,0.0,0.0,2024-12-17,2024-07-11,165000,0,0,2025-01-10,150000.0,CONV,A-1153-0026-0000,0,1,0,0,0,1,1,480,1980,Paved,,385 S Vasels (fka Brian Head Blvd) #26
107640,0.23,15.0,2025-02-08,2024-07-11,485000,1715,23000,2025-03-12,498000.0,VA,B-1601-0000-0000,3,2,0,0,0,1,1,3430,2020,Paved,Year Round,3782 W 1300 N
107647,0.51,100.0,2024-12-19,2024-07-12,410000,832,0,2025-01-29,390000.0,CONV,D-1189-000A-0006,3,2,1,0,1,1,1,2209,1994,Paved,Year Round,4098 W 575 N
107715,0.67,70.0,2024-11-22,2024-07-17,499900,930,0,2025-05-01,499900.0,CONV,A-0868-0000-0000,5,2,0,0,1,1,1,2980,1977,Paved,,3793 N Minersville Road
107730,0.24,0.0,2025-01-06,2024-07-18,595500,0,0,2025-01-17,585000.0,CASH,B-2012-0925-0000,3,2,0,0,1,1,1,1912,2024,Paved,Year Round,1809 S Hidden Canyon Road
107749,0.23,100.0,2025-04-03,2024-07-19,601800,1894,15000,2025-05-13,619300.0,CONV,B-1877-0102-0000,7,3,0,0,0,1,1,3779,2025,Paved,Year Round,2528 W Black Sage Drive
107756,0.26,50.0,2024-12-20,2024-07-19,489000,1117,0,2025-02-28,496000.0,CONV,B-2020-0149-0000,4,2,1,0,0,1,1,2536,2024,Paved,Year Round,4677 W 200 Lot 149 N
107771,0.2,10.0,2024-07-22,2024-07-22,475000,1455,0,2025-01-10,501897.0,CASH,B-2017-0038-0000,3,3,0,0,1,1,1,3049,2024,Paved,,59 N Sterling Dr (Lot 38 Phs 4 Crescent Hills)
107774,0.3,0.0,2024-12-27,2024-07-23,779500,0,0,2025-01-17,779500.0,CONV,B-2012-0923-0000,3,2,1,0,1,1,1,2500,2024,Paved,Year Round,1841 S Hidden Canyon Road
107787,0.35,0.0,2024-07-24,2024-07-22,609925,0,0,2025-01-08,609925.0,CASH,D-0535-0004-0000,4,2,1,0,1,1,1,2115,2024,Paved,Year Round,2368 W 5190 Lot 3 Ph 1 N
107794,0.0,0.0,2024-12-09,2024-07-24,145000,0,0,2025-01-02,145000.0,CASH,A-1197-000E-0307,0,0,0,1,1,1,1,375,1984,Paved,Year Round,223 Hunter Ridge #e307 Road
107804,0.02,0.0,2025-04-30,2024-07-25,630000,0,0,2025-05-14,555000.0,CASH,A-1205-0008-000D,2,2,0,0,1,1,1,1759,2006,Paved,Year Round,270 S HWY 143 8D
107827,0.19,0.0,2025-01-03,2024-07-26,379000,0,5000,2025-01-23,357000.0,CONV,B-1105-0004-0000,3,2,0,0,1,1,1,1850,1993,Paved,Year Round,37 S 580 E
107851,0.11,0.0,2025-04-15,2024-07-29,349000,0,0,2025-06-20,330000.0,CONV,B-0897-0003-0000,3,2,1,0,0,1,1,1515,2024,Paved,Year Round,273 W 400 N
107852,0.12,0.0,2025-04-15,2024-07-29,349000,0,0,2025-06-23,330000.0,CONV,B-0897-0002-0000,3,2,1,0,0,1,1,1515,2024,Paved,Year Round,275 W 400 N
107853,0.24,100.0,2024-09-28,2024-07-28,599990,1650,0,2025-04-10,585000.0,CASH,B-1798-0020-0000,6,3,0,0,1,1,1,3300,2017,Paved,Year Round,78 S 4050 W
109177,0.28,100.0,2024-12-07,2024-11-18,600000,1858,6000,2025-02-14,600000.0,Other,B-1858-0025-0000,6,4,0,0,0,2,1,3716,2007,Paved,Year Round,2762 W 375 S S
107882,0.04,0.0,2025-01-15,2024-07-31,309000,0,650,2025-02-14,290000.0,CONV,B-1898-0066-0000,3,2,1,0,0,1,1,1538,2019,Paved,Year Round,175 E Fiddlers Canyon #66
107897,0.02,0.0,2025-03-21,2024-08-01,299000,0,0,2025-04-11,292000.0,CASH,B-2013-0049-0000,3,2,1,0,0,1,1,1500,2024,Paved,Year Round,498 W 1225 49 N
107902,0.04,100.0,2025-05-27,2024-08-01,435000,268,0,2025-07-07,410000.0,Owner 1st,A-1200-0BA3-0000,2,2,0,0,2,1,1,1168,2008,,Year Round,74 W Ridge View #B7
107905,0.14,0.0,2024-08-02,2024-08-02,398880,0,0,2025-01-28,398880.0,CONV,B-2029-0023-000E,3,2,0,0,0,1,1,1448,2024,Paved,Year Round,379 W Rosie Lot 23E Loop
107909,0.0,0.0,2025-07-18,2024-08-02,298000,0,0,2025-08-20,267500.0,CONV,A-1150-0002-0001-113,2,2,0,0,1,1,1,842,1973,Paved,,312 S HWY 143 143 #7a
107933,0.69,100.0,2025-01-28,2024-08-05,375000,300,0,2025-03-03,345000.0,FHA,E-0843-0002-0001-021,3,3,0,0,2,1,1,1700,2003,,Year Round,4040 S 17550 W
107972,0.02,0.0,2025-01-20,2024-08-08,275000,0,0,2025-02-21,270000.0,CONV,B-2013-0046-0000,2,2,1,0,0,1,1,1388,2024,Paved,Year Round,498 W 1225 46 N
107973,0.02,0.0,2024-12-11,2024-08-08,275000,0,0,2025-01-03,270000.0,CONV,B-2013-0048-0000,2,2,1,0,0,1,1,1388,2024,Paved,Year Round,498 W 1225 48 N
107996,0.13,0.0,2024-08-16,2024-08-09,417500,0,0,2025-01-08,417500.0,CASH,B-0777-0078-0080,3,2,0,0,0,1,1,1743,2024,Paved,Year Round,3087 W Ekko View Loop
108003,0.33,0.0,2025-04-29,2024-08-09,584000,1823,0,2025-06-18,595000.0,CONV,B-2028-0006-0000,3,2,0,0,1,1,1,3646,2024,Paved,,3852 W 925 N
108004,0.33,0.0,2025-08-27,2024-08-09,604900,1830,0,2025-09-16,597500.0,CONV,B-2028-0007-0000,3,2,1,0,1,1,1,3660,2024,Paved,Year Round,3837 W 925 N
108027,0.5,100.0,2025-02-05,2024-08-13,385000,1014,0,2025-03-17,385000.0,CONV,A-0840-0002-0004,4,2,0,0,0,1,1,2028,1994,Paved,Year Round,4562 N Old Scout Trail
108081,0.02,0.0,2024-12-16,2024-08-16,288000,0,0,2025-01-17,278000.0,CONV,B-1386-0047-0000,3,2,1,0,0,1,1,1620,2020,Paved,Year Round,1560 S Topaz #C #c;;;1560 1450 #c
108093,0.17,100.0,2025-02-25,2024-08-16,353000,1050,6000,2025-03-26,328000.0,CONV,B-1195-0001-0003,5,2,0,0,1,1,1,2100,1979,Paved,Year Round,1067 Desert Pines Drive
108113,0.14,0.0,2024-09-30,2024-08-21,388250,0,0,2025-01-29,388250.0,VA,B-2029-0023-000W,3,2,0,0,0,1,2,1448,2024,Paved,Year Round,387 W Rosie Lot 23W Loop
108130,1.25,0.0,2024-12-13,2024-08-19,525000,0,0,2025-01-10,525000.0,CONV,D-1188-000B-0006,4,2,1,0,1,1,1,2245,1994,Paved,Year Round,1454 S 4200 W
108138,3.0,100.0,2025-07-15,2024-08-22,850000,1925,0,2025-07-30,805000.0,CASH,A-0507-0006-0000,4,3,0,0,2,1,1,3850,2014,Paved,Year Round,850 S 750 W
108140,0.0,0.0,2025-01-06,2024-08-23,425000,0,0,2025-01-29,360000.0,CONV,A-1173-0002-0000,2,2,0,0,1,1,1,930,1981,Paved,Year Round,407 S Vasels # 2 Road
112766,0.12,0.0,2025-10-06,2025-08-22,354000,0,11000,2025-11-06,339500.0,CONV,B-1832-0031-0001,3,2,1,0,0,1,1,1690,2006,Paved,,1329 W 1600 S
108217,0.28,0.0,2024-12-23,2024-08-30,420000,0,0,2025-01-17,415000.0,CASH,A-0798-0010-0000,3,2,1,0,0,1,1,1631,2024,Paved,Year Round,866 E Winchester lot 10 Drive
108218,0.28,0.0,2025-07-09,2024-08-30,459990,0,0,2025-08-29,450000.0,CONV,A-0798-0012-0000,4,1,1,1,0,1,1,2264,2024,Paved,Year Round,4892 N Springfield lot 12 Circle
108219,0.28,0.0,2025-09-12,2024-08-30,439900,0,0,2025-10-31,445900.0,CONV,A-0798-0013-00AM,3,2,0,0,0,1,1,1811,2024,Paved,Year Round,4886 N Springfield lot 13 Circle
108220,0.37,0.0,2025-10-13,2024-08-30,449000,0,0,2025-11-13,435000.0,VA,A-0798-0015-0000,4,2,1,0,0,1,1,2264,2024,Paved,Year Round,4889 N Springfield lot 15 Circle
108221,0.28,0.0,2025-02-10,2024-08-30,465000,0,0,2025-03-19,465000.0,CONV,A-0798-0016-0000,3,2,0,0,0,1,1,1811,2024,Paved,Year Round,4891 N Springfield lot 16 Circle
108228,0.1,0.0,2025-01-23,2024-08-29,379900,0,0,2025-02-21,387900.0,CONV,B-2031-0005-000S,4,2,1,0,1,1,1,1806,2024,,Year Round,1061 N Fern Street
108229,0.1,0.0,2025-03-24,2024-08-29,379900,0,6000,2025-04-25,386000.0,FHA,B-2031-0005-000N,4,2,1,0,1,1,1,1806,2024,,Year Round,1065 N Fern Street
108256,0.41,0.0,2025-02-05,2024-09-03,449900,0,10000,2025-03-14,449900.0,CONV,A-0938-0024-0000,3,2,0,0,0,1,1,1450,2005,Paved,Year Round,4795 N Halterman
108318,0.26,0.0,2025-04-21,2024-09-06,469900,0,12000,2025-05-14,465000.0,CONV,A-0798-0008-0000,4,2,0,0,0,1,1,2169,2024,Paved,Year Round,888 E Winchester Drive
108325,6.02,0.0,2025-02-26,2024-09-07,410000,0,0,2025-03-31,400000.0,VA,D-0503-0007-0000,1,1,0,0,1,1,1,770,2019,Unimproved,Year Round,2558 W 6200 N
108336,0.24,0.0,2025-01-28,2024-09-09,464900,0,0,2025-02-11,459000.0,CASH,B-1857-0027-0089,4,2,0,0,0,1,1,1758,2024,Paved,Year Round,492 S Cedar Creek Drive
108339,0.54,100.0,2025-01-24,2024-09-09,559900,1077,0,2025-03-03,489000.0,VA,B-1340-0004-0014,6,4,0,0,1,1,1,3281,1992,Paved,,826 E Cottontail Circle
108343,0.0,0.0,2025-01-18,2024-09-09,262500,0,0,2025-03-05,225000.0,CASH,A-0052-0020-0000,3,2,0,0,1,1,1,1274,1985,Paved,,170 S 300 East #F1
108353,0.14,0.0,2025-06-02,2024-09-10,299900,0,10086,2025-07-15,299900.0,FHA,B-1711-0008-0000,3,2,0,0,0,1,1,1218,2002,,Year Round,637 W 1300 N
108356,0.0,0.0,2024-11-15,2024-09-11,148000,0,0,2025-01-21,145000.0,CONV,0,3,2,0,0,0,1,1,1200,2023,Paved,,780 W 1125 #20 N
108371,0.02,100.0,2024-10-30,2024-09-11,379000,405,0,2025-02-05,360000.0,CASH,B-2041-0005-000A,3,3,1,0,0,1,1,2272,2024,Paved,Year Round,665 E 2015 #5A N
108376,0.1,0.0,2024-10-20,2024-09-12,229000,0,0,2025-04-22,228500.0,CASH,B-1893-0007-0000,2,1,0,0,0,1,1,768,2007,Paved,,1882 N 1600 Access N Road
108379,0.02,0.0,2024-11-13,2024-09-12,249000,0,0,2025-01-24,250000.0,Utah Hsng,B-1917-0056-0000,3,2,1,0,0,1,1,1335,2008,Paved,,340 W 1425 #57 N
108396,3.8,100.0,2025-02-07,2024-09-13,774000,1683,0,2025-03-27,750000.0,CASH,D-1139-0010-0085,3,3,0,0,1,1,1,3366,2012,Paved,,1222 S Panorama Drive
108401,0.02,0.0,2024-12-30,2024-09-13,305000,0,0,2025-01-24,300000.0,CASH,B-2043-0002-0000,3,2,1,0,0,1,1,1518,2024,Paved,Year Round,535 W 2530 Unit 2 N
108402,0.02,0.0,2025-07-01,2024-09-13,305000,0,0,2025-07-31,307500.0,FHA,B-2043-0003-0000,3,2,1,0,0,1,1,1518,2024,Paved,Year Round,535 W 2530 Unit 3 N
108403,0.02,0.0,2025-06-30,2024-09-13,305000,0,0,2025-07-31,301000.0,CONV,B-2043-0004-0000,3,2,1,0,0,1,1,1518,2024,Paved,Year Round,535 W 2530 Unit 4 N
108404,0.02,0.0,2025-01-07,2024-09-13,310000,0,0,2025-01-08,303000.0,CONV,B-2043-0005-0000,3,2,1,0,0,1,1,1518,2024,Paved,Year Round,535 W 2530 Unit 5 N
108406,0.01,0.0,2025-01-10,2024-09-13,260000,0,0,2025-02-11,260000.0,FHA,B-2043-0012-0000,3,1,1,0,0,1,1,1270,2024,Paved,Year Round,535 W 2530 Unit 12 N
108425,2.23,0.0,2025-04-07,2024-09-16,899000,0,0,2025-05-05,884000.0,CASH,D-1139-0005-0015,4,2,0,0,1,1,1,2264,2003,Paved,Year Round,3996 W 1950 S
108433,0.5,100.0,2025-02-20,2024-09-16,588000,1260,10000,2025-03-26,575000.0,CONV,A-0840-0002-0008,7,4,1,0,1,1,1,3888,1993,Paved,,4498 N Old Scout Trail
108445,1.1,100.0,2025-01-27,2024-09-17,725000,1650,0,2025-02-25,702800.0,CONV,E-0171-0002-0011,6,3,0,0,1,1,1,3300,2020,Paved,Year Round,6722 W 1300 N
108491,0.24,95.0,2024-12-13,2024-09-21,459000,1441,0,2025-01-10,465000.0,VA,B-1340-0003-0005,5,3,0,0,1,1,1,2902,1999,Paved,Year Round,2178 N Cottontail Drive
108493,0.2,0.0,2025-02-04,2024-09-23,300000,0,9000,2025-03-12,290000.0,CONV,B-0359-0001-0000,3,2,0,0,0,1,1,1600,1989,Paved,Year Round,317 E 400 S
108494,0.49,0.0,2025-03-15,2024-09-20,615000,0,0,2025-04-03,600000.0,CONV,D-1212-0004-0000,4,2,1,0,1,1,1,2143,2022,Paved,Year Round,2402 W 4390 N
108500,0.03,0.0,2024-10-07,2024-09-23,319900,0,0,2025-01-03,319900.0,CONV,B-2018-0041-0000,3,2,1,0,0,1,1,1776,2024,Paved,Year Round,2875 W Cody #41 Drive
108501,0.03,0.0,2024-10-24,2024-09-23,314900,0,10000,2025-01-03,318900.0,FHA,B-2018-0042-0000,3,2,1,0,1,1,1,1776,2023,Paved,Year Round,2875 W Cody #42 Road
108520,0.23,95.0,2024-12-02,2024-09-24,405000,1288,12000,2025-01-09,400000.0,VA,B-0003-0005-0015-422,4,3,0,0,1,1,1,2576,1978,Paved,Year Round,935 N 400 W
108539,0.16,100.0,2025-02-26,2024-09-25,449900,1497,9500,2025-04-09,457000.0,CONV,B-1615-0027-0000,4,3,0,0,1,1,1,3009,2002,Paved,,2572 N 550 W
108544,0.08,0.0,2024-12-18,2024-09-25,280000,0,8679,2025-01-21,288000.0,CONV,B-1870-0089-000N,3,2,0,0,0,1,1,1150,2018,Paved,Year Round,2773 N Mountain Valley Trail
108551,0.23,0.0,2024-11-15,2024-09-26,688900,1688,0,2025-01-02,669000.0,CONV,B-1790-0012-0000,4,3,1,0,1,1,1,4571,2005,Paved,Year Round,1024 E Cellowood E Drive
108552,1.02,0.0,2025-03-22,2024-09-26,299500,0,9500,2025-05-05,309000.0,FHA,E-0258-0057-0000,3,2,0,0,1,1,1,1316,1977,Paved,Year Round,3320 S 5225 W
108564,0.23,100.0,2025-09-24,2024-09-27,480000,1638,16000,2025-10-22,465000.0,FHA,B-1747-0031-0000,5,3,0,0,1,1,1,3161,2004,Paved,Year Round,3893 W 1475 N
108570,0.25,0.0,2025-01-07,2024-09-25,479500,1576,7000,2025-02-03,484500.0,CONV,D-1224-0015-0000,3,2,0,0,0,1,1,3152,2024,Paved,Year Round,1991 W 4700 N
108571,0.21,0.0,2025-01-27,2024-09-27,360000,0,10105,2025-03-03,360000.0,FHA,B-1379-0028-0000,3,2,0,0,2,1,1,1443,1995,Paved,Year Round,923 W 1325 S
108573,0.0,100.0,2025-02-20,2024-09-27,635000,193,0,2025-03-31,625000.0,CONV,A-1207-0001-003G,2,2,0,1,1,1,1,1683,2006,Paved,Year Round,565 S Vasels #3G (Black Diamond #3G)
108581,0.03,80.0,2024-12-06,2024-09-27,329990,632,0,2025-01-09,329990.0,CASH,B-1857-1143-0000,3,2,1,0,0,1,1,2187,2024,Paved,Year Round,2976 W Lewis Loop #1143
108582,0.03,80.0,2024-12-06,2024-09-27,329990,632,0,2025-01-09,329990.0,CASH,B-1857-1144-0000,3,2,1,0,0,1,1,2187,2024,Paved,Year Round,2978 W Lewis Loop #1144
108583,0.03,80.0,2024-11-27,2024-09-27,339990,632,0,2025-01-07,339990.0,CASH,B-1857-1142-0000,4,2,1,0,0,1,1,2247,2024,Paved,Year Round,2972 W Lewis Loop #1142
108584,0.03,80.0,2025-01-08,2024-09-27,339990,632,0,2025-02-06,339990.0,CASH,B-1857-1145-0000,4,2,1,0,0,1,1,2247,2024,Paved,Year Round,2982 W Lewis Loop #1145
108586,0.28,0.0,2024-11-22,2024-09-26,677000,0,0,2025-02-14,680000.0,CONV,B-2012-0927-0000,4,3,0,0,1,1,1,2242,2024,Paved,Year Round,1779 S Hidden Canyon Road
108587,0.3,0.0,2025-01-17,2024-09-26,615000,0,0,2025-04-17,617000.0,VA,B-2012-0928-0000,3,2,1,0,1,1,1,1971,2024,Paved,Year Round,1763 S Hidden Canyon Road
108610,0.0,0.0,2025-08-15,2024-09-30,237000,0,0,2025-09-12,237000.0,CASH,A-1181-0311-02AM,3,2,0,0,1,1,1,900,1972,,Year Round,651 S Snowflake Ln #311
108619,0.02,0.0,2025-02-24,2024-10-01,274900,0,0,2025-03-26,269000.0,CONV,B-1985-0002-0047,3,2,1,0,0,1,1,1469,2017,Paved,Year Round,1677 N Main #47
108623,0.21,100.0,2025-02-03,2024-10-02,350000,384,16500,2025-03-03,350000.0,FHA,B-1158-0004-0007,3,2,0,0,1,1,1,2224,1978,Paved,Year Round,89 W Sunbow
108657,0.02,100.0,2024-12-28,2024-10-03,369000,405,0,2025-03-18,370000.0,CONV,B-2041-0004-000B,4,3,1,0,0,1,1,2272,2024,Paved,,665 E 2015 #4B N
108669,0.09,0.0,2025-05-01,2024-10-01,259900,0,10000,2025-05-19,265000.0,FHA,B-1378-0010-0000,3,2,0,0,0,1,1,1057,1999,Paved,,1164 W 475 S
108673,0.16,0.0,2025-02-24,2024-10-03,399000,0,650,2025-03-14,395000.0,CASH,B-1895-0034-0000,3,2,0,0,1,1,1,1419,2020,Paved,Year Round,752 S Eastgate Drive
108677,0.22,0.0,2025-03-04,2024-10-04,455000,0,4000,2025-03-28,435000.0,CONV,D-1219-0020-0000,3,2,1,0,1,1,1,1930,2013,Paved,Year Round,4721 N 1750 W
112836,0.08,0.0,2025-09-10,2025-08-26,289000,0,3000,2025-10-03,289000.0,CONV,B-1867-0032-000N,3,2,0,0,0,1,1,1219,2006,Paved,Year Round,2093 N 550 W
108689,0.0,0.0,2025-02-14,2024-10-07,22000,0,0,2025-02-19,16000.0,CASH,none,1,1,0,0,1,1,1,720,1969,Paved,,53 N 300 East #8
108693,0.2,90.0,2024-11-07,2024-10-04,509900,1596,0,2025-01-13,601900.0,CASH,B-2017-0037-0000,5,3,0,0,1,1,1,3362,2024,Paved,,77 N Sterling Dr (Lot 37 Phs 4 Crescent Hills)
108697,0.46,90.0,2025-03-13,2024-10-07,540000,1551,6000,2025-04-23,530000.0,VA,A-0941-0043-0000,5,3,0,0,2,1,1,3102,2007,Paved,,1856 E Rachel Lane
108718,0.28,25.0,2024-12-10,2024-10-08,219000,840,0,2025-01-09,170000.0,CASH,B-0440-0000-0000,2,2,1,0,1,1,1,2040,1938,Paved,Year Round,131 S 200 E
108721,0.82,100.0,2025-05-16,2024-10-08,1797000,1571,0,2025-05-30,1525000.0,CASH,A-1144-0001-0002-02,5,4,0,0,3,1,1,3577,2004,,Year Round,320 N Rue Jolley
108725,0.28,5.0,2024-12-11,2024-10-09,419900,1312,5000,2025-01-02,415000.0,CONV,D-1219-0017-0000,3,2,0,0,0,1,1,2624,2018,Paved,,1803 W 4750 N
108755,6.59,100.0,2025-06-24,2024-10-10,775000,1088,5000,2025-08-18,730000.0,CONV,C-1106-0006-0029,5,3,0,0,2,1,1,3214,1997,Unimproved,,1424 S Pine Canyon Drive
108757,4.44,100.0,2025-02-14,2024-10-10,390000,0,0,2025-03-25,370000.0,CONV,C-1106-0006-0030,1,2,0,0,0,1,1,1364,2018,Unimproved,,1337 S Red Canyon Dr
108761,0.5,80.0,2024-12-28,2024-10-10,459900,1309,15000,2025-01-21,459900.0,FHA,A-0878-0005-0010,5,2,0,0,0,1,1,2618,2004,,Year Round,3845 N Arabian Way
108762,0.2,0.0,2024-12-16,2024-10-10,299900,0,10000,2025-01-14,297900.0,CONV,B-1381-0002-0010,3,2,0,0,0,1,1,1306,1999,Paved,Year Round,501 W 1100 N
108763,0.41,100.0,2025-01-09,2024-10-10,469000,1281,15000,2025-02-12,469000.0,FHA,A-0937-0012-0000,5,3,0,0,0,1,1,2574,2004,Paved,,1547 E Highland Trails Road
108767,1.0,0.0,2024-12-20,2024-10-10,389900,0,0,2025-01-14,385900.0,CASH,A-0879-0009-0000,4,2,0,0,0,1,1,1600,2024,Paved,Year Round,4022 N 350 W
108768,1.0,0.0,2025-03-03,2024-10-10,419900,0,5000,2025-04-23,415000.0,CONV,A-0879-0010-0000,4,2,0,0,0,1,1,1980,2024,Paved,Year Round,4050 N 350 W
108770,0.26,0.0,2025-04-30,2024-10-11,639900,0,12000,2025-05-30,639900.0,CONV,B-2027-0002-0000,5,3,0,0,1,1,1,2607,2024,Paved,Year Round,2177 S Bluff
108785,0.0,0.0,2025-06-09,2024-10-10,179500,0,0,2025-07-03,177000.0,CONV,A-1172-0036-0000,1,1,0,0,1,1,1,444,1973,Paved,,226 S Highway 143 143 #14-b
108797,0.16,100.0,2024-11-21,2024-10-12,655000,1160,0,2025-01-23,543632.0,CONV,B-1877-0114-0000,6,3,1,0,0,1,1,3527,2024,Paved,Year Round,2540 W Black Sage Drive
108802,0.29,0.0,2024-12-13,2024-10-14,619000,0,0,2025-01-17,619000.0,VA,B-2020-0080-0000,5,2,1,0,1,1,1,2672,2024,Paved,Year Round,4310 W 200 N Circle
108805,0.23,100.0,2025-02-18,2024-10-14,499900,1016,0,2025-03-14,475000.0,CONV,A-0061-0002-0000,3,2,1,0,0,1,1,3048,2006,Paved,Year Round,240 E Center Street
108806,0.06,0.0,2025-02-18,2024-10-15,299000,0,0,2025-03-21,282500.0,CASH,B-1566-0003-0000,2,1,0,0,0,1,1,958,1996,Paved,Year Round,2462 W Pachea
108807,1.05,0.0,2025-01-07,2024-10-11,614999,0,0,2025-01-30,601999.0,CASH,A-0281-0000-0000,4,3,0,0,1,1,1,2864,1888,Paved,Year Round,390 W 100 S
108818,0.0,0.0,2025-04-09,2024-10-15,130000,0,0,2025-05-27,120000.0,CONV,trailer,4,2,0,0,0,1,1,1394,2023,Paved,,813 W 1175 #57 N
108820,0.29,0.0,2024-10-15,2024-10-15,775000,0,0,2025-04-11,775000.0,CONV,B-2012-0935-0000,3,2,1,0,1,1,1,2530,2025,,Year Round,1838 S Hidden Canyon Road
108822,0.33,40.0,2025-04-19,2024-10-15,635000,1940,0,2025-05-15,634301.58,CONV,B-2012-0418-0000,4,3,0,0,1,1,1,4056,2024,Paved,Year Round,2858 W Rock Ridge Road
108834,0.3,0.0,2025-07-18,2024-10-15,878000,0,0,2025-10-17,0.0,CONV,B-2012-0917-0000,5,3,1,0,1,1,1,3166,2024,Paved,Year Round,1758 S Grace Lane
108837,2.25,100.0,2025-02-10,2024-10-16,635000,1453,0,2025-03-14,630000.0,CONV,A-0746-0001-0002,5,3,0,0,1,1,1,2930,1998,Paved,Year Round,5387 N Enoch Road
108843,0.35,0.0,2025-09-26,2024-10-17,563900,1782,20000,2025-10-21,563900.0,CONV,D-0535-0004-0000,3,2,0,0,0,1,1,3564,2024,Paved,Year Round,2390 W 5190 Lot 4 N
108859,0.33,0.0,2025-07-11,2024-10-18,699900,0,8000,2025-08-15,699900.0,CONV,B-2012-0207-0000,4,2,0,0,0,2,1,2262,2024,Paved,Year Round,2844 W Oak Springs S Road
108873,0.28,0.0,2024-10-21,2024-10-21,479900,0,10000,2025-02-28,495810.0,VA,A-0990-0031-0000,4,2,0,0,1,1,1,1864,2024,Paved,,1065 E 4240 N (Lot 31 Phs 4 Settlers Square)
108874,0.16,100.0,2024-12-06,2024-10-21,370000,1472,0,2025-01-09,350000.0,CONV,B-0011-0017-0003,3,3,0,0,0,1,1,3192,1972,Paved,,1084 Bulloch Circle
108877,0.04,0.0,2025-02-01,2024-10-21,270000,0,0,2025-03-04,270000.0,CONV,B-1472-000A-0076,2,2,0,0,1,1,1,1226,1996,Paved,Year Round,195 E Fiddlers Canyon #76
108891,0.29,100.0,2024-10-22,2024-10-21,686450,1936,5000,2025-06-05,705815.0,VA,B-2012-0824-0000,6,4,0,0,1,1,1,3972,2025,Paved,Year Round,1937 S Harvest Lane
108894,1.29,0.0,2025-01-29,2024-10-22,549900,0,10000,2025-04-10,548245.0,FHA,D-0456-0764-0000,4,3,0,0,0,1,1,2030,2024,Unimproved,,5306 N 4275 W
108899,0.16,0.0,2025-08-12,2024-10-22,385000,0,10000,2025-09-10,380000.0,FHA,B-1615-0033-0000,4,2,1,0,0,1,1,1558,2005,Paved,,2668 N 550 W
108918,0.25,0.0,2024-11-14,2024-10-24,495000,0,10000,2025-01-10,500000.0,CONV,B-1868-0022-0000,4,2,1,0,0,1,1,1864,2018,Paved,,1840 N 3475 W
108926,0.25,0.0,2024-10-24,2024-10-24,489900,0,0,2025-04-01,491700.0,CONV,B-2031-0019-0000,4,2,0,0,1,1,1,1871,2024,Paved,Year Round,1056 N Reese Street
108931,0.03,0.0,2024-12-21,2024-10-26,289000,0,0,2025-01-31,285000.0,FHA,B-1577-0029-0000,3,2,1,0,0,1,1,1623,2020,Paved,,2084 N 275 #29 W
108935,0.35,0.0,2024-10-25,2024-10-25,619115,0,2100,2025-04-01,619115.0,CONV,D-0535-0007-0000,4,2,1,0,0,1,1,2115,2024,Paved,Year Round,2462 W 5190 Lot 7 N
108936,0.03,0.0,2024-11-08,2024-10-25,319900,0,0,2025-01-03,320000.0,CONV,B-2018-0044-0000,3,2,1,0,0,1,1,1776,2024,Paved,Year Round,2875 W Cody #44 Drive
108937,0.03,0.0,2025-01-22,2024-10-25,319900,0,2000,2025-02-21,319900.0,FHA,B-2018-0043-0000,3,2,1,0,1,1,1,1776,2025,Paved,Year Round,2875 W Cody #43 Road
108942,0.21,0.0,2025-03-09,2024-10-25,419900,0,0,2025-04-10,419900.0,CONV,B-2031-0032-0000,3,2,0,0,0,1,1,1472,2025,,Year Round,3935 W Tatiana Street
108962,0.2,0.0,2024-10-28,2024-10-28,548850,1719,0,2025-04-03,558879.0,CASH,B-2017-0031-0000,3,2,0,0,1,1,1,3583,2024,Paved,,173 N Sterling Dr (Lot 31 Phs 4 Crescent Hills)
108967,0.03,0.0,2024-12-27,2024-10-29,329900,0,10000,2025-01-17,329900.0,FHA,B-1436-0006-0000,3,2,1,0,1,1,1,1625,2024,Paved,,4283 W HWY 56 #6
108968,0.24,0.0,2025-04-11,2024-10-29,439000,0,3000,2025-05-09,439000.0,CONV,B-2017-0005-0000,3,2,1,0,1,1,1,1724,2024,Paved,,2574 W Meadow St (Lot 5 Phs 4 Crescent Hills)
108970,2.13,0.0,2025-02-19,2024-10-29,450000,0,0,2025-04-04,450000.0,CONV,D-0927-0001-0018,3,2,0,0,1,1,1,1430,1997,Paved,,1501 N 3900 W
108988,0.0,0.0,2025-07-04,2024-10-31,249000,0,0,2025-07-18,245000.0,CASH,A-1153-0021-0000,1,1,0,0,1,1,1,622,1980,Paved,Year Round,385 S Vasels #21 Road
108997,0.29,0.0,2024-12-04,2024-10-31,565000,0,0,2025-01-07,550000.0,CONV,B-2020-0092-0000,4,2,1,0,1,1,1,2142,2024,Paved,Year Round,4497 W 200 North N Street
108998,0.11,0.0,2025-03-07,2024-11-01,399900,0,0,2025-04-22,399900.0,CASH,B-2026-011B-0000,5,3,0,0,0,1,1,2101,2024,Paved,Year Round,758 S Liberty Cove Drive
109005,0.0,0.0,2025-01-22,2024-11-01,224000,0,0,2025-03-14,224000.0,CONV,A-1176-0001-0013,1,1,0,0,1,1,1,660,1984,Paved,,464 N Hwy 143 #A113
109008,0.74,0.0,2025-01-23,2024-11-01,375000,0,0,2025-02-28,350000.0,CONV,D-1189-000A-0015,3,2,0,0,0,1,1,1582,1995,,Year Round,4051 W 475 N
109010,0.1,0.0,2025-04-01,2024-11-01,280000,0,7500,2025-04-30,272500.0,VA,B-1899-0005-000S,3,2,0,0,1,1,1,1261,2007,Paved,Year Round,898 S 110 W
109019,0.03,0.0,2025-03-28,2024-11-04,283000,0,0,2025-05-05,265000.0,CONV,B-1976-0022-0068,3,2,1,0,0,1,1,1489,2010,Paved,Year Round,1177 N Northfield #68
109044,0.41,100.0,2025-10-02,2024-11-05,695000,300,0,2025-11-18,630000.0,CONV,B-1114-0003-0008-041,4,2,1,0,3,1,1,3998,1988,Paved,,531 S 1840 W
109066,0.35,100.0,2025-07-17,2024-11-08,495000,1382,0,2025-07-28,465000.0,CASH,B-1388-0002-0007,3,3,0,0,2,1,1,3020,1994,Paved,Year Round,2224 W 30 N
109069,0.3,100.0,2024-11-07,2024-11-07,495900,1117,16000,2025-02-14,513465.0,CONV,B-2020-0059-0000,4,2,1,0,0,1,1,2536,2024,Paved,Year Round,4313 W 250 Lot 59 N
109090,0.25,100.0,2024-12-14,2024-11-08,499000,660,0,2025-01-24,467000.0,CONV,B-1176-0006-0003,4,3,1,0,2,1,1,2553,1998,Paved,Year Round,155 N Beacon Drive
109093,0.51,100.0,2024-12-17,2024-11-07,690000,2257,0,2025-01-14,690000.0,CONV,D-1209-000C-0012,7,4,0,0,1,1,1,4839,2009,Paved,,4466 W 1000 S
109095,0.27,0.0,2025-04-17,2024-11-08,698900,0,0,2025-05-29,670000.0,CASH,B-1827-0028-0000,3,2,1,0,2,1,1,2153,2007,Paved,Year Round,2570 W Carmel Canyon Drive
109100,0.0,0.0,2025-09-14,2024-11-09,174900,0,0,2025-10-14,160000.0,CASH,A-1178-0220-0000,1,1,0,0,1,1,1,624,1983,Paved,,150 W Ridge View #220 Street
109101,0.0,0.0,2025-04-11,2024-11-09,127500,0,0,2025-04-29,118000.0,CASH,A-1181-0202-0000,1,1,0,0,1,1,1,429,1972,Paved,Year Round,651 S Snowflake #202
109102,0.0,0.0,2025-08-27,2024-11-09,145000,0,0,2025-10-06,135000.0,CONV,A-1178-0104-0000,0,1,0,0,1,1,1,464,1983,Paved,,150 W Ridge View #104
109107,0.02,0.0,2025-01-04,2024-11-11,300000,0,0,2025-01-29,283525.0,CASH,B-1985-0002-0023,3,2,1,0,0,1,1,1610,2017,Paved,,1677 N Main Street Meadow Crest #23
109108,0.25,0.0,2025-01-23,2024-11-11,540000,0,10000,2025-02-24,540000.0,CONV,B-2016-0006-0000,4,2,1,0,0,1,1,2410,2024,Paved,,3309 W Spring Circle
109110,0.3,0.0,2025-02-10,2024-11-12,445000,0,0,2025-03-03,445000.0,CONV,B-2020-0016-0000,3,2,0,0,0,1,1,1795,2024,Paved,,4359 W 300 N Circle
109112,0.04,0.0,2025-02-14,2024-11-08,329900,0,0,2025-06-30,327500.0,CASH,B-2018-0049-0000,3,2,1,0,1,1,1,1804,2025,Paved,Year Round,2875 W Cody #49 Drive
109113,0.03,0.0,2025-01-13,2024-11-08,324900,0,0,2025-06-23,323900.0,CONV,B-2018-0049-0000,3,2,1,0,0,1,1,1810,2025,Paved,Year Round,2875 W Cody #50 Road
109119,3.0,0.0,2024-12-09,2024-11-12,595000,0,7500,2025-01-03,585000.0,CONV,D-1139-0005-0049,3,2,0,0,2,1,1,2543,2000,Paved,Year Round,1794 S Cross Hollow Drive
109121,0.27,0.0,2025-01-13,2024-11-12,400000,0,0,2025-02-14,382000.0,FHA,B-1400-0021-0000,3,2,0,0,0,1,1,1401,1996,Paved,Year Round,2153 W Cedar Hills Drive
109123,0.25,75.0,2025-02-03,2024-11-13,499900,485,0,2025-04-15,483000.0,CASH,B-1176-0007-0002,4,3,1,0,1,1,1,2224,1991,Paved,Year Round,101 N Cove Drive
109126,0.08,0.0,2024-12-31,2024-11-13,359900,0,6090,2025-01-29,355900.0,VA,B-1942-0003-000W,3,2,1,0,0,1,1,1676,2018,Paved,Year Round,463 W 2150 N
109129,0.43,0.0,2025-09-02,2024-11-13,347000,0,7000,2025-10-16,343000.0,CONV,A-0840-0007-0007,3,2,0,0,0,1,1,1250,1998,Paved,,4510 N Quickdraw Lane
109134,0.02,0.0,2025-01-15,2024-11-12,290990,0,0,2025-02-19,290990.0,CONV,B-1857-1139-0000,3,2,0,0,0,1,1,1399,2024,Paved,Year Round,562 S May 1139 Drive
109135,0.02,0.0,2024-12-13,2024-11-12,279990,0,0,2025-01-16,279990.0,CONV,B-1857-1138-0000,3,2,0,0,0,1,1,1300,2024,Paved,Year Round,568 S May 1138 Drive
109143,0.26,0.0,2025-01-20,2024-11-14,455000,0,5000,2025-02-10,455000.0,CONV,A-0990-0041-0000,3,2,0,0,1,1,1,1623,2024,Paved,,1142 E 4240 N (Lot 41 Phs 4 Settlers Square)
109146,0.57,0.0,2024-11-19,2024-11-14,779000,1713,0,2025-02-26,880000.0,CONV,B-1894-0009-0000,3,2,0,0,1,1,1,3660,2025,Paved,Year Round,1795 S 4150 W
109149,0.27,0.0,2025-01-27,2024-11-13,465000,0,0,2025-02-11,455000.0,CASH,B-2020-0096-0000,3,2,0,0,1,1,1,1650,2022,Paved,Year Round,4568 W 275 N
109155,0.51,100.0,2024-11-18,2024-11-14,674800,1801,0,2025-01-08,675000.0,CONV,D-1213-000E-0004,5,3,0,0,1,1,1,3602,2018,Paved,Year Round,1201 S 4175 W
109161,1.29,0.0,2025-09-22,2024-11-15,560000,0,0,2025-10-16,524000.0,CASH,D-0456-0935-0000,3,2,0,0,1,1,1,1580,2022,,Year Round,5377 N 4400 W
109162,0.28,100.0,2025-01-19,2024-11-15,419900,1061,0,2025-03-03,417000.0,VA,A-0274-0000-0000,5,2,0,0,0,1,1,2122,1955,Paved,Year Round,239 W Center Street
109167,0.22,0.0,2025-03-06,2024-11-16,289000,0,15000,2025-04-10,300000.0,FHA,B-1103-0013-0000,3,1,0,0,1,1,1,1294,1951,Paved,Year Round,174 Monterey Drive
109186,0.28,65.0,2025-03-03,2024-11-19,529000,1232,0,2025-04-08,500000.0,CONV,B-1769-0017-0000,5,2,1,0,1,1,1,3218,2010,Paved,Year Round,1102 E Fiddlers Canyon Road
109201,0.36,0.0,2025-01-02,2024-11-20,539900,0,0,2025-02-12,531000.0,CONV,D-0535-0011-0000,3,2,0,0,1,1,1,1782,2022,Paved,Year Round,2560 W 5190 N
109212,0.12,0.0,2025-01-27,2024-11-21,377395,0,9395,2025-02-26,377395.0,CASH,B-2029-0020-000E,3,2,0,0,0,1,1,1448,2024,Paved,Year Round,384 W Rosie Lot 20E Loop
109226,0.12,0.0,2025-02-19,2024-11-21,330000,0,0,2025-03-10,320000.0,FHA,B-1202-0002-000S,3,1,0,1,1,1,1,1550,2019,Paved,Year Round,878 S 25 W
109230,0.36,0.0,2024-11-21,2024-11-21,490000,0,0,2025-04-04,502775.0,CONV,B-2017-0053-0000,4,2,0,0,0,1,1,1864,2024,Paved,,184 N Sterling Dr (Lot 53 Phs 4 Crescent Hills)
109234,0.31,0.0,2024-11-30,2024-11-22,479900,0,0,2025-01-15,475000.0,CASH,A-1034-0015-0000,3,2,0,0,1,1,1,1632,2022,Paved,,4316 N Half Mile Road
109240,0.26,0.0,2025-03-03,2024-11-22,435000,0,10000,2025-03-28,415500.0,CONV,B-1208-0001-0002,4,3,0,0,0,1,1,2433,1984,Paved,Year Round,695 E Cobblecreek Drive
109244,0.57,0.0,2025-02-01,2024-11-22,485000,0,0,2025-02-21,480000.0,CONV,D-0565-0010-0000,3,2,0,0,0,1,1,1976,2024,Paved,Year Round,4468 N 2600 W
109250,0.17,0.0,2024-11-29,2024-11-25,375000,0,8500,2025-01-08,384000.0,FHA,B-1565-0055-0000,4,2,0,0,1,1,1,1544,1997,Paved,,57 N 4050 W
109255,0.16,0.0,2025-03-08,2024-11-27,365000,0,0,2025-03-28,358900.0,FHA,B-2042-0010-000E,3,2,1,0,0,1,1,1651,2024,Paved,,4529 W 300 N
109256,0.16,0.0,2025-09-09,2024-11-26,365000,0,0,2025-10-15,365000.0,FHA,B-2042-0008-000W,3,2,1,0,0,1,1,1651,2024,Paved,,4571 W 300 N
109261,0.5,100.0,2025-01-10,2024-11-26,425000,1087,2000,2025-02-14,409000.0,CONV,D-1189-000c-0004,4,3,0,0,0,1,1,2190,1995,Paved,Year Round,4133 W 525 N
109263,0.5,100.0,2025-05-14,2024-11-25,484000,1246,10000,2025-06-13,470000.0,FHA,D-0518-0038-0000,5,2,0,0,0,1,1,2492,2005,Paved,Year Round,2822 W 5300 N
109268,0.26,0.0,2024-12-02,2024-11-27,489900,0,6000,2025-03-04,499400.0,VA,A-1035-033A-0000,3,2,0,0,1,1,1,1582,2024,Paved,,4824 N 10 Lot 33 E
109274,1.02,100.0,2025-04-30,2024-11-27,1098900,2000,0,2025-05-30,1080000.0,CONV,B-1824-0002-0000,6,5,0,0,1,1,1,4700,2022,Paved,,4406 W 1650 S
109276,0.6,95.0,2025-01-24,2024-11-27,599900,2192,0,2025-03-31,585363.0,CONV,D-1213-000H-0008,5,3,0,0,1,1,1,4424,2008,Paved,Year Round,1262 S 4175 W
109284,0.03,0.0,2024-12-10,2024-12-02,309900,0,0,2025-01-07,309000.0,CONV,B-1958-0019-000A,3,2,1,0,0,1,1,1420,2022,Paved,,3053 N 175 E Street
109293,0.31,0.0,2024-12-03,2024-12-03,695000,0,0,2025-04-07,695000.0,CONV,B-2012-0815-0000,3,2,0,0,1,1,1,2281,2025,Paved,Year Round,1896 S Harvest Lane
109294,0.02,0.0,2025-01-24,2024-12-03,257000,0,7500,2025-03-06,257000.0,FHA,B-1891-0029-0000,3,2,1,0,0,1,1,1365,2007,Paved,,370 W 1425 #29 N
109297,0.32,0.0,2025-01-06,2024-12-03,465800,0,5000,2025-02-21,465800.0,CONV,A-1038-0004-0000,4,2,0,0,1,1,1,1993,2023,Paved,Year Round,5011 N Bald Eagle Drive
109308,0.44,0.0,2024-12-30,2024-12-04,455000,0,5500,2025-02-20,449500.0,CONV,A-2059-0003-0000,3,2,0,0,1,1,1,1819,2024,Paved,Year Round,285 S 1375 W
109310,0.03,0.0,2025-05-31,2024-12-04,79900,0,0,2025-06-17,73088.8,CASH,A-0504-0003-0003-09,1,1,0,0,1,1,1,300,2007,Paved,Year Round,309 Beth
109311,0.26,0.0,2024-12-16,2024-12-05,401800,0,2000,2025-01-31,401800.0,CONV,A-1043-0028-0000,3,2,0,0,0,1,1,1546,2024,Paved,Year Round,5040 N Sagewood Lane
109315,0.2,0.0,2024-12-06,2024-12-04,500000,1563,0,2025-02-27,577275.0,CASH,B-2017-0015-0000,3,2,0,0,1,1,1,3261,2024,Paved,,67 N Strathmore Ln (Lot 15 Phs 4 Crescent Hills)
109316,0.24,0.0,2025-02-24,2024-12-05,359900,0,10800,2025-03-28,363000.0,VA,B-0065-0124-0000,4,2,0,0,0,1,1,1600,2008,Paved,Year Round,393 N Foothill Drive
109325,1.28,100.0,2024-12-11,2024-12-06,669900,1064,3000,2025-01-13,667000.0,CONV,D-1024-0006-0007,3,3,0,0,3,2,1,2833,2003,,Year Round,849 E High Mountain View Drive
109329,0.14,0.0,2024-12-09,2024-12-06,417500,0,7500,2025-03-31,417500.0,FHA,B-2046-007S-0000,3,2,0,0,0,1,1,1758,2025,Paved,Year Round,1824 N Golden Eagle
109332,0.08,0.0,2024-12-12,2024-12-06,315000,0,0,2025-01-28,310000.0,CASH,B-1870-0074-000S,3,2,1,0,0,1,1,1700,2013,Paved,Year Round,2806 N Clark Parkway
109341,0.09,0.0,2024-12-12,2024-12-08,309900,0,550,2025-01-28,305000.0,CONV,B-1867-0006-000E,3,2,0,0,1,1,1,1303,2007,Paved,Year Round,432 W 2100 N
109349,0.26,0.0,2024-12-30,2024-12-09,469900,0,0,2025-02-13,469900.0,VA,A-0990-0040-0000,4,2,0,0,1,1,1,1864,2024,Paved,,1152 E 4240 N (Lot 40 Phs 4 Settlers Square)
109357,0.0,0.0,2025-02-28,2024-12-10,285500,0,0,2025-03-27,275000.0,CONV,A-1150-0004-0031,2,1,0,0,1,1,1,865,1971,Paved,Year Round,356 S Hwy 143 #J-33 (J4)
109362,1.07,100.0,2025-01-09,2024-12-11,399000,936,0,2025-05-23,330600.0,CONV,D-0941-0002-0017,5,3,0,0,2,1,1,2678,1976,Paved,,3765 W 800 N
109364,0.08,0.0,2025-01-23,2024-12-11,469900,0,600,2025-02-19,457750.0,CONV,B-2009-003A-0032,3,2,0,0,1,1,1,1648,2022,Paved,Year Round,2352 W Portal Hill Road Unit #32
109379,0.35,0.0,2024-12-12,2024-12-12,524220,0,0,2025-05-05,524220.0,CASH,D-0535-0008-0000,3,2,0,0,0,1,1,1782,2024,Paved,Year Round,2498 W 5190 Lot 8 N
109389,0.26,100.0,2024-12-18,2024-12-13,425000,990,1500,2025-02-18,415000.0,Assumption,B-1159-0003-0005,3,2,1,0,2,1,1,2730,1979,Paved,,2208 Saddleback Road
109391,0.47,0.0,2024-12-13,2024-12-13,549900,0,5000,2025-09-05,599890.0,CONV,A-1035-0023-0000,5,3,1,0,0,1,1,2634,2025,Paved,Year Round,83 E 4930 N Lot 23
109397,1.02,0.0,2024-12-27,2024-12-12,399999,0,600,2025-01-31,380000.0,CONV,E-0258-0017-0000,4,2,0,0,0,1,1,2250,2010,,Year Round,3343 S 5300 W
109399,0.25,0.0,2024-12-17,2024-12-13,475000,0,0,2025-02-28,479960.0,CONV,B-1857-0027-0020,3,2,0,0,1,1,1,1802,2025,Paved,Year Round,3619 W Benson Way
109401,0.37,95.0,2025-01-15,2024-12-13,475000,1083,5000,2025-03-06,453000.0,FHA,B-1388-0001-0007,3,3,0,0,0,1,1,2615,1994,Paved,,2376 W 30 N
109402,0.13,0.0,2024-12-20,2024-12-13,350000,0,5000,2025-01-21,355000.0,CONV,B-1832-0009-0000,3,2,1,0,1,1,1,1689,2006,Paved,,1326 W 1525 S
109407,0.02,0.0,2025-01-17,2024-12-16,245000,0,14000,2025-02-14,250000.0,FHA,B-1891-0013-0000,3,2,1,0,0,1,1,1365,2007,Paved,Year Round,370 W 1425 13 N
109411,0.35,0.0,2024-12-16,2024-12-16,734235,0,0,2025-04-30,734700.0,CASH,D-0535-0006-0000,5,3,1,0,1,1,1,2820,2024,Paved,Year Round,2442 W 5190 Lot 6 N
109413,0.12,0.0,2025-01-17,2024-12-16,315000,0,0,2025-02-13,0.0,CONV,B-2038-0005-000E,3,2,0,0,0,1,1,1176,2025,Paved,Year Round,529 W 2360 N
109415,0.14,0.0,2024-12-16,2024-12-16,370519,0,0,2025-02-10,376734.96,CONV,B-2029-0024-000W,3,2,0,0,0,1,1,1448,2024,Paved,Year Round,371 W Rosie Lot 24 W Loop
109423,0.19,0.0,2025-01-24,2024-12-17,436900,0,0,2025-02-25,436900.0,CONV,B-2002-0032-0000,3,2,0,0,0,1,1,1525,2019,Paved,,136 N Hartford Dr
109428,0.41,0.0,2025-06-05,2024-12-17,465000,0,10000,2025-06-20,465000.0,CONV,A-1041-0003-0000,3,2,0,0,0,1,1,1637,2025,Paved,Year Round,1836 E 5250 N
109429,0.41,0.0,2025-01-16,2024-12-17,425000,0,0,2025-03-24,425000.0,CASH,A-1041-0004-0000,3,2,0,0,0,1,1,1549,2025,Paved,Year Round,1848 E 5250 N
109430,0.2,0.0,2024-12-17,2024-12-17,396380,0,0,2025-02-06,396380.0,CONV,B-2029-0022-000W,3,2,0,0,0,1,1,1448,2024,Paved,Year Round,403 W Rosie Lot 22W Loop
109431,0.42,85.0,2025-03-26,2024-12-16,369000,784,0,2025-04-24,345000.0,CASH,B-0065-0007-0000,4,1,0,1,1,1,1,1603,1942,Paved,,539 E Center Street
109440,0.77,100.0,2024-12-30,2024-12-18,360000,1100,5000,2025-01-31,360000.0,FHA,E-1131-0017-0000,5,2,0,0,0,1,1,2200,1985,,Year Round,122 E Center Street
109459,4.99,100.0,2025-04-04,2024-12-21,579000,1232,0,2025-05-01,507500.0,CASH,D-0532-0001-0000,4,3,0,0,2,1,1,2838,1983,Paved,Year Round,2300 W 5300 N
109461,0.54,100.0,2025-03-03,2024-12-20,385000,900,0,2025-03-17,325000.0,CASH,A-0779-0055-0001,4,2,0,0,0,1,1,1829,1979,Paved,Year Round,4593 N Wagon Wheel
109462,0.0,0.0,2025-02-28,2024-12-23,139900,0,0,2025-03-10,130000.0,CASH,A-1197-000B-0115,0,1,0,0,0,1,1,375,1984,Paved,Year Round,223 Hunter Ridge #b115
109466,0.02,0.0,2025-05-16,2024-12-23,264900,0,6500,2025-06-18,260000.0,VA,B-1386-0063-0000,2,2,1,0,0,1,1,1424,2020,Paved,Year Round,1582 S Quartz Unit A Drive
109467,0.44,100.0,2025-01-03,2024-12-24,425000,1200,18000,2025-02-07,425000.0,FHA,D-0621-0001-0003-01,4,2,0,0,1,1,1,2400,1974,Unimproved,,2608 W 3275 N
109468,0.02,0.0,2025-01-08,2024-12-26,290990,0,0,2025-02-13,290990.0,FHA,B-1857-1122-0000,3,2,0,0,0,1,1,1399,2024,Paved,Year Round,581 S May 1122 Drive
109469,0.02,0.0,2025-01-03,2024-12-26,284990,0,0,2025-02-06,284990.0,CASH,B-1857-1124-0000,3,2,0,0,0,1,1,1399,2024,Paved,Year Round,587 S May 1124 Drive
109470,0.02,0.0,2025-01-03,2024-12-26,284990,0,0,2025-02-06,284990.0,CASH,B-1857-1125-0000,3,2,0,0,0,1,1,1399,2024,Paved,Year Round,591 S May Drive 1125
109471,0.02,0.0,2025-01-20,2024-12-26,279990,0,0,2025-02-24,279990.0,FHA,B-1857-1123-0000,3,2,0,0,0,1,1,1310,2024,Paved,Year Round,583 S May 1123 Drive
109472,0.02,0.0,2025-02-19,2024-12-26,279990,0,0,2025-03-20,279990.0,CONV,B-1857-1126-0000,3,2,0,0,0,1,1,1300,2024,Paved,Year Round,595 S May Drive 1126
109474,0.02,0.0,2025-01-09,2024-12-26,290990,0,0,2025-02-25,290990.0,CONV,B-1857-1127-0000,3,2,0,0,0,1,1,1399,2024,Paved,Year Round,597 S May Drive 1127
109475,0.11,0.0,2025-03-25,2024-12-24,450000,0,0,2025-05-06,415075.0,CONV,B-1895-0016-0000,3,2,0,0,1,1,1,1419,2021,Paved,Year Round,2426 W Crescent Heights Dr Drive
109476,5.0,0.0,2025-01-09,2024-12-26,340000,0,6600,2025-02-15,325000.0,FHA,D-0502-0001-0027,3,2,0,0,1,1,1,1756,1998,Unimproved,,2781 W 5900 N
109488,0.36,90.0,2025-01-07,2024-12-31,499000,875,0,2025-04-04,499000.0,CONV,B-1132-0007-0031,5,3,1,0,0,1,1,2657,1993,Paved,,617 S St James Place
109490,0.43,0.0,2025-01-12,2024-12-31,499999,1549,0,2025-02-27,499999.0,CONV,A-0956-0146-0000,3,2,0,0,1,1,1,3108,2022,Paved,Year Round,4277 Half Mile Road
109491,0.18,100.0,2025-03-06,2025-01-01,310000,1008,1500,2025-05-28,290000.0,CONV,A-0511-0005-0017,5,2,0,0,1,1,1,2016,1978,Paved,Year Round,273 S 750 W
109492,0.5,0.0,2025-01-14,2025-01-01,365000,0,10000,2025-02-18,367000.0,FHA,D-0518-0049-0001,3,2,0,0,0,1,1,1183,2024,Paved,Year Round,5369 N 3000 West W
109493,0.18,0.0,2025-01-15,2024-12-30,406000,0,0,2025-02-14,410000.0,CONV,B-1870-0144-0001,3,2,0,0,0,1,1,1550,2018,Paved,,2621 N Shady Place Place
109497,0.0,0.0,2025-04-10,2025-01-02,130000,0,0,2025-05-01,121750.0,CASH,AZFLY21A07826DV13,4,2,0,0,0,1,1,1458,2000,Paved,,780 W 1125 #12 N
109499,0.0,100.0,2025-02-23,2025-01-02,626500,193,0,2025-03-25,620000.0,CONV,A-1207-0003-010G,2,2,1,0,1,1,1,1683,2006,Paved,Year Round,565 Vasels #10G
109507,0.21,80.0,2025-01-21,2025-01-03,338000,900,5000,2025-02-28,310000.0,CASH,B-0031-0002-0003,4,2,0,0,1,1,1,1800,1975,Paved,Year Round,351 N 800 W
109512,0.04,0.0,2025-02-26,2025-01-03,134900,0,0,2025-03-18,134900.0,CONV,A-0504-0003-0002-24,2,1,0,0,0,1,1,616,1990,Paved,Year Round,224 Raquel
109513,0.12,0.0,2025-01-08,2025-01-04,324900,0,0,2025-01-28,324400.0,CASH,B-1791-0005-0000,3,2,0,0,0,1,1,1290,2005,Paved,Year Round,1421 S Northern View Drive
109523,0.02,0.0,2025-01-07,2025-01-06,250000,0,2000,2025-02-06,250000.0,CONV,B-1917-0016-0000,3,2,1,0,0,1,1,1365,2008,Paved,,340 W 1425 #97 N
109525,0.46,0.0,2025-05-13,2025-01-07,499000,0,10000,2025-06-11,499000.0,CONV,B-2020-0081-0000,4,2,1,0,1,1,1,1925,2025,Paved,Year Round,4308 W 200 CIR N
109539,1.3,0.0,2025-01-21,2025-01-07,315000,0,10000,2025-02-19,310000.0,VA,D-0456-0626-0000,3,2,0,0,1,1,1,1377,1999,Paved,Year Round,5520 N 3575 W
109545,0.28,100.0,2025-01-29,2025-01-09,525000,1392,10000,2025-02-25,521000.0,CONV,B-1604-0031-0000,6,4,0,0,0,2,1,3381,1999,Paved,Year Round,422 W 1600 N
109550,0.1,0.0,2025-02-10,2025-01-06,234900,0,5800,2025-03-07,240000.0,CONV,B-1893-0005-0000,2,1,0,0,0,1,1,768,2007,Paved,,1896 N 1600 North Access Road
109553,0.14,0.0,2025-10-13,2025-01-09,417500,0,8000,2025-11-13,417500.0,CONV,B-2046-002S-0000,3,2,0,0,0,1,1,1758,2025,Paved,Year Round,1840 N Golden Eagle
109554,0.03,0.0,2025-02-11,2025-01-09,319900,0,0,2025-03-12,0.0,FHA,B-1436-0005-0000,3,2,1,0,0,1,1,1625,2024,Paved,,4283 W HWY 56 #5
109556,0.0,0.0,2025-02-11,2025-01-10,180000,0,0,2025-03-13,175000.0,CASH,B-1805-000A-0007,3,2,0,0,0,1,1,866,1992,Paved,,576 W 1045 #A-7 N
109562,0.28,0.0,2025-01-10,2025-01-10,495000,1640,0,2025-06-17,501050.0,CASH,A-0990-0029-0000,3,2,0,0,0,1,1,3458,2025,Paved,,1031 E 4240 (Lot 29 Phs 4 Settlers Square) N
109564,0.31,90.0,2025-01-15,2025-01-10,264900,1260,0,2025-01-24,276587.0,CASH,B-1113-0008-0010,4,2,0,0,1,1,1,2632,1974,Paved,Year Round,38 S 1650 W
109567,0.6,0.0,2025-03-13,2025-01-10,399900,0,0,2025-04-18,392000.0,CONV,A-0874-0000-000G-20,4,2,0,0,0,1,1,1492,1997,Paved,,4317 N Golden Leaf Circle
109568,1.33,100.0,2025-01-22,2025-01-08,449000,0,15000,2025-02-20,449000.0,FHA,A-0507-0009-0000,3,2,0,0,0,1,1,1500,1997,Paved,,618 W Old Hwy 91
109571,2.13,100.0,2025-08-21,2025-01-11,843500,1833,0,2025-09-26,812500.0,CONV,D-1139-0010-0119,6,4,1,0,1,1,1,3638,2004,Paved,Year Round,1133 S Canyon Drive
109574,0.46,0.0,2025-05-07,2025-01-13,570000,1600,0,2025-06-05,550000.0,CONV,A-0907-0006-0000,3,2,0,0,0,1,1,3200,2025,Paved,Year Round,4240 N Tomahawk Lot 6 Drive
109575,0.26,0.0,2025-02-02,2025-01-13,620000,0,10000,2025-02-13,620000.0,CONV,B-2020-0084-0000,4,2,1,0,1,1,1,2238,2025,,Year Round,4341 W 200 N
109580,0.24,0.0,2025-01-19,2025-01-13,617900,0,0,2025-02-18,612000.0,CASH,B-2039-0005-0000,4,2,0,0,1,2,1,2049,2025,Paved,Year Round,2331 S Canyon Circle
109583,0.41,0.0,2025-04-20,2025-01-13,499900,0,0,2025-05-28,493000.0,CASH,A-0944-0037-0000,4,3,0,0,1,1,1,2614,2007,Paved,,3790 N 170 E
109587,0.23,100.0,2025-03-12,2025-01-13,549999,1600,0,2025-04-04,550000.0,VA,B-1866-0041-0000,6,3,0,0,1,1,1,3200,2014,Paved,Year Round,4002 W 175 S
109590,0.24,100.0,2025-06-14,2025-01-14,319500,1256,0,2025-07-11,252000.0,CASH,B-0065-0058-0000,5,3,0,0,2,1,1,2512,1966,Paved,,252 Highland Drive
109592,0.18,100.0,2025-03-27,2025-01-14,425000,918,2500,2025-04-29,405000.0,CONV,B-0045-0073-0000,3,2,0,0,2,1,1,2028,1951,Paved,Year Round,67 N 1150 W
109596,0.23,20.0,2025-06-19,2025-01-14,478000,1489,0,2025-08-12,469900.0,CASH,B-1785-0016-0000,2,2,0,0,1,1,1,3036,2006,Paved,,242 S Marble Canyon Drive
109597,0.28,0.0,2025-01-14,2025-01-14,526675,1795,0,2025-05-30,547706.0,CONV,A-0990-0028-0000,4,2,0,0,1,1,1,3782,2025,Paved,,1023 E 4240 (Lot 28 Phs 4 Settlers Square) N
109599,0.26,0.0,2025-02-15,2025-01-14,400000,1381,10000,2025-03-14,395000.0,CONV,A-0917-0103-0000,3,2,0,0,0,1,1,2762,2009,Paved,,2126 E Ravine Road
109600,0.41,0.0,2025-01-18,2025-01-14,469000,0,4900,2025-02-28,469900.0,VA,A-0917-0036-0000,3,2,0,0,0,1,1,1656,2024,Paved,,1972 E Cedar Berry Lane
109603,0.54,100.0,2025-03-04,2025-01-15,339900,1008,7913,2025-03-11,328000.0,CONV,A-0779-0030-0001,6,2,0,0,0,1,1,2016,1976,Paved,,4766 N Pioneer Drive
109611,0.08,0.0,2025-01-28,2025-01-14,245000,0,0,2025-02-28,245000.0,CONV,B-0360-0002-000A-15,2,2,0,0,0,1,1,1073,1998,Paved,Year Round,334 S 400 #15 E
109612,0.03,0.0,2025-02-11,2025-01-16,179000,0,0,2025-03-21,164500.0,CONV,A-1182-000A-0106,1,1,0,0,1,1,1,655,1991,Paved,,286 W Eagles Roost #A- 106 Street
109613,0.54,0.0,2025-03-03,2025-01-16,375000,0,10000,2025-07-25,375000.0,CONV,A-0779-0077-0000,4,2,0,0,0,1,1,2108,1979,Paved,Year Round,1668 E Homestead Boulevard
109620,7.25,0.0,2025-02-05,2025-01-16,550000,0,0,2025-03-14,550000.0,CONV,E-0231-0020-0000,4,2,0,0,1,1,1,1596,2017,Paved,Year Round,1720 S 7700 W
109623,0.42,95.0,2025-01-21,2025-01-17,299900,1127,0,2025-02-12,260000.0,CASH,A-0780-0000-000E-05,5,2,1,0,0,1,1,2254,1993,Paved,,4908 N Mule Train Drive
109625,0.25,0.0,2025-07-28,2025-01-17,424900,0,8015,2025-08-28,424900.0,CONV,A-1035-0032-0000,3,2,0,0,0,1,1,1576,2025,Paved,Year Round,4838 N 10 E
109628,1.95,0.0,2025-04-24,2025-01-17,630000,0,10000,2025-06-19,630000.0,CONV,E-0842-0008-000D-032,3,2,1,0,1,1,1,2719,2020,,Year Round,17898 W Granite Lane
109644,0.3,100.0,2025-01-20,2025-01-17,239900,872,0,2025-02-11,244000.0,CASH,B-0310-0000-0000,3,2,0,0,0,1,1,1744,1931,Paved,,270 S 100 E
109656,0.12,0.0,2025-01-23,2025-01-21,330900,0,0,2025-02-25,316875.0,CASH,B-1791-0003-0001,3,2,0,0,0,1,1,1290,2005,Paved,Year Round,1397 S Northern View Drive
109657,0.3,0.0,2025-01-21,2025-01-21,525000,0,0,2025-04-30,559123.0,VA,B-2020-0063-0000,3,2,0,0,1,1,1,1907,2025,Paved,Year Round,4491 W 250 Lot 63 N
109658,0.26,100.0,2025-01-21,2025-01-21,499000,1117,0,2025-04-30,539833.0,CONV,B-2020-0088-0000,5,2,1,0,0,1,1,2536,2025,Paved,Year Round,4423 W 200 Lot 88 N
109666,0.5,0.0,2025-02-11,2025-01-20,555000,0,0,2025-03-04,540000.0,CASH,D-1213-000C-0012,4,3,0,0,1,1,1,2014,2007,Paved,Year Round,1213 S 4475 W
109669,0.04,0.0,2025-01-21,2025-01-21,324000,0,2000,2025-02-21,310000.0,CASH,B-1135-000G-013A,3,2,0,0,1,1,1,1452,2020,Paved,,1121 Cedar Knolls #13 Street
109673,0.3,0.0,2025-10-15,2025-01-21,639999,0,0,2025-11-21,625000.0,CASH,B-2012-0424-0000,4,2,1,0,1,1,1,2224,2025,Paved,,2906 W Rock Ridge Road
109677,0.02,0.0,2025-02-24,2025-01-22,294000,0,0,2025-03-27,294000.0,CONV,B-2015-0056-0000,3,2,1,0,0,1,1,1480,2024,Paved,Year Round,3181 W 1675 #A N
109679,0.31,100.0,2025-01-29,2025-01-23,369000,341,10000,2025-02-21,359000.0,CONV,A-0116-0001-0000,3,2,0,0,1,1,1,1960,1947,Paved,Year Round,210 S 100 E
109680,0.21,0.0,2025-04-17,2025-01-21,434500,0,0,2025-05-23,430000.0,CASH,D-1224-0016-0000,3,2,0,0,0,1,1,1550,2025,Paved,Year Round,1967 W 4700 N
109683,0.23,0.0,2025-02-21,2025-01-21,419500,0,7000,2025-03-21,424500.0,CONV,D-1224-0017-0000,3,2,0,0,0,1,1,1612,2025,Paved,Year Round,1943 W 4700 N
109691,0.25,100.0,2025-01-23,2025-01-23,501900,0,0,2025-05-01,514200.0,CONV,B-2031-0020-0000,4,2,0,0,1,1,1,1871,2025,Paved,Year Round,1068 N Reese Street
109699,0.02,0.0,2025-02-22,2025-01-24,259900,0,0,2025-03-06,256180.0,CASH,B-1955-0030-000E,3,2,1,0,1,1,1,1578,2007,Paved,Year Round,1288 N North Cedar Blvd #30
109700,0.26,100.0,2025-04-25,2025-01-24,739900,2182,15000,2025-05-23,735000.0,CONV,B-1761-0006-0000,6,3,1,0,2,2,1,4741,2013,Paved,Year Round,605 S 2475 W
109708,1.09,100.0,2025-01-28,2025-01-24,529000,780,0,2025-03-07,544000.0,CONV,A-1150-0005-0001-04,1,1,1,0,1,1,1,1560,2018,Paved,,290 W Eagles Roost Street
109711,0.19,0.0,2025-02-12,2025-01-25,465000,0,5000,2025-04-04,465000.0,CONV,B-2010-0020-0000,4,2,1,0,0,1,1,2118,2021,Paved,Year Round,2723 W Sterling Drive
109723,0.11,100.0,2025-03-21,2025-01-27,339900,618,10000,2025-05-08,347400.0,VA,B-1562-0003-0000,4,3,1,0,0,1,1,2148,1999,Paved,Year Round,183 E 820 S
109735,0.25,0.0,2025-03-14,2025-01-27,419000,0,0,2025-04-05,413000.0,FHA,A-1035-0006-0000,3,2,0,0,0,1,1,1500,2025,Paved,Year Round,4911 N 10 E
109738,0.52,0.0,2025-02-27,2025-01-27,375000,0,0,2025-03-28,374000.0,CONV,D-0527-0001-0002-25,4,2,0,0,0,1,1,1782,1999,Paved,Year Round,4889 N 2700 W
109740,0.18,0.0,2025-02-26,2025-01-29,545000,1718,0,2025-04-30,545000.0,CONV,B-2016-0015-0000,3,2,0,0,0,1,1,3337,2025,Paved,,3343 W Sun W Circle
109742,0.26,0.0,2025-02-11,2025-01-28,434900,0,0,2025-03-07,425000.0,CASH,A-0798-0009-0000,3,2,0,0,0,1,1,1769,2024,Paved,Year Round,878 E Winchester Drive
109747,0.0,0.0,2025-02-10,2025-01-28,169000,0,0,2025-02-25,0.0,CASH,A-1178-0219-0000,1,1,0,0,1,1,1,624,1983,Paved,,150 W Ridge View Street #219
109754,0.13,0.0,2025-01-29,2025-01-29,421100,0,0,2025-06-20,421100.0,CASH,B-2046-005S-0000,3,2,0,0,0,1,1,1743,2025,Paved,Year Round,1828 N Bald Eagle
109755,0.03,80.0,2025-02-05,2025-01-29,360390,632,0,2025-04-21,360390.0,CONV,B-1857-1168-0000,3,2,1,0,0,1,1,2205,2025,Paved,Year Round,564 S Rockwell Lane #1168
109757,0.02,80.0,2025-01-29,2025-01-29,354990,632,0,2025-02-10,354390.0,VA,B-1857-1169-0000,3,2,1,0,0,1,1,2205,2025,Paved,Year Round,566 S Rockwell Lane 1169
109758,0.02,100.0,2025-05-30,2025-01-29,349900,405,0,2025-06-30,351900.0,CONV,B-2041-0005-000C,4,3,1,0,0,1,1,2272,2025,Paved,Year Round,665 E 2015 #5C N
109759,0.02,100.0,2025-04-11,2025-01-29,349900,405,0,2025-05-02,349900.0,CASH,B-2041-0005-000D,4,3,1,0,0,1,1,2272,2025,Paved,Year Round,665 E 2015 #5D N
109765,0.11,0.0,2025-03-20,2025-01-30,399900,0,5000,2025-05-21,399900.0,FHA,B-2026-011A-0000,5,3,0,0,0,1,1,2101,2025,Paved,Year Round,752 S Liberty Cove Drive
109773,0.14,0.0,2025-05-08,2025-01-30,383545,0,5000,2025-06-06,383545.0,CONV,B-2029-0022-000E,3,2,0,0,0,1,1,1448,2025,Paved,Year Round,397 W Rosie Loop Lot 22E
109774,0.14,0.0,2025-02-25,2025-01-30,380345,0,0,2025-03-14,380345.0,VA,B-2029-0024-000E,3,2,0,0,0,1,1,1448,2025,Paved,,363 W Rosie Loop Lot 24E
109776,0.57,0.0,2025-01-29,2025-01-29,484637,0,0,2025-01-29,484637.0,CASH,D-0565-0008-0000,3,2,0,0,0,1,1,1580,2024,Paved,Year Round,4424 N 2600 W
109777,0.5,0.0,2025-02-12,2025-01-29,350000,0,10000,2025-03-18,349250.0,Utah Hsng,D-0518-0043-0025,4,2,0,0,0,1,1,1742,1999,Paved,Year Round,5358 N 2950 W
109788,0.28,35.0,2025-02-07,2025-01-31,500000,1547,0,2025-05-07,525000.0,FHA,A-0990-0034-0000,5,3,0,0,1,1,1,3313,2025,Paved,,1091 E 4240 N (Lot 34 Phs 4 Settlers Square)
109792,3.72,0.0,2025-08-11,2025-02-01,310000,166,15000,2025-09-12,315000.0,FHA,E-1606-0004-00CL,3,1,0,0,0,1,1,1404,1949,,Year Round,1980 W 3600 N
109794,0.26,0.0,2025-08-07,2025-01-31,445000,0,6000,2025-08-20,445000.0,FHA,A-0798-0003-0000,3,2,0,0,0,1,1,1785,2025,Paved,Year Round,960 E Winchester Drive
109797,0.12,0.0,2025-01-30,2025-01-30,381085,0,0,2025-01-31,381085.0,CONV,B-2029-0020-000W,3,2,0,0,0,1,1,1448,2025,Paved,,392 W Rosie Loop
109798,0.2,0.0,2025-05-15,2025-01-31,320000,0,0,2025-06-30,310000.0,FHA,B-0166-0004-0000,4,2,0,0,1,1,1,1316,1941,Paved,Year Round,237 N 600 W
109826,0.3,0.0,2025-03-10,2025-02-03,469500,1533,0,2025-03-28,447000.0,CONV,B-1857-0027-0001,3,2,0,0,0,1,1,3066,2021,Paved,Year Round,3614 Foundation Trail
109828,0.22,100.0,2025-06-18,2025-02-03,635000,1732,0,2025-07-15,610000.0,VA,B-1732-0007-0000,5,3,0,0,2,1,1,3464,2003,Paved,Year Round,2279 W Crestview Circle
109842,0.03,0.0,2025-08-27,2025-02-04,190000,0,500,2025-09-22,188000.0,CONV,A-1182-000D-0101,1,1,1,0,1,1,1,750,1991,Paved,Year Round,286 W Eagles Roost #d-101 Street
109849,0.0,0.0,2025-05-14,2025-02-05,119900,0,0,2025-06-20,114500.0,CASH,0,3,2,0,0,0,1,1,1083,1995,Paved,Year Round,780 W 1125 #14 N
109854,0.96,100.0,2025-02-25,2025-02-05,575000,1232,0,2025-03-25,562500.0,CONV,D-0938-0001-0023,6,4,0,0,0,1,1,3756,1985,Paved,Year Round,3859 W 625 N
109858,0.12,0.0,2025-03-26,2025-02-05,434135,0,0,2025-06-23,430000.0,VA,B-2050-0046-000W,4,3,0,0,0,1,1,2024,2025,Paved,,352 W Rosie Loop 46W
109860,0.02,0.0,2025-03-27,2025-02-05,299990,0,0,2025-04-10,299990.0,CASH,B-1857-1128-0000,3,2,0,0,0,1,1,1399,2025,Paved,Year Round,598 S May Dr 1128
109866,0.26,0.0,2025-02-11,2025-02-05,450000,0,7000,2025-03-14,447000.0,CONV,B-1858-0016-0000,4,3,0,0,0,1,1,1966,2013,Paved,,317 S Glen Canyon Drive
109876,0.17,100.0,2025-02-08,2025-02-06,350000,960,15000,2025-03-19,350000.0,FHA,B-0001-0009-0019-262,4,2,0,0,1,1,1,1954,1979,Paved,Year Round,324 W 1725 N
109877,0.5,0.0,2025-02-19,2025-02-06,469900,0,10649,2025-03-17,475000.0,CONV,D-1209-000B-0021,3,2,0,0,1,1,1,1875,2006,Paved,Year Round,831 S 4425 W
109880,0.16,0.0,2025-02-11,2025-02-06,330000,0,0,2025-03-12,335000.0,FHA,B-1565-0059-0000,3,2,0,0,1,1,1,1202,1996,Paved,Year Round,4087 W 75 N
109886,0.16,100.0,2025-04-09,2025-02-06,509000,1613,0,2025-05-15,495000.0,CONV,B-1803-0026-0000,5,3,0,0,0,1,1,3226,2006,Paved,Year Round,90 N 4275 W
109899,0.16,100.0,2025-02-20,2025-02-06,339900,0,0,2025-03-24,339000.0,FHA,B-1604-0014-0000,4,2,1,0,0,1,1,2003,1998,Paved,,579 W 1525 N
109900,19.66,0.0,2025-03-04,2025-02-06,509000,0,0,2025-04-10,465000.0,FHA,D-0495-0002-0000,4,2,1,0,0,1,1,2045,1997,Unimproved,,5953 N 1700 W
109902,0.46,0.0,2025-02-24,2025-02-07,675000,0,0,2025-03-25,650000.0,CONV,A-4000-0007-0000,3,2,1,0,0,1,1,3270,2005,,Year Round,265 W 200 N
109904,0.02,0.0,2025-09-12,2025-02-07,229999,0,0,2025-10-15,228000.0,CONV,B-1960-0004-000A,3,2,1,0,0,1,1,1258,2007,Paved,Year Round,920 S 25 #4A E
109913,0.0,0.0,2025-07-03,2025-02-07,64000,0,0,2025-08-11,64000.0,CASH,UT006105742,4,2,0,0,0,1,1,1209,1964,Paved,Year Round,1027 N Main Street
109917,0.0,0.0,2025-09-06,2025-02-09,265000,0,0,2025-10-08,250000.0,CONV,A-1176-0003-0013,1,2,0,0,1,1,1,940,1984,Paved,,464 N 143 Hwy #a313
109928,0.86,0.0,2025-02-25,2025-02-10,764900,0,0,2025-03-28,740000.0,CONV,B-2023-0011-0000,4,3,0,0,1,1,1,2435,2025,Paved,Year Round,1747 S 4250 W
109930,0.3,0.0,2025-03-27,2025-02-11,565000,0,0,2025-04-09,575000.0,CASH,B-2020-0062-0000,3,2,1,0,1,1,1,1996,2025,Paved,,4361 W 250 N Circle
109933,0.0,0.0,2025-03-24,2025-02-11,128500,0,4000,2025-04-25,120000.0,CONV,A-1181-0106-0000,1,1,0,0,1,1,1,429,1972,,Year Round,651 S Snowflake #106 Lane
109934,0.0,0.0,2025-09-15,2025-02-11,375000,0,0,2025-10-15,360000.0,Other,A-1173-0008-0000,2,2,0,0,1,1,1,930,1981,Paved,Year Round,407 S Vasels #8 Road
109935,0.3,0.0,2025-02-11,2025-02-11,650000,0,0,2025-04-30,650000.0,VA,B-2012-0912-0000,3,2,0,0,1,1,1,2145,2025,Paved,Year Round,1761 S Grace Lane
109936,0.27,100.0,2025-05-21,2025-02-11,725000,2275,10000,2025-06-23,690000.0,VA,B-1857-0027-0058,6,4,2,0,1,1,1,4439,2022,Paved,Year Round,3580 W Sevy Street
109937,0.28,0.0,2025-08-20,2025-02-11,779500,0,10000,2025-09-22,779500.0,CONV,B-2012-0918-0000,3,2,1,0,1,1,1,2500,2025,Paved,Year Round,1774 S Grace Lane
109938,0.3,0.0,2025-08-15,2025-02-11,674000,0,0,2025-08-27,674000.0,CONV,B-2012-0911-0000,3,2,1,0,1,1,1,2054,2025,Paved,Year Round,1777 S Grace Lane
109963,0.25,10.0,2025-03-29,2025-02-12,500000,1542,0,2025-04-24,500000.0,FHA,A-0976-0042-0000,3,3,0,0,1,1,1,3260,2021,Paved,,1362 E Southern Homestead Blvd
109987,0.41,25.0,2025-04-06,2025-02-13,499000,1848,15000,2025-05-09,485000.0,FHA,A-0945-0059-0000,4,3,0,0,1,1,1,3729,2020,Paved,Year Round,5055 N 500 E
109988,0.26,0.0,2025-06-17,2025-02-14,600000,0,10000,2025-07-30,580000.0,CONV,B-2020-0090-0000,4,2,1,0,1,1,1,2546,2025,Paved,,4461 W 200 N
109992,0.03,80.0,2025-02-21,2025-02-13,360390,632,0,2025-03-31,360390.0,CASH,B-1857-1173-0000,3,2,1,0,0,1,1,2205,2025,Paved,Year Round,578 S Rockwell Lane #1173
110007,0.27,100.0,2025-06-07,2025-02-13,565000,1440,0,2025-07-10,560000.0,CONV,B-1741-0009-0000,5,3,1,0,1,1,1,3350,2004,Paved,,981 E Nichols Canyon Road
110010,0.12,0.0,2025-03-02,2025-02-14,324900,0,7000,2025-03-26,324900.0,FHA,B-1838-0001-0000,4,1,1,1,0,1,1,1749,2006,Paved,,1007 W Brook Street
110021,1.28,0.0,2025-04-08,2025-02-14,450000,0,11800,2025-05-09,452000.0,FHA,A-0621-0000-0000,3,2,0,0,0,1,1,1616,1929,,Year Round,86 E 200 S
110024,0.0,0.0,2025-09-28,2025-02-14,129900,0,0,2025-10-10,129900.0,CASH,A-1176-000B-0209,0,1,0,0,1,1,1,420,1984,Paved,Year Round,464 N Hwy 143 #B209
110033,0.16,0.0,2025-05-05,2025-02-14,449900,0,0,2025-06-02,449900.0,CONV,B-2033-0034-0000,5,3,0,0,1,1,1,2020,2025,Paved,Year Round,3323 W Indigo Street
110046,0.26,100.0,2025-03-18,2025-02-15,405000,1308,0,2025-04-15,405000.0,FHA,B-1154-0001-0020,5,3,0,0,1,1,1,2636,1977,Paved,,979 W Cedar Knolls South
110065,0.36,0.0,2025-04-01,2025-02-18,549900,0,0,2025-04-22,545000.0,FHA,B-1812-0045-0000,3,3,0,0,1,1,1,2713,2007,Paved,,1222 E Nichlos Canyon Road
110070,0.03,0.0,2025-08-28,2025-02-19,320000,0,0,2025-10-24,316000.0,CASH,B-1848-0003-0020,3,2,1,0,0,1,1,1672,2019,Paved,Year Round,3081 W 1725 #20 N
110071,0.0,98.0,2025-03-25,2025-02-19,299900,1196,0,2025-04-23,298000.0,CONV,B-1151-0001-0004-026,4,3,0,0,2,1,1,2392,1977,Paved,,991 S Three Fountains Drive
110072,0.13,0.0,2025-04-04,2025-02-19,319990,0,4000,2025-05-12,319990.0,CONV,B-2033-0028-000S,3,2,0,0,0,1,1,1363,2025,Paved,Year Round,1129 N Sage 1077 Street
110073,0.13,0.0,2025-04-04,2025-02-19,319990,0,5000,2025-05-12,319990.0,CONV,B-2033-0028-000N,3,2,0,0,0,1,1,1363,2025,Paved,Year Round,1135 N Sage Street 1076
110074,0.23,100.0,2025-04-03,2025-02-19,530000,1485,12000,2025-05-05,520000.0,FHA,D-1216-0065-0000,5,3,0,0,0,1,1,2970,2019,Paved,Year Round,2252 W 3625 N | 2252 Gallant Fox
110089,0.42,0.0,2025-06-02,2025-02-20,574999,1714,7397,2025-06-26,581500.0,CONV,D-1210-0030-00AM,3,2,0,0,1,1,1,3428,2020,,Year Round,3794 N Monarch Drive
110096,0.2,90.0,2025-02-21,2025-02-21,594750,1563,0,2025-07-25,626326.0,CONV,B-2017-0030-0000,5,3,0,0,1,1,1,3261,2025,Paved,,191 N Sterling Dr. (Lot 30 Phs 4 Crescent Hills)
110098,0.02,100.0,2025-06-27,2025-02-21,354900,405,4000,2025-06-27,350000.0,CONV,B-2041-0005-000E,4,3,1,0,0,1,1,2272,2025,Paved,Year Round,665 E 2015 #5E N
110103,0.31,25.0,2025-04-28,2025-02-21,554999,1489,8500,2025-06-05,563499.0,CONV,B-1856-0054-0000,4,2,0,0,0,1,1,3044,2019,Paved,Year Round,142 S Chaparral Drive
110113,1.02,10.0,2025-04-29,2025-02-22,655000,2528,0,2025-06-12,640000.0,CONV,D-1192-000A-0004,4,2,1,0,1,1,1,5056,2005,Paved,,2181 W 2875 N
110121,0.21,0.0,2025-02-26,2025-02-24,450000,0,5000,2025-04-11,450000.0,CONV,B-1999-0008-0000,3,2,0,0,0,1,1,1631,2019,Paved,Year Round,107 N Windsor N Road
110128,0.41,0.0,2025-04-04,2025-02-24,399900,0,100000,2025-05-07,405900.0,VA,A-0974-0079-0000,3,2,0,0,0,1,1,1435,2020,Paved,Year Round,4281 N High Noon Street
110153,0.03,0.0,2025-03-31,2025-02-25,339000,0,0,2025-04-14,328500.0,CASH,B-2021-0004-0000,3,2,1,0,1,1,1,1734,2022,Paved,Year Round,668 E Fiddlers Cove #4 Drive
110154,0.25,100.0,2025-05-12,2025-02-25,418000,480,0,2025-06-12,408250.0,CONV,B-1609-0010-0000,5,3,0,0,0,1,1,2077,1998,Paved,Year Round,708 E Red Cedar Circle
110158,0.25,100.0,2025-02-27,2025-02-25,659000,1894,15000,2025-04-03,665000.0,CONV,B-1877-0101-0000,7,4,0,0,0,2,1,3779,2024,Paved,Year Round,2529 W Black Sage Drive
110162,0.04,0.0,2025-03-08,2025-02-26,349900,0,0,2025-04-15,340600.0,CONV,B-2003-0032-0000,3,2,0,0,1,1,1,1454,2021,Paved,Year Round,1825 N Lund Highway #32
110164,0.41,100.0,2025-08-02,2025-02-25,535000,1500,17000,2025-09-05,532225.0,FHA,A-0969-0002-0000,6,3,0,0,0,1,1,3000,2017,Paved,,5203 N Tomahawk N Drive
110175,0.32,0.0,2025-05-10,2025-02-27,799900,0,15000,2025-05-29,795000.0,CASH,B-2027-0011-0000,6,4,0,0,1,1,2,3471,2025,Paved,Year Round,2182 S Bluff
110176,0.2,100.0,2025-05-24,2025-02-27,458000,1184,0,2025-06-13,438500.0,CONV,A-0007-0017-0005,4,2,0,1,0,1,1,2368,1998,Paved,Year Round,471 E 40 S
110181,0.26,100.0,2025-03-02,2025-02-27,350000,464,5000,2025-04-07,350000.0,FHA,B-0003-0005-0015-412,4,1,0,1,2,1,1,1630,1978,Paved,,374 W 900 N
110184,0.28,0.0,2025-08-05,2025-02-27,500000,0,0,2025-09-19,495000.0,Own Fin,A-1034-0012-0000,4,2,1,0,1,1,1,2118,2022,Paved,,1044 E Southern Homestead Boulevard
110185,0.02,0.0,2025-03-01,2025-02-27,299990,0,4000,2025-03-31,299990.0,CONV,B-1857-1133-0000,3,2,0,0,0,1,1,1399,2025,Paved,Year Round,582 S May 1133 Drive
110186,0.03,80.0,2025-03-05,2025-02-27,359390,632,4000,2025-03-27,359390.0,CONV,B-1857-1170-0000,4,2,1,0,0,1,1,2248,2025,Paved,Year Round,568 S Rockwell Lane #1170
110198,0.5,0.0,2025-03-04,2025-02-28,450000,0,7500,2025-05-01,450000.0,VA,D-0565-0005-0000,3,2,0,0,0,1,1,1511,2025,Paved,Year Round,4381 N 2600 W
110201,0.53,0.0,2025-03-06,2025-02-28,325000,0,6500,2025-04-08,325000.0,FHA,D-0527-0001-0002-07,3,2,0,0,0,1,1,1080,1994,Paved,,2736 W 5025 N
110206,0.02,80.0,2025-03-01,2025-03-01,354390,632,4000,2025-03-31,354390.0,FHA,B-1857-1172-0000,3,2,1,0,0,1,1,2205,2025,Paved,Year Round,572 S Rockwell 1172 Lane
110207,0.02,80.0,2025-03-26,2025-03-01,354990,632,4000,2025-04-24,354390.0,Utah Hsng,B-1857-1171-0000,4,2,1,0,0,1,1,2248,2025,Paved,Year Round,570 S Rockwell 1171 Lane
110229,0.19,100.0,2025-03-19,2025-03-03,425000,1246,0,2025-04-17,405000.0,CONV,B-1130-0014-0000,3,2,0,0,2,1,1,2492,1979,Paved,Year Round,551 S 780 W
110231,0.25,0.0,2025-03-11,2025-03-03,449900,0,0,2025-04-14,448840.0,CASH,A-1035-0028-0000,3,2,0,0,0,1,1,1544,2025,Paved,,4888 N 10 Lot 28 E
110236,0.38,75.0,2025-03-03,2025-03-03,315000,1300,0,2025-03-12,315000.0,CASH,A-0007-0007-0003,4,3,0,0,1,1,1,3049,1974,Paved,,495 E 125 S
110237,1.0,0.0,2025-03-27,2025-03-02,350000,0,10000,2025-04-24,342000.0,VA,A-0877-0002-0014,3,2,0,0,1,1,1,1700,1979,,Year Round,4255 N Driftwood Lane
110246,0.62,25.0,2025-05-06,2025-03-04,609000,1936,0,2025-05-28,609000.0,CASH,D-1213-000G-0011,3,2,1,0,1,1,1,3872,2016,,Year Round,4330 W 1275 S
110251,0.02,0.0,2025-03-17,2025-03-05,257000,0,4000,2025-04-11,260000.0,FHA,B-1917-0059-0000,3,2,1,0,0,1,1,1356,2008,,Year Round,340 W 1425 #54 N
110257,0.02,0.0,2025-04-10,2025-03-05,269990,0,0,2025-05-16,269990.0,FHA,B-1857-1132-0000,3,2,0,0,0,1,1,1300,2025,Paved,Year Round,586 S May 1132 Drive
110260,0.02,0.0,2025-04-02,2025-03-05,279990,0,4000,2025-05-06,279990.0,CONV,B-1857-1131-0000,3,2,0,0,0,1,1,1399,2025,Paved,Year Round,588 S May 1131 Drive
110262,0.12,0.0,2025-04-28,2025-03-05,315000,0,0,2025-07-11,315000.0,CASH,B-2038-0007-000E,3,2,0,0,0,1,1,1154,2025,Paved,Year Round,581 W 2360 N
110265,0.02,0.0,2025-03-10,2025-03-05,290990,0,0,2025-03-27,290000.0,CONV,B-1857-1130-0000,3,2,0,0,0,1,1,1399,2025,Paved,Year Round,592 S May 1130 Drive
110267,0.0,0.0,2025-04-01,2025-03-04,325000,0,2500,2025-04-30,315000.0,CONV,A-1177-0010-000B,2,2,0,0,1,1,1,1225,1984,Paved,Year Round,117 E Steam Engine #10B Drive
110268,0.02,0.0,2025-04-08,2025-03-05,269990,0,0,2025-05-08,269990.0,CASH,B-1857-1129-0000,3,2,0,0,0,1,1,1310,2025,Paved,Year Round,596 S May 1129 Drive
110271,0.17,0.0,2025-07-30,2025-03-05,386000,0,0,2025-08-14,386000.0,CASH,A-0845-0011-0007,3,2,0,0,0,1,1,1406,2025,Paved,Year Round,3919 N Hawks Landing Loop
110281,0.19,50.0,2025-03-14,2025-03-06,299900,1004,0,2025-04-08,280000.0,CASH,B-1112-0005-0000,4,2,0,0,1,1,1,2008,1947,Paved,Year Round,245 S 700 W
110284,0.24,100.0,2025-03-11,2025-03-06,560000,1360,10000,2025-04-21,570000.0,CASH,B-1608-0009-0000,6,3,0,0,1,2,2,3079,1999,Paved,,1802 W 700 S
110286,0.22,30.0,2025-03-11,2025-03-06,399000,1192,10000,2025-04-10,381500.0,FHA,B-1454-0033-0000,6,3,0,0,0,1,1,2384,1996,Paved,Year Round,345 W 1550 N
110290,0.5,0.0,2025-05-21,2025-03-06,439500,0,0,2025-07-21,424500.0,CASH,E-0843-0002-0001-075,3,2,0,0,1,1,1,1700,2023,Unimproved,Year Round,4180 S Little Pinto Creek Road
110296,0.68,0.0,2025-03-28,2025-03-07,515000,0,0,2025-03-28,515000.0,Other,A-0856-0001-0000,4,3,0,0,1,1,1,2024,2002,Paved,Year Round,279 E Thoroughbred (3810 N) Way
110305,0.0,0.0,2025-07-23,2025-03-06,65000,0,0,2025-09-03,0.0,CASH,0,3,2,0,0,0,1,1,1080,2002,,Year Round,780 W 1125 #120 N
110308,0.37,0.0,2025-06-30,2025-03-07,799900,0,0,2025-07-28,753000.0,CASH,B-1750-0014-0000,4,3,1,0,3,1,1,3426,2004,Paved,Year Round,1073 E Nichols Canyon Road
110314,0.5,30.0,2025-04-11,2025-03-08,510000,1500,0,2025-05-14,478000.0,CONV,D-0462-0006-0000,4,3,0,0,0,1,2,3000,2021,,Year Round,4398 N 2525 W
110317,0.27,10.0,2025-03-17,2025-03-08,638890,1907,0,2025-05-30,638890.0,CONV,B-1857-0027-0085,4,2,1,0,1,1,2,4591,2025,Paved,Year Round,3648 W Bladen 85 Street
110318,0.06,0.0,2025-03-27,2025-03-10,382500,0,0,2025-05-07,375000.0,VA,B-1995-0003-0032,3,2,0,0,1,1,1,1453,2014,Paved,,1462 N 450 W
110320,0.02,0.0,2025-04-19,2025-03-10,259900,0,6497,2025-05-16,259900.0,Other,B-1386-0039-0000,2,2,1,0,0,1,1,1426,2019,Paved,Year Round,1563 S Topaz #D W Drive
110321,0.28,0.0,2025-04-12,2025-03-10,498800,0,5000,2025-05-23,498800.0,CONV,A-1043-0005-0000,4,3,0,0,0,1,1,2205,2025,Paved,Year Round,5033 N Sagewood Lane
110322,0.18,0.0,2025-04-18,2025-03-10,389900,0,0,2025-05-12,389000.0,CASH,B-1797-0030-0000,3,2,0,0,1,1,1,1361,2005,Paved,,4149 W 200 N
110325,2.03,0.0,2025-04-28,2025-03-10,399000,0,23500,2025-08-06,399000.0,FHA,D-1190-000F-0006,3,2,0,0,0,1,1,1856,1994,Paved,Year Round,4433 W 500 N
110326,0.16,0.0,2025-04-15,2025-03-10,375000,0,0,2025-05-09,360700.0,CASH,B-1565-0019-0000,3,2,0,0,1,1,1,1360,1996,Paved,Year Round,78 N 4000 W
110328,0.08,0.0,2025-05-06,2025-03-10,434500,0,13894,2025-06-30,427500.0,C for Deed,B-2009-003A-0009,3,2,0,0,1,1,1,1457,2021,Paved,Year Round,2352 W Portal Hill Road Unit #9
110330,2.21,0.0,2025-08-23,2025-03-10,700000,0,0,2025-09-19,700000.0,CONV,D-1208-0050-0000,4,3,1,0,1,1,1,3024,2006,,Year Round,1015 S Westview Dr
110334,0.26,0.0,2025-05-06,2025-03-10,402800,0,0,2025-07-21,397900.0,CONV,A-1043-0024-0000,3,2,0,0,0,1,1,1427,2025,Paved,Year Round,5088 N Sagewood Lane
110340,0.34,0.0,2025-07-03,2025-03-11,499900,1946,17000,2025-08-08,519400.0,FHA,B-1857-0027-0046,3,2,1,0,1,1,1,3812,2022,Paved,,3563 W Foundation Trail
110343,0.26,0.0,2025-05-19,2025-03-11,600000,0,0,2025-06-02,580000.0,CONV,B-2020-0075-0000,4,2,1,0,0,1,1,2400,2024,Paved,,4408 W 200 N
110346,0.97,0.0,2025-04-14,2025-03-12,395000,0,0,2025-04-25,360000.0,CASH,D-0938-0001-0011-04,3,1,1,0,1,1,1,1497,1970,Paved,,3792 W 500 North
110349,40.0,0.0,2025-03-10,2025-03-10,2800000,0,0,2025-04-07,2370000.0,CASH,E-0228-0001-0006,8,7,1,0,1,1,3,7897,2022,Unimproved,Year Round,2702 S 6500 W
110351,0.3,0.0,2025-04-14,2025-03-12,477500,0,0,2025-05-15,470000.0,CASH,A-0883-0010-0000,3,2,0,0,1,1,1,1636,2021,Paved,Year Round,4372 N Half Mile Road
110367,0.17,0.0,2025-03-12,2025-03-12,412000,0,0,2025-04-29,412250.0,CASH,A-0845-0011-0001,3,2,0,0,0,1,1,1406,2025,Paved,Year Round,3985 N Hawks Landing Loop
110369,0.23,0.0,2025-04-25,2025-03-12,509990,1939,6000,2025-06-17,509990.0,VA,B-1857-0027-0083,3,2,0,0,0,1,1,3731,2025,Paved,Year Round,3624 W Bladen Lot 83 Street
110376,0.28,100.0,2025-08-15,2025-03-12,675000,2256,0,2025-09-24,675000.0,CONV,B-1716-0014-0000,5,4,0,0,3,1,1,4547,2004,Paved,Year Round,605 S 2175 W
110377,0.1,0.0,2025-04-28,2025-03-13,375000,0,0,2025-05-20,363000.0,CASH,B-1873-0004-0000,3,2,1,0,1,1,1,1781,2006,Paved,Year Round,43 E 820 S
110379,0.16,0.0,2025-04-05,2025-03-13,367000,0,10000,2025-05-07,375000.0,FHA,B-1565-0023-0000,3,2,1,0,1,1,1,1598,1996,Paved,,38 N 4000 W
110388,0.17,0.0,2025-03-14,2025-03-14,401550,0,0,2025-05-15,401550.0,FHA,A-0845-0011-0008,3,2,0,0,0,1,1,1432,2025,Paved,Year Round,3909 N Hawks Landing Loop
110400,0.54,75.0,2025-04-01,2025-03-14,435000,865,12500,2025-05-12,425000.0,VA,A-0779-0034-0001,4,2,0,0,2,1,1,1773,1978,Paved,,4644 N Pioneer Drive
110403,0.25,0.0,2025-05-21,2025-03-11,469900,0,0,2025-06-04,460000.0,CASH,B-1813-0012-0000,4,2,0,0,1,1,1,1887,2006,,Year Round,3876 W 1225 N
110405,0.49,0.0,2025-03-29,2025-03-13,409000,0,0,2025-04-24,390000.0,CASH,A-0876-0000-000Q-12,3,2,0,0,0,1,1,1280,2024,Paved,,4397 N Rose Circle E
110410,0.03,0.0,2025-08-28,2025-03-14,320000,0,0,2025-09-12,319500.0,CONV,B-1976-0026-0081,3,2,1,0,0,1,1,1566,2014,Paved,,1177 N Northfield #81 Road
110415,0.41,0.0,2025-06-08,2025-03-15,394900,0,8500,2025-07-07,380000.0,CONV,A-0974-0142-0000,3,2,0,0,1,1,1,1520,2020,Paved,Year Round,4429 N Half Mile Road
110420,0.0,100.0,2025-06-09,2025-03-17,399900,0,500,2025-07-18,375000.0,CONV,A-1150-0003-0002-217,4,3,0,0,2,1,1,1642,1975,Paved,,226 S Highway 143 J-3
110421,0.47,0.0,2025-03-17,2025-03-17,505000,0,0,2025-07-31,535478.0,CASH,B-2017-0054-0000,3,2,1,0,1,1,1,1880,2025,Paved,,202 N Sterling Drive (Lot 54 Phs 4 Crescent Hills)
110424,0.5,100.0,2025-04-24,2025-03-17,599900,0,0,2025-05-06,595000.0,CONV,D-1210-0011-00AM,3,2,1,0,0,1,1,2150,2020,Paved,,3913 N Native Dancer Drive
110429,0.25,100.0,2025-03-21,2025-03-17,424900,468,11000,2025-04-24,432000.0,CONV,B-1487-0004-0000,4,3,0,0,1,1,1,2184,1996,Paved,,2217 N Wedgewood Lane
110431,0.16,0.0,2025-04-08,2025-03-18,365000,0,0,2025-05-30,365000.0,CONV,B-1120-0019-0000,4,2,0,0,1,1,1,1567,1959,,Year Round,460 Kayenta Circle
110434,1.21,0.0,2025-06-16,2025-03-18,854000,0,14992,2025-08-01,845000.0,CONV,B-1824-0017-0000,4,2,0,0,1,1,1,2282,2022,Paved,,4404 W 1725 S
110435,5.0,0.0,2025-04-01,2025-03-18,300000,0,0,2025-05-01,315000.0,CONV,D-0502-0001-0011,3,2,0,0,1,1,1,1080,1987,Paved,,2350 W 5550 N
110436,0.28,50.0,2025-03-21,2025-03-18,295000,816,0,2025-04-09,280000.0,CASH,B-0059-0006-0000,4,1,0,0,0,1,1,1632,1953,Paved,Year Round,353 N 400 W
110442,0.24,30.0,2025-09-24,2025-03-18,565000,1882,0,2025-10-01,560000.0,CASH,B-1857-0027-0081,3,2,0,0,1,1,1,3764,2025,Paved,,502 S Foundation Trail
110444,0.52,90.0,2025-05-06,2025-03-18,349900,1050,10000,2025-06-05,340000.0,FHA,A-0878-0005-0006-01,5,2,0,0,0,1,1,2100,1978,Paved,,3969 Arabian Way
110445,0.03,0.0,2025-03-28,2025-03-18,298800,0,0,2025-05-05,298800.0,CONV,B-2047-0003-0000,3,2,1,0,0,1,1,1650,2025,Paved,Year Round,3120 W 1625 #3 N
110449,0.33,0.0,2025-04-22,2025-03-19,645000,0,3000,2025-05-20,645600.0,CONV,B-2028-0001-0000,4,2,1,0,1,1,1,2238,2025,Paved,Year Round,3881 W 925 N
110450,0.02,0.0,2025-07-01,2025-03-19,259900,0,11747,2025-07-31,264900.0,FHA,B-1955-0011-000C,3,2,1,0,1,1,1,1578,2008,Paved,Year Round,1295 N North Cedar #11 N Boulevard
110456,0.24,0.0,2025-06-12,2025-03-18,417500,0,0,2025-06-26,407500.0,CONV,B-1868-0015-0000,4,2,0,0,0,1,1,1524,2018,Paved,,3478 W 1850 N
110460,0.51,0.0,2025-08-12,2025-03-20,535765,0,20000,2025-09-17,550765.0,CONV,D-0535-0016-0000,3,2,0,0,0,1,1,1782,2025,Paved,Year Round,5166 N 2525 Lot 16 W
110462,0.33,100.0,2025-04-15,2025-03-20,615000,1696,0,2025-05-13,615000.0,CASH,B-1424-0071-0000,5,3,0,0,2,1,1,3408,1998,Paved,Year Round,2243 W Parkview Drive
110463,0.34,100.0,2025-06-14,2025-03-19,899990,2242,0,2025-07-16,885000.0,CONV,B-2012-0112-0000,7,4,1,0,1,1,1,4484,2025,Paved,Year Round,2911 W Rock Ridge Rd.
110466,0.37,100.0,2025-03-18,2025-03-18,650020,1894,15000,2025-05-07,650020.0,CONV,B-1877-0228-0000,7,4,0,0,0,2,2,3779,2025,Paved,Year Round,2688 W Black Sage Drive
110478,0.28,0.0,2025-07-29,2025-03-20,215000,0,0,2025-09-12,219000.0,CONV,A-0474-0001-0002,3,2,0,0,0,1,1,1080,1995,Paved,Year Round,570 W 300 S
110479,1.36,0.0,2025-07-30,2025-03-20,299950,0,7000,2025-09-05,295000.0,FHA,E-0843-0002-0001-053,3,2,0,0,0,1,1,1287,1999,,Year Round,4222 S 17475 W
110483,0.03,0.0,2025-07-07,2025-03-21,329900,0,8500,2025-08-14,322000.0,VA,B-2053-0001-0000,3,2,1,0,1,1,1,1716,2025,Paved,,51 S 4375 #1 W
110484,0.03,0.0,2025-07-14,2025-03-21,324900,0,0,2025-08-07,324900.0,CASH,B-2053-0002-0000,3,2,1,0,1,1,1,1716,2025,Paved,,51 S 4375 #2 W
110485,0.03,0.0,2025-09-09,2025-03-21,319900,0,0,2025-10-20,309566.0,C for Deed,B-2053-0003-0000,3,2,1,0,1,1,1,1716,2025,Paved,,51 S 4375 #3 W
110486,0.03,0.0,2025-09-09,2025-03-21,324900,0,0,2025-10-20,309566.0,CASH,B-2053-0004-0000,3,2,1,0,1,1,1,1716,2025,Paved,,51 S 4375 #4 W
110499,0.16,0.0,2025-03-26,2025-03-21,365000,0,0,2025-04-18,365000.0,CONV,B-1870-0149-0000,3,2,0,0,1,1,1,1384,2015,Paved,,2592 N Clark Parkway
110507,0.42,100.0,2025-05-02,2025-03-21,725000,2000,0,2025-05-20,670000.0,CASH,B-1338-0001-0015,4,4,0,0,1,1,1,4100,1992,Paved,Year Round,2146 W Sunset Pointe Drive
110515,0.57,0.0,2025-03-31,2025-03-21,489000,0,5000,2025-04-15,489000.0,CONV,D-0565-0007-0000,3,2,0,0,0,1,1,1571,2025,Paved,Year Round,4398 N 2600 W
110516,0.23,20.0,2025-03-21,2025-03-21,600365,1200,0,2025-04-24,600365.0,FHA,B-1877-0201-0000,4,2,1,0,0,1,1,3567,2025,Paved,Year Round,2683 W Black Sage Drive
110517,0.3,0.0,2025-04-11,2025-03-21,530000,0,7500,2025-05-16,530000.0,VA,B-1828-0006-0000,4,2,1,0,1,1,1,2100,2017,Paved,,104 S House Rock Drive
110524,1.84,100.0,2025-04-11,2025-03-24,675000,504,0,2025-05-06,657500.0,CASH,D-1024-0002-0024,4,3,0,0,1,1,1,2177,2003,,Year Round,2011 S High Cedar View Drive
110527,1.0,100.0,2025-08-21,2025-03-24,309900,1028,9000,2025-09-29,310000.0,FHA,A-0877-0001-0015,4,2,0,0,0,1,1,2056,1929,Paved,,3885 N Driftwood Lane
110531,0.08,0.0,2025-04-22,2025-03-24,320000,0,7000,2025-05-23,315000.0,FHA,B-1870-0111-000S,3,2,1,0,0,1,1,1577,2017,Paved,Year Round,2709 N Clark Parkway
110561,0.2,0.0,2025-04-28,2025-03-25,479900,0,0,2025-09-05,473500.0,CASH,B-1975-0028-0000,3,2,0,0,0,1,1,1781,2020,,Year Round,341 S 3425 W
110563,0.2,85.0,2025-04-23,2025-03-25,388000,1095,10000,2025-06-26,382000.0,VA,B-1124-0016-1124-112,4,2,0,0,2,1,1,2190,1957,Paved,,459 S 700 W
110566,0.33,0.0,2025-03-29,2025-03-26,300000,250,0,2025-05-22,300000.0,CONV,A-0283-0000-0000,3,0,0,1,0,1,1,1834,1883,Paved,,11 S 400 W
110567,0.51,100.0,2025-03-29,2025-03-26,350000,0,5000,2025-04-28,340000.0,FHA,A-0775-0006-0000,5,3,0,0,1,1,1,2532,1974,Paved,,4965 N Enoch Road
110568,0.21,0.0,2025-03-25,2025-03-25,489900,0,0,2025-07-11,489900.0,CONV,B-2031-0031-0000,4,2,0,0,1,1,1,1871,2025,,Year Round,3947 W Tatiana Street
110579,0.3,100.0,2025-10-15,2025-03-26,609000,1793,8500,2025-11-05,609000.0,CONV,D-1216-0006-0000,5,3,0,0,0,1,1,3586,2021,Paved,,3681 N 2275 W Native Dancer N
110588,0.95,100.0,2025-06-08,2025-03-27,1349900,2432,0,2025-07-28,1285000.0,CASH,B-1729-0006-0000,5,4,2,0,1,1,1,5026,2023,Paved,,617 S Cove #6 Drive
110597,0.26,10.0,2025-03-27,2025-03-27,563445,1640,0,2025-10-15,581576.0,CASH,A-0990-0044-0000,3,2,0,0,1,1,1,3458,2025,Paved,,1094 E 4240 (Lot 44 Phs 4 Settlers Square) N
110598,0.17,0.0,2025-03-28,2025-03-28,411300,0,0,2025-05-30,411300.0,CASH,A-0845-0011-0006,3,2,0,0,0,1,1,1432,2025,Paved,Year Round,3927 N Hawks Landing Loop
110599,0.28,0.0,2025-07-11,2025-03-28,469900,0,0,2025-08-15,459900.0,CASH,A-0990-0019-0000,3,2,0,0,1,1,1,1743,2023,Paved,,1092 E 4290 N
110600,1.02,0.0,2025-07-02,2025-03-28,450000,0,6000,2025-07-30,450000.0,CONV,E-0258-0061-0000,3,3,0,0,0,1,1,2199,2013,Paved,,3371 S 5300 W
110611,0.12,30.0,2025-03-28,2025-03-28,417500,0,0,2025-08-22,419900.0,CONV,B-2046-003S-0000,3,2,0,0,0,1,1,1758,2025,Paved,Year Round,1843 N Bald Eagle
110614,0.9,50.0,2025-07-01,2025-03-25,550000,768,0,2025-08-29,525000.0,CONV,D-0688-0001-0001-03,5,3,0,0,3,1,1,2304,1976,Paved,Year Round,2666 N 400 W
110632,0.32,0.0,2025-04-29,2025-03-29,599900,0,0,2025-06-02,599900.0,VA,B-2016-0019-0000,5,3,0,0,1,1,1,2681,2022,Paved,Year Round,3308 W Sun West W Circle
110644,0.26,0.0,2025-05-01,2025-03-31,434800,0,7500,2025-05-23,440000.0,FHA,A-1043-0025-0000,3,2,0,0,0,1,1,1804,2025,Paved,,5076 N Sagewood Lane
110647,0.26,0.0,2025-03-31,2025-03-29,487411,0,0,2025-09-03,501251.0,CASH,A-0990-0047-0000,4,2,0,0,1,1,1,1994,2025,Paved,Year Round,1052 E 4240 (Lot 47 Phs 4 Settlers Square) N
110658,0.12,0.0,2025-09-29,2025-04-01,375000,0,0,2025-11-03,345000.0,CASH,A-2060-0012-0000,3,2,0,0,0,1,1,1352,2018,,Year Round,2285 W 450 S
110661,40.0,0.0,2025-07-16,2025-04-01,395000,0,0,2025-08-06,395000.0,CONV,E-1049-0007-0000,3,2,0,0,0,1,1,1371,2022,,Year Round,1287 E 2600 N
110662,1.41,100.0,2025-07-30,2025-04-01,864000,1758,10000,2025-08-19,840000.0,VA,D-1024-0002-0013,4,3,0,0,1,2,1,3516,2002,,Year Round,1931 S High Cedar View Drive
110664,2.5,0.0,2025-05-01,2025-04-01,495000,0,0,2025-06-03,475000.0,CONV,E-0209-0001-0002-02,3,2,0,0,1,1,1,1248,1996,,Year Round,1465 S 5300 W
110667,5.0,0.0,2025-04-01,2025-04-01,268900,0,10000,2025-04-01,268900.0,FHA,E-1610-0020-0000,2,2,0,0,0,1,1,900,1995,Paved,Year Round,4670 W 2500 N
110680,1.12,0.0,2025-10-21,2025-03-30,580000,0,23200,2025-11-21,580000.0,VA,E-0171-0002-0031,3,3,0,0,1,1,1,2614,2004,Paved,,6832 W 1500 N
110681,0.03,0.0,2025-05-22,2025-04-02,280000,0,0,2025-06-03,272500.0,CASH,B-1958-0029-000H,3,2,1,0,0,1,1,1421,2020,Paved,Year Round,3073 N 225 E
110685,4.68,0.0,2025-05-30,2025-04-02,395000,0,1000,2025-06-25,340000.0,CASH,C-1106-0006-0019,1,1,1,0,2,1,1,1700,1991,Unimproved,,2416 W Spring Canyon Road
110686,0.2,100.0,2025-10-01,2025-04-02,1099999,638,20000,2025-10-21,1000000.0,CONV,A-1151-0001-0004,5,4,0,0,2,1,1,3927,1998,Paved,,338 W Ridge View
110689,0.89,0.0,2025-06-16,2025-04-02,885000,0,15000,2025-07-18,880000.0,CONV,B-2044-0010-0000,5,3,1,0,1,1,1,4126,2025,Paved,,4416 W 1900 S
110696,0.5,0.0,2025-04-09,2025-04-02,375000,0,12000,2025-05-08,375000.0,VA,D-0518-0043-0006,3,2,0,0,0,1,1,1158,1996,Paved,,5113 N 2900 W
110701,0.34,100.0,2025-05-15,2025-04-03,510000,680,0,2025-06-18,450000.0,CONV,B-0244-0245-0000,4,2,0,0,2,1,1,2037,1939,Paved,Year Round,249 S 200 W
110702,0.03,80.0,2025-05-17,2025-04-03,324990,632,0,2025-06-26,304990.0,CONV,B-1857-1153-0000,3,2,1,0,0,1,1,2205,2025,Paved,Year Round,2967 W Lewis Loop 1153
110710,0.04,0.0,2025-04-25,2025-04-04,319500,0,10000,2025-05-20,320000.0,FHA,B-2018-0022-0000,3,2,1,0,1,1,1,1810,2023,Paved,Year Round,2875 W Cody #22
110719,0.37,0.0,2025-04-05,2025-04-03,820000,2267,0,2025-06-12,820000.0,CONV,B-2012-0419-0000,4,2,1,0,0,1,1,4534,2023,,Year Round,2866 W Rock Ridge Road
110720,0.3,75.0,2025-04-22,2025-04-05,380000,611,0,2025-05-30,365000.0,CONV,B-0059-0009-0000,3,2,0,0,1,1,1,1800,1959,Paved,Year Round,332 N 500 W
110726,0.03,0.0,2025-04-30,2025-04-04,279000,0,5000,2025-05-30,278000.0,FHA,B-1180-000B-0003,3,2,1,0,0,1,1,1499,2018,Paved,,474 W 1425 #b3 N
110731,1.25,0.0,2025-06-02,2025-04-07,360000,0,10000,2025-07-11,360000.0,FHA,A-0916-0005-0005,3,2,0,0,0,1,1,1617,1997,Paved,,2640 E Village Green Road
110741,0.57,0.0,2025-04-11,2025-04-07,489000,0,0,2025-05-29,499150.0,Other,d-0565-0009-0000,3,2,0,0,0,1,1,1550,2025,Paved,,4446 N 2600 W
110754,0.54,100.0,2025-05-06,2025-04-07,365000,1056,700,2025-05-27,365000.0,CONV,A-0779-0024-0001,5,2,0,0,0,1,1,2102,1978,Paved,Year Round,4646 N Mule Train Drive
110757,0.29,0.0,2025-07-24,2025-04-07,255000,0,4300,2025-08-22,246000.0,CONV,B-0065-0106-0000,3,2,0,0,0,1,1,1180,1996,Paved,Year Round,325 N Bulloch Place
110760,0.18,0.0,2025-05-06,2025-04-07,449900,0,13919,2025-06-26,463950.0,CONV,B-1991-0003-0000,3,2,0,0,0,1,1,2075,2018,Paved,Year Round,292 S 2875 W
110761,0.45,0.0,2025-06-06,2025-04-08,650000,0,11000,2025-06-27,656000.0,CONV,B-2012-0108-0000,4,2,1,0,0,1,1,2116,2025,Paved,Year Round,2922 W Rock Ridge Road
110769,0.14,0.0,2025-06-05,2025-04-08,388000,0,0,2025-07-02,388000.0,CONV,B-1939-019A-00AM,4,2,0,0,0,1,1,1464,2021,Paved,Year Round,214 W Mountain View Drive
110771,1.0,100.0,2025-04-18,2025-04-08,474900,1253,0,2025-05-16,462500.0,CONV,A-0877-0001-0008,3,3,0,0,0,1,1,2506,2004,Paved,,3755 N Driftwood Lane
110793,0.18,0.0,2025-07-21,2025-04-09,350000,0,0,2025-09-02,340000.0,CASH,B-0110-0001-0000,2,1,0,0,0,1,1,1128,1952,Paved,Year Round,114 N 700 W
110806,0.03,80.0,2025-07-21,2025-04-09,309990,632,0,2025-08-18,309990.0,Utah Hsng,B-1857-1152-0000,3,2,1,0,0,1,1,2205,2025,Paved,Year Round,2971 W Lewis Loop #1152
110812,0.29,100.0,2025-05-01,2025-04-09,460000,1226,0,2025-06-24,440000.0,CONV,B-1395-0001-0006,5,3,1,0,2,1,1,2955,1995,Paved,Year Round,2103 N Hawthorne Lane
110819,0.28,100.0,2025-05-06,2025-04-10,475000,1512,10000,2025-06-06,475000.0,VA,B-1151-0001-0004-335,5,3,0,0,1,2,2,3032,1985,Paved,Year Round,1033 W 800 S
110831,0.12,0.0,2025-06-16,2025-04-10,389000,0,0,2025-06-26,372000.0,CASH,B-1832-0037-0000,3,2,1,0,0,1,1,1690,2006,Paved,Year Round,1312 W 1650 S
110836,0.42,25.0,2025-05-16,2025-04-11,450000,1505,3000,2025-07-02,450000.0,VA,A-0941-0040-0000,3,2,0,0,0,1,1,3032,2006,Paved,Year Round,5011 N Horseshoe Drive
110842,0.46,0.0,2025-04-17,2025-04-11,315000,0,13000,2025-05-16,314000.0,VA,A-0876-0000-000P-14,3,2,0,0,0,1,1,1296,1999,Paved,,4267 N Maple Circle
110852,0.44,0.0,2025-05-20,2025-04-13,350000,0,7200,2025-06-30,350000.0,FHA,D-0527-0001-0002-021,4,2,0,0,0,2,1,1128,1982,Paved,Year Round,4940 N 2800 W
110866,0.06,100.0,2025-04-23,2025-04-14,310000,0,0,2025-05-22,310000.0,FHA,B-1566-0015-0000,3,2,0,0,0,1,1,1362,1996,Paved,Year Round,365 N Beacon
110868,0.29,0.0,2025-04-21,2025-04-14,429500,0,13482,2025-05-23,442982.0,VA,A-1038-0029-0000,4,2,0,0,0,1,1,1604,2023,Paved,Year Round,4996 N Bald Eagle Drive
110869,0.26,0.0,2025-04-14,2025-04-14,407500,0,0,2025-04-14,407500.0,CASH,A-0798-0001-0000,3,2,0,0,0,1,1,1758,2024,Paved,,992 E Winchester Drive
110875,0.13,0.0,2025-07-25,2025-04-15,290000,0,0,2025-08-21,270000.0,CONV,B-1612-0006-0000,3,2,0,0,0,1,1,1304,1999,,Year Round,683 W 1275 N
110877,0.17,0.0,2025-04-25,2025-04-15,389900,0,0,2025-05-30,382900.0,CONV,B-1565-0056-0000,4,3,0,0,1,1,1,1598,1996,Paved,,67 N 4050 W
110878,2.8,100.0,2025-08-06,2025-04-14,824900,2681,15000,2025-09-11,800000.0,CONV,A-0743-0001-0000,3,2,1,1,3,2,1,5450,1995,Paved,Year Round,1900 EAST RAVINE Road
110882,0.17,95.0,2025-07-28,2025-04-15,425000,688,5000,2025-08-20,425000.0,FHA,B-0005-0001-0016,4,1,1,1,2,1,1,1959,1972,Paved,Year Round,385 N 1500 W
110886,2.42,100.0,2025-07-01,2025-04-15,735000,1951,0,2025-07-31,700000.0,CASH,E-0185-0041-0001,6,3,0,0,2,1,1,3902,2007,Paved,Year Round,5272 W 200 N
110889,0.43,0.0,2025-05-28,2025-04-15,339000,0,0,2025-06-27,290000.0,CONV,D-0621-0001-0003,3,2,0,0,0,1,1,1200,1979,,Year Round,2624 W 3275 N
110894,0.14,0.0,2025-04-17,2025-04-16,310000,0,0,2025-05-13,310000.0,CONV,B-1575-0038-0000,3,2,0,0,1,1,1,1388,2004,Paved,Year Round,578 W 1475 North N Circle
110895,0.39,100.0,2025-07-21,2025-04-16,697070,520,2000,2025-08-20,625000.0,CONV,A-1165-0003-0003-32,3,2,0,0,1,1,1,2480,1983,,Year Round,441 N Adams Circle
110900,0.26,0.0,2025-08-06,2025-04-16,519900,1654,0,2025-11-03,545000.0,CASH,A-0990-0045-0000,3,2,0,0,1,1,1,3519,2025,Paved,,1082 E 4240 (Lot 45 Phs 4 Settlers Square) N
110902,0.0,100.0,2025-09-10,2025-04-16,65000,0,0,2025-09-12,64000.0,CASH,0,2,1,0,0,0,1,1,800,1972,Paved,Year Round,363 E Center Street
110911,0.44,0.0,2025-07-18,2025-04-16,596000,0,12500,2025-08-25,575000.0,CONV,A-0917-0055-0000,4,3,0,0,1,1,1,3073,2006,Paved,Year Round,5095 N Ridge View Circle
110913,2.68,0.0,2025-07-31,2025-04-17,599900,0,15000,2025-09-03,555000.0,CONV,D-1193-000C-0004,4,2,0,0,1,1,1,2808,1979,Paved,,2562 N 2200 W
110915,0.35,100.0,2025-06-30,2025-04-17,529900,1669,0,2025-07-01,500000.0,CONV,B-1114-0002-0001-02,6,5,0,0,1,2,1,4239,1991,Paved,,1671 W 546 S
110916,0.33,0.0,2025-07-03,2025-04-17,469900,0,0,2025-07-08,450000.0,CASH,B-2028-0005-0000,3,2,0,0,1,1,1,1819,2025,Paved,,3853 W 925 N
110918,0.99,100.0,2025-04-19,2025-04-17,775000,1639,0,2025-05-21,765000.0,CONV,D-0617-0001-0000,6,4,0,0,0,1,1,3278,2021,Paved,Year Round,2318 W 3750 N
110939,0.99,0.0,2025-05-14,2025-04-18,379900,0,8000,2025-06-17,374000.0,CONV,A-0877-0002-0001,3,2,1,0,0,1,1,1879,1978,Paved,,4005 N Driftwood Lane
110947,0.18,0.0,2025-04-30,2025-04-22,545000,0,10000,2025-06-20,543000.0,CONV,B-2016-0017-0000,4,2,1,0,0,1,1,2410,2025,Paved,,3321 W Sun W Circle
110949,0.03,0.0,2025-06-25,2025-04-21,279900,0,0,2025-07-10,279900.0,CASH,B-1577-083A-0000,4,2,1,0,0,1,1,1635,2022,Paved,Year Round,2014 N 350 #83 W
110959,0.26,0.0,2025-05-23,2025-04-22,515000,0,0,2025-06-26,495000.0,CONV,B-2020-0064-0000,4,3,0,0,0,1,1,2170,2025,Paved,,4411 W 250 N
110987,0.41,100.0,2025-07-30,2025-04-22,644999,2033,10000,2025-09-10,620000.0,VA,A-0938-0119-0000,5,4,0,0,0,1,1,3818,2021,Paved,Year Round,4528 N 150 W
111000,0.13,0.0,2025-04-23,2025-04-22,329990,0,0,2025-05-21,329990.0,FHA,B-2033-0029-000S,3,2,0,0,0,1,1,1363,2025,Paved,Year Round,1128 N Sage 1078 Street
111001,0.13,0.0,2025-04-23,2025-04-22,329990,0,0,2025-05-08,329990.0,Other,B-2033-0029-000N,3,2,0,0,0,1,1,1363,2025,Paved,Year Round,1136 N Sage 1079 Street
111002,0.09,0.0,2025-04-29,2025-04-22,324900,0,4000,2025-05-22,324900.0,CONV,B-1870-0127-000S,3,2,0,0,0,1,1,1368,2017,Paved,,2685 N Mountain Valley Trail
111003,1.02,0.0,2025-06-11,2025-04-22,375000,0,13500,2025-07-08,373500.0,FHA,E-0258-0023-0000,5,3,0,0,0,1,1,1608,1999,Paved,,3476 S 5175 W
111005,0.0,0.0,2025-05-15,2025-04-22,155000,0,0,2025-05-28,145000.0,CASH,A-1176-000B-0210,0,1,0,0,1,1,1,420,1984,Paved,Year Round,464 N HWY 143 #B210
111006,0.41,95.0,2025-07-09,2025-04-23,569900,1673,8500,2025-08-07,560000.0,FHA,A-0974-0006-0000,5,4,0,0,1,2,1,3600,2008,Paved,,4519 N Half Mile Road
111008,0.02,15.0,2025-06-26,2025-04-21,330999,632,0,2025-07-25,317000.0,CASH,B-1857-1029-0000,3,2,1,0,0,1,1,2187,2023,Paved,Year Round,2948 W Ezra
111010,0.12,0.0,2025-07-01,2025-04-23,399500,0,5000,2025-08-25,400000.0,CASH,B-2046-003N-0000,3,2,0,0,0,1,1,1481,2025,Paved,Year Round,1853 N Bald Eagle
111014,0.52,100.0,2025-09-13,2025-04-23,635000,1850,1000,2025-09-24,620000.0,CASH,B-1872-0046-0000,6,3,0,0,1,1,1,3700,2013,Paved,,2189 S Talon Drive
111015,0.31,100.0,2025-04-25,2025-04-23,429000,1142,0,2025-05-16,415000.0,CONV,A-0200-0001-00R1,3,1,0,2,1,1,1,2730,1954,Paved,Year Round,46 N 200 E
111020,0.18,0.0,2025-06-21,2025-04-23,350000,0,10000,2025-07-08,330000.0,CONV,B-1565-0051-0000,3,2,0,0,1,1,1,1360,1996,Paved,,4061 W 25 N
111022,0.28,0.0,2025-06-23,2025-04-23,406800,0,10000,2025-07-28,406800.0,FHA,A-1043-0010-0000,3,2,0,0,0,1,1,1546,2025,Paved,Year Round,5111 N Sagewood Lane
111023,0.17,0.0,2025-04-30,2025-04-23,310000,0,6500,2025-05-23,310000.0,CONV,B-1870-0040-000E,3,2,1,0,0,1,1,1577,2016,Paved,,1846 W Aaron Tippets Road
111025,0.03,80.0,2025-05-06,2025-04-23,339990,632,0,2025-06-20,339990.0,CONV,B-1857-1154-0000,4,2,1,0,0,1,1,2248,2025,Paved,,2963 W Lewis Loop 1154
111027,0.63,100.0,2025-07-26,2025-04-22,410000,1050,6000,2025-09-05,400000.0,CONV,A-0780-0000-000F-15,3,2,0,0,1,1,1,2160,1981,Paved,Year Round,1563 E Sunset Road
111028,0.03,80.0,2025-06-17,2025-04-23,309990,632,0,2025-07-10,309990.0,CASH,B-1857-1157-0000,3,2,1,0,0,1,1,2205,2025,Paved,Year Round,2951 W Lewis Loop 1157
111029,0.21,0.0,2025-08-20,2025-04-23,385000,0,7500,2025-09-19,385000.0,VA,B-0065-0090-0000,3,2,0,0,0,1,1,1394,2022,Paved,,310 N Bulloch Place
111040,0.42,100.0,2025-06-10,2025-04-24,599000,1795,0,2025-08-19,570000.0,CONV,A-0974-0062-0000,6,2,0,1,0,1,1,3590,2018,Paved,,4544 N Prospector Lane
111041,0.03,80.0,2025-05-09,2025-04-24,334990,632,0,2025-06-05,334990.0,CASH,B-1857-1155-0000,4,2,1,0,0,1,1,2248,2025,Paved,Year Round,2959 W Lewis Loop #1155
111042,0.0,0.0,2025-10-28,2025-04-24,125000,0,0,2025-11-17,116000.0,CASH,A-1178-0103-0000,0,1,0,0,0,1,1,464,1983,Paved,Year Round,150 W Ridge View #103
111046,0.03,0.0,2025-07-24,2025-04-24,295000,0,0,2025-08-12,295000.0,CONV,B-1958-0008-000A,3,2,1,0,0,1,1,1491,2018,Paved,Year Round,3030 N 125 E
111048,0.03,0.0,2025-05-23,2025-04-25,303900,0,8000,2025-06-17,308000.0,FHA,B-1958-0012-000A,3,2,1,0,0,1,1,1420,2023,Paved,,3059 N 125 E
111053,0.26,0.0,2025-07-17,2025-04-25,454900,0,0,2025-07-31,454900.0,CASH,A-0798-0002-0000,3,2,1,0,1,1,1,1672,2024,Paved,,974 E Winchester Drive
111056,0.5,0.0,2025-07-07,2025-04-25,549900,1629,12000,2025-08-11,549900.0,VA,D-1209-000D-0010,3,2,0,0,0,1,1,3258,2021,Paved,,926 S 4475 W
111069,0.3,100.0,2025-07-12,2025-04-26,350000,740,0,2025-07-16,327500.0,CASH,B-0438-0000-0000,3,2,1,0,0,2,1,1480,1933,Paved,,149 S 200 E
111070,0.32,100.0,2025-08-14,2025-04-28,549900,1727,0,2025-08-29,539000.0,CONV,A-0917-0090-0000,5,3,0,0,1,1,1,3486,2007,Paved,,5228 N Woodland Pointe Circle
111079,1.25,0.0,2025-06-09,2025-04-28,585000,0,0,2025-07-14,597500.0,CONV,D-1188-000B-0007,5,2,1,0,1,1,1,2976,1998,Paved,Year Round,1478 S 4200 W
111081,0.5,50.0,2025-11-04,2025-04-25,525000,1833,20000,2025-11-14,525000.0,CONV,D-1209-000C-0019,3,2,0,0,1,1,1,3666,2006,Paved,,865 S 4475 West
111084,0.2,100.0,2025-05-02,2025-04-28,560000,1510,0,2025-05-28,560000.0,Other,B-1568-0003-0014,5,4,0,0,0,2,2,3020,2019,Paved,,2239 S Eagle Drive
111086,0.03,0.0,2025-06-25,2025-04-28,329000,0,6000,2025-07-25,329000.0,VA,B-2021-0043-0000,3,2,1,0,1,1,1,1734,2023,Paved,,668 E Fiddlers Cove #43 Drive
111088,0.03,0.0,2025-06-25,2025-04-28,307999,0,0,2025-08-06,300000.0,CONV,B-1958-0014-000B,3,2,1,0,0,1,1,1420,2023,Paved,Year Round,3069 N 125 E
111098,0.17,0.0,2025-07-23,2025-04-29,399000,0,0,2025-08-13,386500.0,CONV,B-1839-0025-0000,3,2,0,0,0,1,1,1496,2005,Paved,Year Round,194 S 2875 W W
111099,0.21,0.0,2025-08-17,2025-04-29,469900,0,0,2025-09-08,479000.0,CONV,B-2031-0033-0000,3,2,0,0,1,1,1,1625,2025,Paved,Year Round,3923 W Tatiana Street
111100,0.07,0.0,2025-07-03,2025-04-29,69900,0,5000,2025-08-14,62000.0,Other,Not Applicable,3,2,0,0,0,1,1,825,1989,Paved,Year Round,3870 N Minersville Hwy #42
111102,0.25,0.0,2025-05-02,2025-04-29,420000,0,0,2025-06-02,420000.0,CONV,B-1832-0048-0000,3,2,0,0,0,1,1,1539,2014,Paved,,1344 W 1700 S
111109,0.23,0.0,2025-06-10,2025-05-01,549900,0,10000,2025-07-08,547500.0,VA,B-1996-0012-0000,4,2,0,0,1,1,1,2055,2025,Paved,Year Round,2316 S 2925 W W
111115,0.25,100.0,2025-05-13,2025-04-30,525000,1491,0,2025-06-13,510000.0,CONV,B-1388-0005-0008,6,3,0,0,0,1,1,2982,1983,Paved,Year Round,9 S 2380 W
111117,0.03,80.0,2025-06-09,2025-04-30,309990,632,0,2025-07-07,309990.0,VA,B-1857-1148-0000,3,2,1,0,0,1,1,2205,2025,,Year Round,2991 W Lewis Loop 1148
111119,0.17,0.0,2025-05-08,2025-04-30,426500,0,10000,2025-06-13,426500.0,CONV,A-0035-0002-0036,3,2,0,0,1,1,1,1633,2006,Paved,,138 N 780 West
111121,10.35,0.0,2025-04-30,2025-04-30,400000,0,0,2025-05-09,400000.0,CASH,D-0584-0001-0001-01,1,1,0,0,1,1,1,750,1974,Paved,Year Round,4706 N 1050 W
111129,0.13,0.0,2025-05-03,2025-05-01,324990,0,8000,2025-06-26,319990.0,Utah Hsng,B-2033-0027-000N,3,2,0,0,0,1,1,1363,2025,,Year Round,1153 N Sage 1074 W Street
111134,0.32,0.0,2025-07-03,2025-05-01,629990,1907,0,2025-08-12,609990.0,CONV,B-1857-0027-0128,4,2,1,0,1,1,2,4591,2025,,Year Round,559 S Cedar Creek 128 Drive
111135,0.33,0.0,2025-05-01,2025-05-01,680000,0,0,2025-05-23,660000.0,CASH,B-2028-0011-0000,4,2,1,0,1,1,1,2454,2025,Paved,Year Round,3807 W 925 N
111136,0.13,0.0,2025-04-30,2025-04-30,322990,0,0,2025-06-10,322990.0,CASH,B-2033-0027-000S,3,2,0,0,0,1,1,1363,2025,Paved,Year Round,1145 N Sage 1075 Street
111139,0.28,10.0,2025-07-12,2025-04-30,479990,1939,0,2025-08-14,479990.0,CASH,B-1857-0027-0080,3,2,0,0,0,1,1,3731,2025,Paved,Year Round,3584 W Bladen 80 Street
111140,0.03,80.0,2025-04-30,2025-04-29,329990,632,0,2025-06-24,329990.0,CASH,B-1857-1149-0000,3,2,1,0,0,1,1,2205,2025,Paved,Year Round,2987 W Lewis Loop #1149
111141,0.23,100.0,2025-06-01,2025-05-01,410000,0,7500,2025-06-30,405000.0,FHA,B-1832-0011-000E,4,3,0,0,1,1,1,2030,2006,Paved,Year Round,1272 W 1525 S
111147,0.1,100.0,2025-07-08,2025-05-02,389900,0,0,2025-08-15,389900.0,FHA,B-2031-0007-000N,4,2,1,0,1,1,1,1806,2025,Paved,Year Round,1043 N Fern Street
111149,0.91,0.0,2025-05-04,2025-05-02,385000,0,7000,2025-05-30,385000.0,FHA,D-1191-000A-0001,4,2,0,0,0,1,1,1720,1996,Paved,Year Round,787 N 4475 W
111169,0.24,0.0,2025-07-03,2025-05-01,499000,0,0,2025-07-30,478000.0,CONV,B-1828-0020-0000,3,2,1,0,0,1,1,2236,2008,Paved,,289 S House Rock Circle
111173,0.26,0.0,2025-05-29,2025-05-02,529900,0,0,2025-08-07,515000.0,CASH,A-1035-0001-0000,4,3,0,0,0,1,1,2354,2025,Paved,,4855 N 10 Lot 1 E
111180,0.02,0.0,2025-08-22,2025-05-03,299900,0,1000,2025-09-19,287000.0,CONV,B-2015-0031-0000,3,2,1,0,0,1,1,1637,2023,Paved,,3154 W 1650 #D N
111181,0.24,0.0,2025-08-13,2025-05-03,444900,0,0,2025-08-28,419500.0,CASH,B-1866-0001-0000,3,2,0,0,0,1,1,1572,2014,Paved,Year Round,4010 W 25 S S
111186,0.02,0.0,2025-07-02,2025-05-04,255000,0,0,2025-07-30,248500.0,CONV,B-1891-0045-0000,3,2,1,0,0,1,1,1365,2008,Paved,Year Round,370 W 1425 #46 N
111188,0.17,0.0,2025-06-16,2025-05-04,395000,0,0,2025-06-27,380000.0,CONV,B-1797-0024-0000,3,2,0,0,1,1,1,1632,2005,Paved,Year Round,4120 West 200 North
111190,0.02,0.0,2025-05-07,2025-05-02,215000,0,0,2025-05-22,206790.61,CASH,B-1380-0004-0000,2,1,1,0,0,1,1,1054,1993,Paved,,99 N 1850 #4 W
111197,0.24,100.0,2025-06-13,2025-05-05,600000,1994,0,2025-07-28,595000.0,CONV,B-1425-0025-0000,6,2,0,1,0,1,1,3996,1997,Paved,Year Round,790 S 1750 W
111211,0.68,0.0,2025-05-07,2025-05-05,394900,0,0,2025-05-27,400400.0,FHA,D-0518-0092-0000,3,2,0,0,0,1,1,1184,1999,Paved,,5376 N 2800 W
111218,0.1,100.0,2025-06-05,2025-05-06,389900,0,0,2025-08-16,389900.0,CONV,B-2031-0007-000S,4,2,1,0,1,1,1,1806,2025,Paved,Year Round,1037 N Fern Street
111222,0.06,0.0,2025-08-12,2025-05-06,349000,0,0,2025-11-20,335000.0,VA,B-1808-0005-0000,3,2,0,0,1,1,1,1824,2005,Paved,Year Round,396 W 1500 N
111228,0.16,0.0,2025-07-17,2025-05-06,407500,0,26000,2025-08-19,436000.0,FHA,B-2033-0020-0000,3,2,0,0,1,1,1,1748,2025,Paved,,1127 N 3325 W (Yucca St)
111232,0.26,0.0,2025-07-16,2025-05-07,470000,0,0,2025-08-01,460000.0,CASH,A-0798-0006-0000,4,2,0,0,0,1,1,2002,2025,Paved,Year Round,920 E Winchester Drive
111236,0.28,0.0,2025-05-07,2025-05-07,425000,0,5000,2025-05-09,425000.0,CONV,A-1035-0025-0000,3,2,0,0,0,1,1,1758,2025,Paved,Year Round,39 E 4930 N
111238,0.65,90.0,2025-09-09,2025-05-07,694500,2275,0,2025-10-10,729500.0,CONV,B-1857-0027-0064,6,3,1,0,1,1,1,4439,2022,,Year Round,3501 W Sevy Street
111243,0.24,100.0,2025-05-12,2025-05-08,659900,1840,0,2025-06-13,607500.0,CONV,B-1828-0022-0000,6,3,0,0,2,1,1,3680,2015,Paved,Year Round,263 S House Rock Circle
111244,0.13,0.0,2025-07-11,2025-05-07,314990,0,0,2025-08-12,314990.0,CONV,B-2033-0030-000N,3,2,0,0,0,1,1,1363,2025,,Year Round,1144 N Sage 1080 W Street
111245,0.5,95.0,2025-07-31,2025-05-07,579900,1714,2000,2025-08-25,565000.0,CONV,D-1211-0025-0000,6,3,0,0,1,1,1,3428,2019,Paved,Year Round,2338 W 4875 N
111247,0.43,0.0,2025-07-17,2025-05-08,329999,0,0,2025-08-15,334000.0,FHA,A-0906-0148-0000,3,2,0,0,0,1,1,1140,2000,Paved,,4728 N Escalante Trail
111250,0.5,0.0,2025-05-16,2025-05-08,375000,0,10000,2025-06-20,375000.0,FHA,D-1189-000B-0004,4,2,1,0,0,1,1,1375,1996,Paved,Year Round,4135 W 575 N
111252,0.43,0.0,2025-05-27,2025-05-08,349000,0,7000,2025-07-11,312000.0,CONV,A-0906-0167-0000,3,2,0,0,0,1,1,1102,2001,Paved,Year Round,4744 N California Trail
111253,0.27,15.0,2025-09-08,2025-05-08,590000,1932,10000,2025-10-07,590000.0,CONV,B-1857-0027-0115,3,2,1,0,0,1,1,3864,2025,Paved,Year Round,3613 W Bladen Street
111257,0.19,100.0,2025-10-01,2025-05-09,399000,1000,6000,2025-10-29,395000.0,CONV,A-0382-0013-0000,5,2,0,0,0,1,1,2040,1980,Paved,,415 N 200 E
111263,0.51,100.0,2025-07-05,2025-05-09,679000,312,0,2025-07-09,654000.0,CASH,A-1211-0081-0000,3,2,0,0,1,1,1,2076,1998,Unimproved,Year Round,289 N Elk Drive
111265,0.03,0.0,2025-05-23,2025-05-09,339900,0,600,2025-06-30,334000.0,Other,B-2021-0059-0000,3,2,1,0,1,1,1,1734,2023,Paved,Year Round,668 E Fiddlers Cove #59 Drive
111268,0.26,10.0,2025-08-01,2025-05-09,515000,1548,0,2025-08-25,515000.0,CONV,A-0990-0049-0000,3,2,0,0,1,1,1,3254,2025,Paved,,1028 E 4240 (Lot 49 Phs 4 Settlers Square) N
111270,0.41,100.0,2025-10-06,2025-05-09,499900,1012,0,2025-11-06,495000.0,CONV,A-0840-0009-0004,3,3,0,0,1,1,1,2622,1998,Paved,Year Round,4731 Quickdraw Lane
111285,0.16,0.0,2025-08-06,2025-05-09,362900,0,5000,2025-09-05,363000.0,CONV,B-1379-0041-0000,3,2,0,0,1,1,1,1257,1992,Paved,Year Round,710 W 1350 S
111287,0.03,0.0,2025-05-19,2025-05-09,315000,0,0,2025-06-18,300000.0,CASH,B-1848-0003-0010,3,2,1,0,0,1,1,1672,2018,Paved,Year Round,3062 W 1750 #10 N
111291,0.28,100.0,2025-06-04,2025-05-08,897000,2098,0,2025-08-14,894533.44,CASH,B-2012-0804-0000,5,3,0,0,1,1,1,4223,2025,Paved,Year Round,3091 Rock Ridge Road
111292,0.13,0.0,2025-05-10,2025-05-09,339990,0,0,2025-07-09,332450.0,CONV,B-2033-0030-000S,3,2,0,0,0,1,1,1363,2025,Paved,Year Round,1154 N Sage 1081 Street
111293,0.17,0.0,2025-05-23,2025-05-10,398999,0,11850,2025-06-25,398999.0,FHA,B-1379-0057-0000,4,3,0,0,1,1,1,1952,1996,Paved,,1386 S 625 W
111318,0.02,0.0,2025-05-25,2025-05-13,245000,0,1000,2025-07-01,237500.0,CASH,B-1742-0051-0000,3,2,1,0,0,1,1,1365,2004,Paved,,1148 N Northfield #51 Road
111319,0.01,0.0,2025-08-31,2025-05-13,115000,0,0,2025-09-16,107500.0,C for Deed,A-1172-0010-0000,0,1,0,0,1,1,1,294,1973,Paved,Year Round,226 S Hwy 143 #4-B
111320,0.01,0.0,2025-08-30,2025-05-13,115000,0,500,2025-10-02,105000.0,CONV,A-1172-0003-0000,0,1,0,0,1,1,1,294,1973,Paved,Year Round,226 S Hwy 143 #3-B
111324,0.03,80.0,2025-07-25,2025-05-13,309990,632,0,2025-08-26,309990.0,CONV,B-1857-1151-0000,3,2,1,0,0,1,1,2205,2025,Paved,Year Round,2977 W Lewis 1151 Loop
111330,0.96,20.0,2025-07-11,2025-05-13,799900,2521,0,2025-08-01,768000.0,CONV,D-0617-0011-0000,4,3,0,0,1,1,1,5042,2025,Paved,,2451 W 3750 N
111331,0.29,0.0,2025-08-25,2025-05-14,719900,0,0,2025-09-26,700000.0,CASH,B-2012-0931-0000,3,2,0,0,1,1,1,2281,2025,Paved,Year Round,1784 S Hidden Canyon Road
111332,0.11,100.0,2025-10-21,2025-05-14,399900,1019,0,2025-11-14,402400.0,CASH,B-2026-010A-0000,4,2,1,0,0,1,1,2166,2025,Paved,Year Round,732 S Liberty Cove Drive
111334,0.23,50.0,2025-08-18,2025-05-13,520000,1705,12000,2025-09-24,520000.0,FHA,B-1866-0026-0000,5,3,0,0,0,1,1,3410,2014,Paved,Year Round,3911 W 100 S
111338,0.51,0.0,2025-07-24,2025-05-14,464900,0,10000,2025-08-08,464900.0,CASH,D-1211-0021-0000,3,2,0,0,0,1,1,1738,2025,Paved,,2422 W 4875 N
111339,0.02,0.0,2025-09-26,2025-05-14,260000,0,0,2025-10-10,252000.0,CASH,B-2040-0018-000E,3,2,1,0,0,1,1,1242,2024,Paved,Year Round,920 S 25 #18E E
111342,0.43,100.0,2025-05-17,2025-05-14,395000,1035,0,2025-06-25,405000.0,CONV,A-0840-0010-0008,4,2,0,0,1,1,1,2070,1997,Paved,Year Round,4497 N Quickdraw Lane
111350,0.03,0.0,2025-06-03,2025-05-15,329900,0,0,2025-06-30,325000.0,CONV,B-2018-0019-0000,3,2,1,0,0,1,1,1810,2022,Paved,Year Round,2875 W Cody #19 Drive
111356,0.26,0.0,2025-08-09,2025-05-15,495000,0,10000,2025-09-15,492000.0,CONV,B-1410-0011-0000,7,4,0,0,0,1,1,3109,1996,Paved,,1688 N 175 W
111359,0.27,0.0,2025-07-29,2025-05-15,499500,0,10000,2025-09-02,499500.0,CONV,B-2020-0157-0000,4,2,0,0,1,1,1,1864,2024,Paved,,4535 W 200 N
111362,0.15,0.0,2025-09-04,2025-05-15,417500,0,0,2025-09-19,400000.0,CASH,B-1135-0077-0024,3,2,0,0,0,1,1,1680,2001,Paved,Year Round,1096 S Bentley Boulevard
111363,0.23,100.0,2025-06-11,2025-05-15,549900,1732,8000,2025-08-13,554000.0,CONV,B-1688-0040-0000,6,3,0,0,1,1,1,3464,2008,Paved,Year Round,111 W 2925 CIR N
111365,0.42,0.0,2025-10-09,2025-05-15,425000,0,0,2025-11-10,425000.0,CONV,A-1041-0001-0000,3,2,0,0,0,1,1,1549,2025,Paved,Year Round,1792 E 5250 N
111368,0.11,0.0,2025-05-15,2025-05-15,315000,0,10000,2025-08-07,315000.0,FHA,B-2038-0010-000E,3,2,0,0,0,1,1,1154,2025,Paved,Year Round,530 W 2360 N
111371,0.11,0.0,2025-07-10,2025-05-15,315000,0,10000,2025-08-13,315000.0,CONV,B-2038-0010-000W,3,2,0,0,0,1,1,1154,2025,Paved,Year Round,542 W 2360 N
111380,0.23,50.0,2025-10-27,2025-05-16,519000,1592,0,2025-11-17,494700.0,CASH,B-1688-0019-0000,5,3,0,0,0,1,1,3184,2017,Paved,Year Round,139 W 2825 N Circle
111384,0.16,0.0,2025-08-01,2025-05-16,379000,0,0,2025-08-27,379000.0,CONV,B-1575-0037-0000,4,2,1,0,1,1,1,1692,1997,Paved,,562 W 1475 N Circle
111387,0.2,100.0,2025-05-16,2025-05-16,635370,1749,5000,2025-06-11,636370.0,CONV,B-1877-0206-0000,5,4,0,0,0,2,2,3315,2025,Paved,Year Round,2637 W Black Sage Drive
111390,0.0,100.0,2025-08-24,2025-05-17,234900,0,0,2025-10-17,225400.0,CASH,A-1171-0007-000C,2,2,0,0,1,1,1,834,1984,Paved,Year Round,561 S Vasels #r7-c
111408,0.23,100.0,2025-08-06,2025-05-19,515000,1550,13000,2025-09-22,505000.0,FHA,B-1813-0009-0000,4,3,0,0,0,1,1,3423,2004,Paved,Year Round,3881 W 1300 N
111415,0.18,100.0,2025-08-04,2025-05-19,370000,858,0,2025-09-03,365000.0,FHA,B-0045-0056-0000,5,2,0,0,1,1,1,1716,1951,Paved,Year Round,66 N 1150 W
111417,3.16,0.0,2025-06-06,2025-05-19,468000,0,0,2025-07-09,457000.0,CONV,E-0209-0001-0001-04,4,2,0,0,0,1,1,1620,2000,Paved,,5177 W 1525 S
111419,0.38,0.0,2025-08-26,2025-05-19,574900,0,0,2025-10-01,574900.0,CASH,B-1740-000A-0010,4,2,1,0,1,1,1,2215,2005,Paved,Year Round,1030 S 1850 W
111431,0.5,100.0,2025-08-02,2025-05-20,674900,1650,0,2025-08-29,657000.0,CONV,D-1209-000E-0007,6,4,1,0,1,1,1,3300,2016,Paved,Year Round,1136 S 4425 W
111432,0.73,0.0,2025-09-07,2025-05-19,1375000,0,0,2025-10-02,1325000.0,CASH,A-1121-093A-0000,4,0,0,3,2,1,1,3240,2022,Unimproved,Year Round,466 N Elk Drive
112977,3.0,0.0,2025-09-16,2025-09-06,519900,0,14000,2025-10-20,519900.0,CONV,D-1139-0005-0047,3,2,0,0,1,1,1,1662,1994,Paved,,1686 S Cross Hollow Drive
111440,0.25,0.0,2025-10-06,2025-05-20,499000,0,0,2025-10-31,490000.0,CONV,A-1035-0004-0000,5,4,1,0,0,1,1,2541,2023,Paved,Year Round,4883 N 10 E
111443,0.16,0.0,2025-05-22,2025-05-20,365000,0,0,2025-06-24,370000.0,VA,B-2017-0001-000E,3,2,1,0,0,1,1,1673,2022,Paved,Year Round,2648 W 220 N Street
111445,0.02,0.0,2025-06-17,2025-05-20,260000,0,4000,2025-07-16,260000.0,CONV,B-1891-0045-0000,3,2,1,0,0,1,1,1365,2008,Paved,,370 W 1425 #45 N
111446,0.0,0.0,2025-05-27,2025-05-20,199000,0,0,2025-06-20,200000.0,CASH,B-1151-0001-0004-124,2,2,0,0,0,1,1,1136,1977,Paved,Year Round,893 Three Fountains
111452,0.24,0.0,2025-05-24,2025-05-21,429900,0,0,2025-06-25,429900.0,CONV,D-1216-0060-0000,3,2,0,0,1,1,1,1700,2019,Paved,,2180 W Gallant Fox Drive
111453,0.41,100.0,2025-08-07,2025-05-21,614900,1793,0,2025-09-17,603000.0,CONV,B-1750-0037-0000,6,4,0,0,0,1,1,3595,2013,Paved,,2085 N Ashdown Forest Road
111455,0.25,0.0,2025-05-19,2025-05-19,415100,0,0,2025-09-19,415100.0,CASH,B-2031-0022-0000,3,2,0,0,0,1,1,1472,2025,,Year Round,1057 N Reese Street
111458,0.51,10.0,2025-08-15,2025-05-21,518000,1471,0,2025-09-22,508000.0,CONV,D-1211-0020-0000,3,3,0,0,0,1,1,2942,2018,Paved,Year Round,2438 W 4875 N
111461,0.03,80.0,2025-05-19,2025-05-19,329990,632,4000,2025-06-12,329990.0,CONV,B-1857-1156-0000,3,2,1,0,0,1,1,2205,2025,Paved,Year Round,2955 W Lewis Loop #1156
111462,0.03,80.0,2025-06-09,2025-05-21,299990,632,0,2025-07-14,299990.0,CONV,B-1857-1150-0000,3,2,1,0,0,1,1,2205,2025,Paved,Year Round,2983 W Lewis Loop #1150
111463,0.26,0.0,2025-06-16,2025-05-20,549900,0,8000,2025-06-30,539900.0,CASH,A-0798-0005-0000,4,3,0,0,0,2,2,2394,2025,Paved,,932 E Winchester Drive
111472,0.19,0.0,2025-05-30,2025-05-22,250000,0,0,2025-06-20,235380.0,CASH,B-0065-0062-0000,3,2,0,0,0,1,1,1213,1996,Paved,Year Round,285 N Bulloch Place
111477,0.0,0.0,2025-05-22,2025-05-22,420000,0,3500,2025-07-15,420000.0,CONV,A-1144-0001-012C-01,2,2,0,0,1,1,1,1050,1986,,Year Round,226 N Pine Tree #1c Way
111486,0.02,0.0,2025-08-01,2025-05-23,259000,0,6000,2025-09-18,258000.0,CONV,B-1917-0033-0000,3,2,1,0,0,1,1,1365,2008,Paved,Year Round,340 W 1425 #104 N
111494,0.38,75.0,2025-05-29,2025-05-23,349900,1113,10500,2025-07-15,357000.0,CONV,B-0119-0000-0000,3,2,0,0,1,1,1,2406,1958,Paved,,164 N 800 W
111505,0.0,0.0,2025-06-27,2025-05-22,140000,0,0,2025-09-02,143000.0,Own Fin,A-1176-0001-0009,0,1,0,0,0,1,1,424,1984,Paved,Year Round,464 N Highway 143 109 A
111506,0.43,100.0,2025-06-17,2025-05-23,765000,2360,0,2025-07-25,695000.0,VA,B-1714-0016-0000,7,4,1,0,1,2,1,4744,2005,Paved,,841 E Nichols Canyon Road
111522,0.34,100.0,2025-09-23,2025-05-27,1100000,722,31000,2025-10-09,999000.0,CONV,A-1184-0012-0000,3,3,1,0,2,1,1,2722,1998,Paved,,427 W Bluebell Court
111523,0.0,0.0,2025-05-27,2025-05-27,165000,0,0,2025-08-15,165000.0,CASH,A-1172-0053-0000,3,2,0,0,1,1,1,432,1973,Paved,Year Round,226 S HWY 143 #23
111527,0.13,0.0,2025-07-09,2025-05-27,280000,0,10000,2025-08-11,275000.0,FHA,B-1161-0002-0006-01,3,1,0,0,1,1,1,1104,1981,Paved,,405 W Bramblewood Drive
111530,0.54,75.0,2025-09-05,2025-05-27,349900,1000,0,2025-09-19,327000.0,CONV,A-0874-0000-000E-04,4,2,0,0,1,1,1,2000,1979,Paved,Year Round,4385 N Magnolia Drive
111534,0.45,0.0,2025-06-02,2025-05-27,659000,0,0,2025-06-27,652000.0,CONV,B-2011-0011-0000,3,2,0,0,1,1,1,2171,2025,Paved,Year Round,2274 S Canyon Circle
111537,0.17,100.0,2025-06-06,2025-05-27,350000,1000,0,2025-07-01,335000.0,CONV,B-0065-0010-0005,4,3,0,0,1,1,1,2224,1974,Paved,Year Round,493 E Highland Circle
111544,0.21,100.0,2025-07-30,2025-05-27,362700,1092,7000,2025-08-27,335000.0,FHA,B-1155-0016-0000,5,1,0,2,1,1,1,2230,1977,Paved,,583 Pinewood Drive
111556,0.11,0.0,2025-06-19,2025-05-28,315000,0,10000,2025-08-22,315000.0,FHA,B-2038-0008-000W,3,2,0,0,0,1,1,1154,2025,Paved,Year Round,596 W 2360 N
111562,0.15,0.0,2025-06-04,2025-05-28,350000,0,13000,2025-06-30,350000.0,CONV,B-1575-0015-0000,3,2,0,0,0,1,1,1502,2004,Paved,Year Round,631 W 1450 N Circle
111564,0.13,0.0,2025-07-11,2025-05-28,302990,0,0,2025-08-14,302990.0,CONV,B-2033-0026-000N,3,2,0,0,0,1,1,1363,2025,Paved,Year Round,1173 N Sage 1072 N Street
111565,0.13,0.0,2025-07-18,2025-05-28,299990,0,0,2025-08-29,299990.0,FHA,B-2033-0026-000S,3,2,0,0,0,1,1,1363,2025,Paved,Year Round,1161 N Sage 1073 N Street
111571,0.05,0.0,2025-10-07,2025-05-29,350900,0,0,2025-10-31,340000.0,CASH,B-1740-000A-0010,3,2,0,0,1,1,1,1855,2005,Paved,Year Round,2155 W 700 #10 S
111572,0.19,0.0,2025-06-09,2025-05-29,249000,0,8000,2025-07-09,249500.0,FHA,B-1893-0015-0001,2,1,0,0,0,1,1,768,2007,Paved,Year Round,1907 N 1600 North Access Road
111581,0.29,100.0,2025-08-14,2025-05-30,554900,2143,5000,2025-09-15,535000.0,CONV,B-1621-0024-0000,5,3,0,0,0,1,1,4286,2000,Paved,Year Round,2062 W 700 S
111582,0.18,100.0,2025-06-14,2025-05-30,350000,1191,0,2025-06-30,332000.0,CONV,B-0806-0002-0000,5,2,0,0,2,2,2,2382,1961,Paved,,16 N 200 E
111585,0.61,100.0,2025-08-12,2025-05-30,459000,1375,650,2025-08-28,445000.0,CONV,B-0065-0077-0000,6,3,0,0,2,1,1,3102,1968,Paved,Year Round,470 E Parkway Drive
111588,0.23,0.0,2025-06-18,2025-05-30,519900,1946,15000,2025-07-11,525000.0,FHA,B-1857-0027-0055,4,2,1,0,1,1,1,3812,2022,Paved,,357 S Sherratt Drive
111590,0.44,10.0,2025-06-27,2025-05-30,280000,770,0,2025-07-08,225000.0,CASH,A-0444-0001-0000,3,1,1,0,1,1,1,2928,1977,Paved,,38 S 500 W
111592,0.33,100.0,2025-06-02,2025-05-30,495000,1801,7500,2025-06-30,490000.0,CONV,B-1176-0005-0018,4,3,0,0,0,1,1,3602,1979,Paved,Year Round,2385 Beacon Circle
111596,0.26,0.0,2025-06-24,2025-05-30,479900,0,0,2025-08-19,479900.0,CONV,A-0990-0043-0000,4,2,1,0,1,1,1,2300,2025,Paved,,1118 E 4240 (Lot 43 Phs 4 Settlers Square) N
111597,0.0,0.0,2025-09-20,2025-05-31,549900,0,0,2025-11-06,520000.0,CONV,A-1173-0030-0000,3,3,0,0,3,1,1,1305,1982,Paved,Year Round,407 S Vasels #30 Road
111598,0.02,0.0,2025-07-25,2025-05-30,280000,0,0,2025-09-10,250000.0,CONV,B-1857-1061-0000,3,2,0,0,0,1,1,1300,2023,Paved,,536 S May Drive
111600,0.95,100.0,2025-07-09,2025-05-30,375000,1008,10000,2025-08-07,375000.0,CONV,A-0779-0092-0000,5,2,0,0,1,1,1,2016,1994,Paved,Year Round,1790 E Homestead
111606,0.19,0.0,2025-06-13,2025-05-31,374900,0,6740,2025-07-17,360000.0,CONV,B-1870-0128-0000,3,2,0,0,0,1,1,1267,2014,Paved,Year Round,2659 N Clark Parkway
111611,0.16,100.0,2025-07-25,2025-06-01,459000,1345,12000,2025-09-11,457000.0,VA,B-1803-0022-0000,5,3,0,0,0,1,1,2724,2015,Paved,Year Round,136 N 4275 W
111612,0.06,0.0,2025-06-05,2025-05-31,350000,0,0,2025-07-01,350000.0,CASH,B-1625-0013-0000,3,2,0,0,1,1,1,1363,2004,Paved,Year Round,339 N Harbor Circle
111617,0.2,100.0,2025-07-23,2025-06-02,389000,0,15000,2025-08-25,395000.0,VA,B-1137-0006-0002-08,3,3,0,0,2,1,1,1699,1981,Paved,Year Round,387 S 800 W
111620,0.27,100.0,2025-10-07,2025-06-02,645000,2071,0,2025-10-31,645000.0,CONV,B-1785-0050-0000,6,3,1,0,1,1,1,4142,2019,Paved,,291 S Marble Canyon Circle
111621,1.21,0.0,2025-08-27,2025-06-02,379000,0,0,2025-09-30,365000.0,CONV,A-1210-0037-0000,4,1,1,0,1,1,1,1584,1974,,Year Round,468 E Trail Lots 37 & 38 Road
111622,0.0,0.0,2025-09-01,2025-06-02,324000,0,0,2025-09-29,300000.0,CONV,A-1150-0003-0002-018,2,2,0,0,1,1,1,774,1973,Paved,Year Round,226 S HWY 143 E-3
111628,0.19,0.0,2025-09-22,2025-05-30,365000,0,0,2025-10-22,350000.0,CASH,B-1103-0057-0000,4,1,1,0,2,1,1,1756,1957,Paved,Year Round,443 S 300 E
111631,0.28,40.0,2025-06-02,2025-06-02,750000,1804,0,2025-07-18,750000.0,CONV,B-2012-0805-0000,4,3,0,0,1,1,1,3562,2025,Paved,,3105 W Rock Ridge Road
111638,0.2,100.0,2025-06-10,2025-06-02,419900,1377,12597,2025-07-03,419900.0,CONV,B-0057-0008-0000,4,3,0,0,2,1,1,3513,1953,Paved,,345 N 600 W
111652,0.03,0.0,2025-08-31,2025-06-03,339900,0,700,2025-10-14,332000.0,CONV,B-2021-0058-0000,3,2,1,0,1,1,1,1734,2023,Paved,Year Round,668 E Fiddlers Cove #58 Drive
111659,0.22,100.0,2025-06-03,2025-06-03,640480,1894,15000,2025-08-15,646180.0,CONV,B-1877-0225-0000,7,4,0,0,0,2,2,3779,2025,Paved,Year Round,2664 W Black Sage Drive
111660,0.13,0.0,2025-06-08,2025-06-04,329900,0,0,2025-06-23,324900.0,CONV,B-1791-0033-0000,3,2,0,0,0,1,1,1290,2005,Paved,Year Round,1447 S Southern View Drive
111668,0.16,0.0,2025-06-18,2025-06-04,326700,0,9915,2025-07-25,337000.0,VA,B-1024-0005-0000,3,1,0,0,0,1,1,1220,1950,Paved,Year Round,313 S Dewey Avenue
111672,0.28,0.0,2025-10-16,2025-06-04,519990,1202,0,2025-11-17,509990.0,FHA,B-1857-0027-0129,4,2,1,0,0,1,1,3742,2025,Paved,Year Round,549 S Bryant 129 Street
111673,0.37,35.0,2025-06-15,2025-06-04,599000,1800,0,2025-07-23,594000.0,CASH,B-1812-0016-0000,4,3,0,0,1,1,1,3600,2017,Paved,Year Round,1158 E Ashdown Forest Road
111676,0.19,0.0,2025-07-05,2025-06-04,449900,0,0,2025-07-14,0.0,CASH,B-1999-0009-0000,3,2,0,0,0,1,1,1412,2018,Paved,Year Round,93 N Windsor Road
111677,0.0,100.0,2025-06-09,2025-06-05,325000,1328,0,2025-08-01,325000.0,CONV,B-1151-0001-0004-025,4,3,0,0,2,1,1,2656,1977,Paved,Year Round,901 Three Fountains
111680,0.26,100.0,2025-09-30,2025-06-05,587500,1655,4445,2025-10-24,580000.0,CONV,B-2020-0106-0000,4,3,0,0,0,1,1,3519,2022,Paved,Year Round,4657 W 275 N
111701,0.37,100.0,2025-08-20,2025-06-06,575000,1610,3000,2025-09-10,550000.0,CONV,B-1858-0012-0000,6,3,0,0,1,1,1,3220,2013,Paved,Year Round,2702 W 300 S
111702,0.72,0.0,2025-06-21,2025-06-06,475000,0,9000,2025-07-29,465000.0,CONV,D-1215-0038-0000,4,2,1,0,0,1,1,1854,2011,Paved,Year Round,4236 N 2375 W
111704,0.2,100.0,2025-06-21,2025-06-06,510000,1151,5000,2025-07-18,507500.0,FHA,B-2017-0017-0000,4,2,1,0,1,1,1,2570,2025,Paved,,39 N Strathmore Ln (Lot 17 Phs 4 Crescent Hills)
111722,0.11,100.0,2025-06-09,2025-06-09,425000,1019,0,2025-06-09,425000.0,CONV,B-2026-010B-0000,4,2,1,0,0,1,1,2166,2025,Paved,Year Round,740 S Liberty Cove Drive
111725,0.75,100.0,2025-07-22,2025-06-09,599000,659,0,2025-08-28,588500.0,CASH,D-1024-0012-0001,3,3,0,0,1,1,1,1978,2003,,Year Round,1016 E High Cedar Highlands Drive
111731,0.19,0.0,2025-06-13,2025-06-09,479900,0,0,2025-07-17,479900.0,CASH,B-2002-0012-0000,4,2,0,0,1,1,1,1695,2020,Paved,Year Round,135 N Hartford Drive
111739,1.0,100.0,2025-06-10,2025-06-10,844160,2062,0,2025-07-25,851980.0,CONV,D-0535-0020-0000,9,5,1,0,0,1,1,5045,2025,Paved,,2413 W 5190 N
111742,0.36,0.0,2025-06-10,2025-06-10,544385,0,1225,2025-07-11,545266.88,CASH,D-0535-0002-0000,4,2,1,0,1,1,1,1990,2025,Paved,,2342 W 5190 Lot 2 N
111743,0.12,0.0,2025-06-10,2025-06-10,393500,0,3000,2025-07-28,390445.0,CONV,B-2050-0044-000W,3,2,0,0,0,1,1,1448,2025,Paved,,322 W Rosie Loop Lot 44W
111744,1.0,0.0,2025-06-10,2025-06-10,686595,2062,0,2025-09-26,686595.0,CONV,D-0535-0025-0000,4,2,1,0,1,1,1,4284,2025,Paved,,2313 W 5190 Lot 25 N
111746,0.29,0.0,2025-07-23,2025-06-10,459900,0,0,2025-08-14,464900.0,CONV,A-0798-0031-0000,4,2,1,0,0,1,1,2264,2024,Paved,Year Round,4982 N Winchester lot 31 Drive
111752,0.53,100.0,2025-06-17,2025-06-11,399900,935,3525,2025-07-23,399900.0,CONV,A-0354-0000-0000,4,2,0,0,1,1,1,1870,1921,Paved,Year Round,122 W 300 N
111753,1.88,0.0,2025-07-08,2025-06-11,575000,0,1500,2025-09-22,540000.0,CONV,A-1212-0025-0000,2,0,0,1,1,1,1,1008,1977,,Year Round,648 E Park - U - Pine Walk
111765,0.24,100.0,2025-09-15,2025-06-11,449900,1021,5000,2025-10-24,435000.0,VA,B-1105-0004-0001,4,3,0,0,1,1,1,2596,1983,Paved,Year Round,28 S 580 E
111771,0.0,0.0,2025-08-28,2025-06-12,340000,0,0,2025-09-30,320000.0,CONV,A-1150-0001-0021,2,1,0,1,1,1,1,930,1975,,Year Round,101 S Village #3A Way
111779,0.29,0.0,2025-10-04,2025-06-12,608990,0,5000,2025-10-30,589800.0,CONV,B-2027-0005-0000,4,2,0,0,1,1,1,2055,2025,Paved,Year Round,2154 S Bluff Drive
111781,0.0,0.0,2025-06-20,2025-06-12,175000,0,8700,2025-07-22,210000.0,FHA,B-1960-0011-000D,3,2,1,0,0,1,1,1258,2010,Paved,Year Round,920 S 25 #11d E
111800,0.4,100.0,2025-07-21,2025-06-12,300000,240,0,2025-08-20,300000.0,CASH,A-0415-0003-0000,3,2,0,0,1,1,1,1982,1978,Paved,,315 N 500 W
111801,0.09,100.0,2025-08-20,2025-06-13,379000,1042,0,2025-09-26,357000.0,CONV,B-1563-0004-0000,4,4,0,0,1,1,1,2093,1997,Paved,Year Round,326 W Mountain View Dr
111802,19.64,50.0,2025-06-13,2025-06-13,999000,1835,10000,2025-07-18,855000.0,CONV,D-0495-0006-0000,4,3,1,0,1,1,1,3670,1998,,Year Round,5727 N 1700 W
111804,0.14,100.0,2025-09-05,2025-06-13,299000,450,500,2025-09-30,310000.0,VA,B-1135-0023-0003,4,2,0,0,0,1,1,1381,1992,Paved,,1161 S 860 W
111805,0.41,0.0,2025-07-14,2025-06-13,498000,0,9413,2025-09-02,505000.0,CONV,D-0459-0008-0000,3,2,0,0,1,1,1,1451,2018,Paved,Year Round,4726 N 2525 W
111810,0.41,0.0,2025-07-22,2025-06-13,395000,0,8000,2025-08-18,387500.0,FHA,A-0974-0083-0000,3,2,0,0,0,1,1,1435,2020,Paved,,871 E 4200 N
111818,0.28,100.0,2025-06-18,2025-06-14,819000,748,0,2025-07-10,750000.0,CASH,A-1148-0005-0001,3,2,0,0,1,1,1,1788,2018,Unimproved,,673 S Snowflake
111823,0.27,0.0,2025-06-23,2025-06-14,605000,0,0,2025-07-25,605000.0,CONV,B-1832-0064-0000,3,2,0,0,1,1,1,1702,2016,Paved,Year Round,1283 W 1750 S
111828,0.51,100.0,2025-06-18,2025-06-16,450000,1307,0,2025-08-04,440000.0,Own Fin,A-0779-0010-005A,6,3,0,0,0,1,1,2656,1997,Paved,Year Round,4468 N Pioneer Drive
111830,0.1,0.0,2025-06-19,2025-06-16,749900,0,0,2025-06-30,735000.0,CASH,A-1193-0004-0000,3,2,1,0,1,1,1,2065,2005,Paved,,505 S Vasels Road
111831,0.42,100.0,2025-08-01,2025-06-16,396500,1127,0,2025-08-15,380000.0,CASH,A-0780-0000-000E-05,5,2,1,0,0,1,1,2254,1993,Paved,,4908 N Mule Train Drive
111835,9.43,80.0,2025-06-25,2025-06-13,896500,1640,0,2025-07-23,875000.0,CONV,E-0235-0001-0005-05,3,3,0,0,1,1,1,3280,2015,Paved,Year Round,8836 W 3200 S
111847,0.02,0.0,2025-06-23,2025-06-17,239000,0,0,2025-07-14,235000.0,CASH,B-1742-0056-0000,3,2,1,0,0,1,1,1365,2005,Paved,,1148 N Northfield #56 Road
111849,4.47,0.0,2025-09-30,2025-06-17,425000,0,5000,2025-10-30,410000.0,CONV,E-0147-0023-0000,3,2,0,0,0,1,1,1120,2011,,Year Round,4564 W 2100 N
111853,0.0,100.0,2025-08-06,2025-06-17,715000,896,3000,2025-09-17,680000.0,CONV,A-1179-0001-0000,3,3,1,0,2,1,1,2688,1986,,Year Round,487 S Vasels #1 Road
111854,0.17,0.0,2025-07-25,2025-06-16,250000,0,10000,2025-08-21,250000.0,FHA,B-1102-0009-0000,2,1,0,0,0,1,1,751,1950,Paved,,420 S 150 E
111859,0.03,0.0,2025-09-12,2025-06-17,399900,0,0,2025-10-01,350000.0,CONV,B-2024-0001-0003,3,2,1,0,0,1,1,1852,2021,,Year Round,875 S Lincoln #3 C
111860,0.03,0.0,2025-09-12,2025-06-17,399900,0,0,2025-10-01,350000.0,CONV,B-2024-0001-0004,3,2,1,0,0,1,1,1852,2021,Paved,Year Round,875 S Lincoln #4 D
111861,0.03,0.0,2025-09-12,2025-06-17,399900,0,0,2025-10-01,350000.0,CONV,B-2024-0002-0003,3,2,1,0,0,1,1,1852,2021,Paved,Year Round,876 S Lincoln #3 C
111864,0.03,0.0,2025-09-12,2025-06-17,399900,0,0,2025-10-01,350000.0,CONV,B-2024-0002-0004,3,2,1,0,0,1,1,1852,2021,Paved,Year Round,876 S Lincoln #4 D
111866,0.38,75.0,2025-07-09,2025-06-16,550000,1890,25000,2025-09-03,550000.0,FHA,B-1113-0008-0008,3,3,1,0,2,1,1,3948,1972,Paved,,42 S Juniper Drive
111880,0.37,50.0,2025-06-30,2025-06-17,279900,1007,0,2025-07-18,250000.0,CASH,A-0430-0004-0000,4,2,0,0,0,1,1,2014,1974,Paved,,549 W 200 North
111881,1.06,0.0,2025-09-18,2025-06-18,735000,0,0,2025-10-30,690000.0,CONV,A-2055-0012-0000,5,4,1,0,1,1,1,3735,2006,Paved,,485 S 1150 W
111895,0.26,50.0,2025-06-24,2025-06-19,419000,792,7000,2025-07-23,414000.0,CONV,B-1160-0005-0005,4,2,0,0,0,1,1,2040,2000,Paved,Year Round,142 N Sunnyside Drive
111899,0.0,0.0,2025-07-11,2025-06-19,247900,0,11411,2025-07-31,247900.0,CONV,B-1976-0017-0054,2,2,0,0,0,1,1,1307,2008,Paved,Year Round,1177 N Northfield #54 Road
111900,0.19,100.0,2025-06-20,2025-06-19,420000,700,0,2025-07-21,404500.0,CONV,B-1091-0001-0000,5,2,0,0,1,1,1,1746,1939,Paved,,97 W 400 S
111901,9.51,0.0,2025-09-12,2025-06-19,269900,0,10000,2025-10-14,269900.0,FHA,E-1567-0023-0000,3,2,0,0,0,1,1,1201,1998,,Year Round,1926 W 6000 N
111911,0.29,0.0,2025-07-07,2025-06-20,809900,0,0,2025-07-25,799000.0,CASH,B-2012-0932-0000,3,2,1,0,1,1,1,2625,2025,Paved,Year Round,1798 S Hidden Canyon Road
111916,0.27,0.0,2025-10-31,2025-06-20,675000,0,0,2025-11-21,655000.0,CONV,B-2012-0212-0000,4,2,1,0,1,1,1,2450,2025,Paved,Year Round,1918 S Oak Springs Circle
111923,0.22,100.0,2025-06-24,2025-06-18,700000,1850,6000,2025-08-01,706000.0,CONV,B-1718-0004-0000,6,4,0,0,1,1,1,4200,2003,Paved,Year Round,622 S 2200 W
111927,0.21,30.0,2025-08-19,2025-06-20,265000,287,7800,2025-09-12,265000.0,CONV,B-0924-0000-0000,3,1,0,0,0,1,1,1194,1938,Paved,Year Round,347 W 300 N
111931,0.0,0.0,2025-09-28,2025-06-18,250000,0,500,2025-11-03,235000.0,CONV,A-1153-0030-0000,1,1,0,0,1,1,1,675,1980,Paved,,385 S Vasels (fka Brian Head Blvd) #30
111932,0.35,0.0,2025-07-11,2025-06-20,515000,0,0,2025-08-25,515000.0,CONV,A-2058-0001-0000,4,2,0,0,1,1,1,1874,2025,Paved,,270 S 1075 W
111934,9.5,50.0,2025-08-06,2025-06-20,370000,1056,11100,2025-10-03,383000.0,VA,E-1567-0008-0000,4,1,1,1,0,1,1,2812,1997,,Year Round,1977 W 6000 N
111938,0.43,0.0,2025-07-17,2025-06-23,325000,0,13000,2025-08-22,299000.0,CONV,A-0906-0026-0000,3,2,0,0,0,1,1,1101,1999,Paved,,4544 N Oregon Trail
111955,0.26,50.0,2025-07-07,2025-06-23,450000,2076,0,2025-07-25,475000.0,CONV,B-1388-0002-0006,4,3,1,0,1,1,1,4077,1994,Paved,Year Round,2236 W 30 N
111956,0.99,100.0,2025-10-22,2025-06-24,650000,696,0,2025-11-21,638175.0,CONV,C-1115-0005-001A,3,1,1,1,1,1,1,2219,1975,Unimproved,Year Round,894 N Aspen Drive
111959,0.2,0.0,2025-06-30,2025-06-24,495000,1389,3500,2025-08-29,495000.0,CONV,B-2017-0036-0000,3,2,0,0,0,1,1,2917,2025,Paved,,91 N Sterling Dr (Lot 36 Phs 4 Crescent Hills)
111963,0.31,0.0,2025-06-29,2025-06-24,399000,0,10000,2025-08-22,404000.0,CONV,A-0639-0056-0000,3,2,1,0,1,1,1,1920,1996,Paved,,36 S 750 E
111967,0.3,0.0,2025-10-06,2025-06-24,624900,0,0,2025-10-30,620000.0,CONV,B-2012-0208-0000,4,2,1,0,1,1,1,2400,2025,,Year Round,1947 S Oak Springs Circle
111969,0.18,100.0,2025-09-25,2025-06-25,330000,500,0,2025-10-24,325000.0,CONV,B-0005-0001-0011,3,2,0,0,1,1,1,1502,1972,Paved,,364 N 1500 W
111970,20.04,0.0,2025-08-08,2025-06-24,685000,0,15000,2025-08-28,685000.0,CONV,E-4513-0004-0000,3,2,0,0,1,1,1,1826,2005,,Year Round,12559 W 1025 S
111977,0.27,0.0,2025-08-29,2025-06-24,663900,0,0,2025-09-30,643900.0,CONV,B-2039-0004-0000,3,2,1,0,1,1,1,2100,2025,Paved,Seasonal,2345 S Canyon Circle
111987,0.48,0.0,2025-08-12,2025-06-25,395000,0,6000,2025-09-09,385000.0,FHA,D-0518-0042-0000,4,4,0,0,1,1,1,2824,1989,Paved,Year Round,5172 N 3100 W
111989,0.27,0.0,2025-06-28,2025-06-26,419900,0,5500,2025-08-08,415000.0,VA,B-1857-0027-0007,3,2,0,0,1,1,1,1609,2020,Paved,Year Round,333 S Cedar Creek Drive S
111991,0.18,0.0,2025-07-14,2025-06-26,368000,0,0,2025-08-06,360000.0,FHA,B-1870-0116-0000,3,2,0,0,0,1,1,1250,2014,Paved,,2721 N Mountain Valley Trail
111998,0.26,0.0,2025-07-29,2025-06-27,649900,0,2600,2025-08-29,642500.0,CONV,B-2020-0084-0000,4,2,1,0,1,1,1,2238,2025,Paved,,4341 W 200 N Circle
111999,0.02,0.0,2025-09-25,2025-06-27,249900,0,0,2025-10-27,235000.0,CONV,B-1742-0047-0000,3,2,1,0,0,1,1,1365,2004,Paved,,1148 N Northfield #47 Road
112004,0.51,0.0,2025-10-29,2025-06-26,875390,0,0,2025-11-14,850000.0,CASH,D-0535-0014-0000,6,4,0,0,1,2,2,3518,2025,Paved,Year Round,5166 N 2570 W
112483,0.04,0.0,2025-08-25,2025-07-29,329000,0,10000,2025-09-26,334000.0,FHA,B-2018-0033-0000,3,2,1,0,1,1,1,1810,2023,Paved,,2875 W Cody #33 Drive
112009,0.52,0.0,2025-07-15,2025-06-27,349900,0,0,2025-08-15,335000.0,CASH,A-0876-0000-000Q-17,4,2,0,0,1,1,1,2248,2002,Paved,Year Round,4423 N Maple Lane
112019,0.03,80.0,2025-07-15,2025-06-28,334990,632,4000,2025-08-26,334990.0,FHA,B-1857-1176-0000,4,2,1,0,0,1,1,2248,2025,,Year Round,590 S Rockwell 1176 Lane
112020,0.03,80.0,2025-08-01,2025-06-28,324990,632,0,2025-08-26,324990.0,CONV,B-1857-1175-0000,3,2,1,0,0,1,1,2205,2025,,Year Round,588 S Rockwell 1175 Lane
112021,0.26,100.0,2025-09-05,2025-06-28,649900,1885,50,2025-11-21,620000.0,CONV,B-1718-0012-0000,6,3,0,0,2,1,1,3770,2002,Paved,,2258 W 700 S
112023,0.03,80.0,2025-07-10,2025-06-28,334990,632,8000,2025-08-21,334990.0,Utah Hsng,B-1857-1174-0000,3,2,1,0,0,1,1,2205,2025,Paved,Year Round,584 S Rockwell #1174 Lane
112031,0.27,50.0,2025-08-12,2025-06-30,419900,621,10500,2025-09-19,415000.0,CONV,B-1153-0004-0007,3,2,0,0,1,1,1,2425,1977,Paved,Year Round,2262 W Skyview Drive
112033,0.09,100.0,2025-07-03,2025-06-30,269900,643,7000,2025-07-31,276000.0,CONV,B-1778-0001-0001,4,3,1,0,0,1,1,1964,2005,Paved,,314 N Beacon Drive
112048,0.67,0.0,2025-07-08,2025-07-01,99000,0,0,2025-07-18,116000.0,CASH,C-0638-0002-0000,2,1,0,0,1,1,1,800,1960,,Seasonal,2074 S A Street
112072,0.16,0.0,2025-10-08,2025-07-02,489900,0,0,2025-10-30,460000.0,CASH,B-2033-0024-0000,5,3,1,0,0,1,1,2803,2025,Paved,Year Round,1158 N Yucca St
112078,0.41,0.0,2025-09-18,2025-07-03,499000,0,0,2025-10-24,475000.0,FHA,D-0759-0006-0026,3,2,1,0,1,1,1,2120,2013,Paved,Year Round,2284 W 2350 N
112085,0.22,100.0,2025-09-11,2025-07-03,465000,914,4000,2025-11-04,450000.0,CONV,B-1615-0013-0000,4,3,1,0,1,1,1,2742,2002,Paved,Year Round,2566 N 475 W
112086,1.01,100.0,2025-09-18,2025-07-03,555000,1750,0,2025-10-30,517000.0,CONV,D-1193-000A-0001,4,2,0,0,1,1,1,3700,1999,Paved,Year Round,2270 W 2650 N
112087,0.2,0.0,2025-10-07,2025-07-02,429900,0,0,2025-10-28,429900.0,CONV,D-1224-0007-0000,3,2,0,0,1,1,1,1890,2025,Paved,,1966 W 4750 N
112089,0.28,15.0,2025-06-30,2025-06-30,552880,1208,10743,2025-07-02,552880.0,FHA,B-1877-0227-0000,5,3,0,0,0,1,1,3608,2025,Paved,Year Round,2686 W Black Sage Drive
112100,0.02,100.0,2025-08-05,2025-07-03,359900,405,10800,2025-09-03,369900.0,FHA,B-2041-0006-000A,4,3,1,0,0,1,1,2272,2025,Paved,Year Round,665 E 2015 #6A N
112101,0.02,100.0,2025-08-12,2025-07-03,354900,405,0,2025-09-24,348900.0,CASH,B-2041-0006-000B,4,3,1,0,0,1,1,2272,2025,Paved,Year Round,665 E 2015 #6B N
112102,0.25,0.0,2025-07-09,2025-07-03,612500,0,0,2025-08-07,612500.0,CONV,B-2039-0011-0000,3,2,0,0,1,1,1,1810,2024,Paved,Year Round,3127 W 2350 S
112105,0.14,0.0,2025-07-08,2025-07-04,310000,0,10000,2025-07-30,320000.0,CONV,A-0026-0001-0004,2,2,0,0,0,1,1,1060,1996,Paved,Year Round,634 W 60 N
112107,2.62,100.0,2025-10-02,2025-07-02,249000,0,750,2025-10-17,249000.0,CASH,C-1135-0004-0022-011,1,1,0,0,1,1,1,570,1998,,Seasonal,786 N 800 W
112484,0.11,0.0,2025-07-31,2025-07-30,324990,0,0,2025-09-26,324990.0,CONV,B-2033-0037-000W,3,2,0,0,0,1,1,1363,2025,Paved,Year Round,3301 W Indigo 1084 Street
112117,0.21,0.0,2025-08-20,2025-07-06,380000,0,11500,2025-09-19,395000.0,FHA,B-1803-0016-0000,4,2,0,0,0,1,1,1651,2005,Paved,,141 N 4200 W
112118,0.47,25.0,2025-08-26,2025-07-06,700000,935,0,2025-09-02,665000.0,CONV,A-1138-0055-0000,2,2,0,0,1,1,1,2336,2014,,Year Round,556 N Half Circle Drive
112123,0.13,100.0,2025-08-15,2025-07-07,219000,624,7000,2025-09-18,222000.0,VA,B-1161-0001-0012,2,1,1,0,0,1,1,1248,1979,Paved,Year Round,422 N Cedar Boulevard
112140,0.26,0.0,2025-07-12,2025-07-08,443000,0,0,2025-08-19,438000.0,CONV,A-0990-0042-0000,3,2,0,0,1,1,1,1541,2025,Paved,,1130 E 4240 (Lot 42 Phs 4 Settlers Square) N
112147,0.31,0.0,2025-07-08,2025-07-08,424900,0,0,2025-09-19,424900.0,CONV,A-0798-0027-0000,3,2,1,0,0,1,1,1576,2026,Paved,Year Round,829 E Remington lot 27 Road
112157,0.02,0.0,2025-07-15,2025-07-07,260000,0,0,2025-08-12,261000.0,FHA,B-1891-0024-0000,3,2,1,0,0,1,1,1365,2007,,Year Round,370 W 1425 #24 N
112161,0.3,0.0,2025-07-22,2025-07-09,424900,0,0,2025-09-25,424900.0,CONV,A-0798-0029-0000,3,2,1,0,0,1,1,1576,2026,Paved,Year Round,5018 N Remington lot 29 Road
112164,0.12,0.0,2025-08-06,2025-07-09,399900,0,0,2025-09-04,395000.0,CASH,B-1895-0037-0000,3,2,0,0,1,1,1,1419,2021,Paved,Year Round,773 S Eastgate Drive
112170,5.0,0.0,2025-10-07,2025-07-09,768500,0,0,2025-11-12,730000.0,CONV,D-0502-0004-0000,4,2,1,0,0,1,1,2428,2025,,Year Round,2427 W 5500 N
112173,0.29,0.0,2025-08-09,2025-07-09,528315,1939,0,2025-09-11,528315.0,CONV,B-1857-0027-0127,3,2,0,0,0,1,1,3731,2025,,Year Round,571 S Cedar Creek Drive 127
112193,0.11,0.0,2025-07-22,2025-07-10,315000,0,10000,2025-08-20,315000.0,CONV,B-2038-0008-000E,3,2,0,0,0,1,1,1154,2025,Paved,Year Round,582 W 2360 N
112194,0.03,0.0,2025-08-18,2025-07-07,320000,0,3030,2025-09-30,303000.0,CONV,B-2021-0035-0000,3,2,1,0,1,1,1,1711,2022,Paved,Year Round,668 E Fiddlers Cove #35 Drive
112195,1.32,100.0,2025-08-19,2025-07-10,689000,445,12000,2025-09-15,650000.0,CASH,A-1210-0055-0000,2,2,1,0,2,1,1,2215,1978,Paved,,444 E Steam Engine Drive
112200,0.3,100.0,2025-07-10,2025-07-10,686655,1894,15000,2025-11-03,691372.0,CONV,B-1877-0110-0000,7,4,0,0,0,2,2,3779,2025,Paved,Year Round,2062 S Serenity Drive
112202,0.22,100.0,2025-07-19,2025-07-11,390000,1134,10000,2025-08-21,400000.0,CONV,B-1111-0001-0003,3,2,1,0,1,1,1,2268,1966,Paved,Year Round,694 S 300 E
112213,0.33,100.0,2025-09-05,2025-07-10,899000,572,1500,2025-09-26,916500.0,CASH,A-1150-0005-0009,4,3,0,0,1,1,1,1868,2006,Paved,,288 W Ridge View Street
112218,0.58,0.0,2025-08-11,2025-07-11,375000,0,0,2025-08-29,360000.0,CONV,D-0518-0081-0000,3,2,0,0,1,1,1,1140,1997,Paved,Year Round,5317 N 2700 W
112223,0.42,0.0,2025-08-05,2025-07-11,965000,0,0,2025-11-10,1005217.0,CONV,B-2012-0908-0000,5,3,1,0,1,1,1,3887,2025,Paved,Year Round,1827 S Grace Lane
112227,0.36,0.0,2025-09-19,2025-07-11,860000,0,0,2025-10-09,868487.5,CASH,B-2012-0910-0000,5,2,1,0,1,1,1,3192,2025,,Year Round,1795 S Grace Lane
112239,0.36,100.0,2025-07-16,2025-07-12,450000,1020,0,2025-08-18,458000.0,CONV,D-0223-0001-0060,4,3,0,0,1,1,1,2640,1993,Paved,Year Round,411 S Ridge Road
112242,0.5,0.0,2025-07-14,2025-07-14,515785,0,0,2025-07-14,515785.0,CONV,D-0565-0003-0000,3,2,0,0,0,1,1,2101,2025,Paved,Year Round,4419 N 2600 W
112248,0.36,0.0,2025-09-03,2025-07-12,355000,0,5000,2025-10-03,355000.0,VA,D-0121-0003-0000,3,2,0,0,1,1,1,1720,1967,Paved,,95 E 100 S
112253,0.03,0.0,2025-09-13,2025-07-14,280000,0,0,2025-09-26,276174.0,CASH,B-1958-0019-000D,3,2,1,0,0,1,1,1420,2022,,Year Round,3059 N 175 E
112254,0.5,0.0,2025-10-02,2025-07-14,347800,0,0,2025-10-23,335000.0,CONV,D-0518-0043-0001-02,3,1,0,1,0,1,1,1404,1994,Paved,,5243 N 2900 W
112259,0.04,0.0,2025-08-26,2025-07-15,299000,0,4558,2025-10-02,299000.0,CONV,B-1898-0030-0000,3,2,1,0,0,1,1,1538,2018,Paved,Year Round,173 E Fiddlers Canyon #30 Road
112264,0.34,0.0,2025-10-06,2025-07-15,579000,0,0,2025-11-13,579000.0,CONV,B-2012-0409-0000,3,2,1,0,1,1,1,1922,2025,Paved,Year Round,2787 W Rock Ridge Road
112485,0.03,0.0,2025-08-27,2025-07-31,304800,0,0,2025-09-26,303000.0,CONV,B-2047-0032-0000,3,2,1,0,0,1,1,1650,2025,Paved,Year Round,3143 W 1625 #32 N
112274,0.18,0.0,2025-07-23,2025-07-15,399000,0,0,2025-09-15,399245.0,CONV,A-0007-0017-0010,3,2,0,0,1,1,1,1657,2025,Paved,Year Round,57 S 500 E
112277,0.39,65.0,2025-08-18,2025-07-16,959000,2187,0,2025-09-24,940000.0,CASH,B-2012-0301-0000,5,3,1,0,1,1,1,4517,2025,Paved,Year Round,2817 W Oak Springs Road
112279,0.13,0.0,2025-07-28,2025-07-16,329900,0,0,2025-08-27,329900.0,CONV,B-1791-0030-0001,3,2,0,0,0,1,1,1290,2005,Paved,Year Round,1413 S Southern View Drive
112281,0.26,0.0,2025-07-14,2025-07-14,625600,0,0,2025-07-15,626010.51,CASH,B-2012-0213-0000,3,2,0,0,1,1,1,2010,2025,Paved,Year Round,1932 S Oak Springs Circle
112284,0.25,0.0,2025-08-30,2025-07-16,484000,0,0,2025-10-02,470000.0,CONV,B-1857-0027-0084,4,2,1,0,0,1,1,1812,2025,Paved,Year Round,3638 W Bladen Street
112289,0.08,0.0,2025-08-20,2025-07-17,334900,0,4000,2025-10-02,334900.0,CONV,B-1942-0004-000E,3,2,1,0,0,1,1,1715,2017,Paved,,479 W 2150 N
112388,0.0,0.0,2025-08-22,2025-07-23,125000,0,0,2025-09-24,119000.0,CONV,A-1178-0132-0000,0,1,0,0,0,1,1,464,1983,Paved,Year Round,150 W Ridge View #132
112396,0.02,0.0,2025-08-29,2025-07-24,159000,0,0,2025-09-22,170000.0,CASH,B-1960-0004-000B,3,2,1,0,0,1,1,1258,2007,Paved,,920 S 25 #4b E
112399,6.16,100.0,2025-07-30,2025-07-24,675000,380,0,2025-08-29,610000.0,CONV,D-0636-0024-0001,4,2,0,0,2,1,1,2502,1920,,Year Round,3290 N Meadow Lark Lane
112400,0.13,0.0,2025-07-24,2025-07-24,329990,0,0,2025-08-28,329990.0,CASH,B-2033-0031-000S,3,2,0,0,0,1,1,1363,2025,Paved,Year Round,1162 N Sage 1082 N Street
112401,0.13,0.0,2025-07-24,2025-07-24,332990,0,0,2025-09-09,332990.0,CASH,B-2033-0026-000N,3,2,0,0,0,1,1,1363,2025,,Year Round,3311 W Pointe West 1083 Way
112441,0.03,0.0,2025-08-11,2025-07-28,329000,0,0,2025-09-18,325000.0,FHA,B-1848-0003-0024,3,1,1,1,1,1,1,1672,2019,Paved,,3060 W 1725 #24 N
112444,0.41,0.0,2025-08-11,2025-07-29,399900,0,0,2025-08-26,384300.0,CASH,A-0974-0044-0000,3,2,0,0,0,1,1,1435,2020,Paved,Year Round,4234 N Prospector Lane
112445,5.01,0.0,2025-09-26,2025-07-29,575000,0,0,2025-11-07,550000.0,CONV,E-0231-0015-0000,3,2,0,0,1,1,1,1533,2018,Paved,Year Round,7945 W 1800 S
112448,0.1,0.0,2025-08-26,2025-07-29,325000,0,0,2025-09-25,320000.0,CONV,B-1870-0047-000N,3,2,1,0,0,1,1,1577,2017,Paved,Year Round,2834 N Clark Parkway
112449,0.5,0.0,2025-08-19,2025-07-29,325000,0,9000,2025-09-26,300000.0,CONV,D-0518-0013-0000,2,2,0,0,0,1,1,1152,1995,Paved,,5066 N 2900 W
112460,0.16,0.0,2025-09-04,2025-07-29,397000,0,0,2025-10-06,397000.0,VA,B-2033-0021-0000,3,2,0,0,0,1,1,1583,2025,Paved,,1126 N Yucca (3325 W) Street
112463,0.16,0.0,2025-08-04,2025-07-28,339900,0,1536,2025-09-05,337000.0,CASH,B-1379-0050-0000,3,2,0,0,1,1,1,1382,1994,Paved,Year Round,747 W 1350 S
112466,0.3,75.0,2025-08-01,2025-07-29,300000,1059,0,2025-09-05,300000.0,CASH,B-0320-0000-0000,4,3,0,0,0,2,1,3033,1934,Paved,Year Round,285 S 100 E
112469,2.48,0.0,2025-08-08,2025-07-29,499000,0,0,2025-10-10,485000.0,VA,E-0209-0001-0003-06,3,2,0,0,1,1,1,1357,1997,,Year Round,5337 W 1275 S
112479,0.03,100.0,2025-08-04,2025-07-30,334990,632,4000,2025-09-09,334990.0,Utah Hsng,B-1857-1179-0000,3,2,1,0,0,1,1,2205,2025,Paved,Year Round,602 S Rockwell 1179 Lane
112497,0.12,0.0,2025-08-26,2025-08-01,324999,0,9000,2025-09-30,329000.0,VA,B-1791-0037-0001,3,2,0,0,0,1,1,1290,2006,Paved,,1438 S Northern View Dr Drive
112500,0.03,80.0,2025-08-25,2025-08-01,324990,632,4000,2025-09-29,324990.0,CONV,B-1857-1178-0000,3,2,1,0,0,1,1,2205,2025,Paved,Year Round,598 S Rockwell #1178 Lane
112501,0.03,80.0,2025-08-09,2025-08-01,334990,632,0,2025-09-09,334990.0,CONV,B-1857-1177-0000,4,2,1,0,0,1,1,2248,2025,Paved,Year Round,594 S Rockwell #1177 Lane
112507,0.33,0.0,2025-09-16,2025-08-01,599000,0,0,2025-10-10,585000.0,CONV,B-2028-0002-0000,4,2,0,0,1,1,1,2136,2025,Paved,,3880 W 925 N
112524,1.01,0.0,2025-09-09,2025-08-04,329000,0,10000,2025-10-15,334000.0,FHA,E-0258-0015-0000,3,2,0,0,1,1,1,1188,2006,Paved,Year Round,5222 W 3600 S
112526,0.1,100.0,2025-08-23,2025-08-05,279999,624,10000,2025-09-19,279900.0,CONV,B-1161-0003-0006-01,2,1,1,0,0,1,1,1248,1979,Paved,Year Round,384 W Bramblewood Drive
112537,0.3,0.0,2025-09-17,2025-08-06,799900,0,0,2025-10-30,775000.0,CONV,B-2012-0410-0000,5,3,1,0,1,1,1,2941,2025,Paved,Year Round,2773 W Rock Ridge Road
112552,1.24,0.0,2025-08-29,2025-08-04,370000,0,11000,2025-09-26,370000.0,FHA,D-1188-000B-0008,3,2,0,0,0,1,1,1560,1996,Paved,Year Round,1502 S 4200 W
112554,0.13,0.0,2025-08-20,2025-08-06,324990,0,0,2025-09-26,324990.0,CASH,B-2033-0038-000E,3,2,0,0,0,1,1,1363,2025,Paved,Year Round,3293 W Indigo 1085 N Street
112566,0.2,0.0,2025-08-20,2025-08-07,525000,1643,7500,2025-10-13,525000.0,CONV,B-2017-0033-0000,3,2,0,0,1,1,1,3454,2025,Paved,,141 N Sterling Dr (Lot 33 Phs 4 Crescent Hills)
112570,0.21,90.0,2025-08-14,2025-08-07,335000,1372,0,2025-09-10,330000.0,CONV,B-0006-0029-0012,5,3,0,0,1,1,1,2744,1972,Paved,Year Round,282 N 1500 W
112571,0.11,0.0,2025-08-15,2025-08-05,405000,0,0,2025-09-30,405000.0,CONV,B-2049-0010-000W,4,2,1,0,0,1,1,1600,2025,Paved,,138 W 2725 N
112572,0.11,0.0,2025-08-15,2025-08-05,405000,0,0,2025-09-30,405000.0,CONV,B-2049-0010-000E,4,2,1,0,0,1,1,1600,2025,Paved,,132 W 2725 N
112573,1.01,0.0,2025-10-23,2025-08-07,980000,0,10000,2025-11-07,980000.0,VA,B-2044-0015-0000,4,2,1,0,2,1,1,2566,2025,Paved,Year Round,"1878 S 4450 Lot 15, 4B Ranch W"
112576,1.04,100.0,2025-10-03,2025-08-07,825000,1972,0,2025-11-04,800000.0,CONV,C-1115-0006-0034,4,2,1,0,2,1,1,3633,2005,,Year Round,1231 N Aspen Drive
112587,0.04,0.0,2025-08-13,2025-08-08,292500,0,6000,2025-09-12,296500.0,FHA,B-1386-0016-0000,3,2,1,0,1,1,1,1620,2019,Paved,Year Round,1577 S 1450 W #C
112591,0.03,0.0,2025-08-26,2025-08-08,325000,0,0,2025-10-03,315000.0,FHA,B-1577-049A-0000,4,2,1,0,0,1,1,1631,2022,Paved,,280 W 2050 N Street
112594,0.02,0.0,2025-08-27,2025-08-09,268800,0,4000,2025-10-04,270800.0,CONV,B-2047-0002-0000,2,2,1,0,0,1,1,1284,2025,Paved,Year Round,3120 W 1625 #2 N
112597,0.03,80.0,2025-08-26,2025-08-09,324990,632,4000,2025-10-08,324990.0,CONV,B-1857-1160-0000,4,2,0,0,0,1,1,2248,2025,,Year Round,2960 W LaGrand 1160 Street
112598,0.03,80.0,2025-09-09,2025-08-09,324990,632,5000,2025-10-17,326265.0,VA,B-1857-1158-0000,3,2,1,0,0,1,1,2205,2025,Paved,Year Round,2954 W LaGrand #1158 Street
112599,0.03,80.0,2025-10-11,2025-08-09,309990,632,9000,2025-11-18,309990.0,CONV,B-1857-1159-0000,3,2,1,0,0,1,1,2205,2025,,Year Round,2958 W LaGrand 1159 Street
112609,0.11,100.0,2025-10-21,2025-08-11,404900,1019,0,2025-11-14,402400.0,CASH,B-2026-009B-0000,4,2,1,0,0,1,1,2166,2025,Paved,Year Round,722 S Liberty Cove Drive
112615,0.19,0.0,2025-10-06,2025-08-11,325000,0,550,2025-11-21,325000.0,CONV,B-1157-0001-0003,3,2,0,0,1,2,1,1452,1993,Paved,Year Round,437 Bristlecone Drive
112622,0.41,0.0,2025-08-17,2025-08-12,395000,0,5000,2025-09-18,395000.0,FHA,A-0916-0002-001B,3,1,0,1,0,1,1,1366,2025,,Year Round,4890 N Green Acres Circle
112627,0.3,0.0,2025-09-12,2025-08-12,435000,0,0,2025-10-21,417000.0,CONV,A-0917-0132-0000,4,2,1,0,0,1,1,1921,2021,Paved,Year Round,2123 E Mountain View Loop
112636,0.0,0.0,2025-08-21,2025-08-13,175000,0,0,2025-09-15,167500.0,CASH,A-1197-000A-0202,1,1,1,0,0,1,1,478,1984,Paved,Year Round,223 Hunter Ridge #a202
112642,0.02,100.0,2025-10-15,2025-08-13,361900,405,0,2025-11-24,366900.0,VA,B-2041-0006-000D,4,3,1,0,0,1,1,2272,2025,Paved,Year Round,665 E 2015 6D N
112645,0.17,0.0,2025-09-25,2025-08-14,399500,0,5000,2025-10-24,401300.0,VA,A-0845-0011-0002,3,2,0,0,0,1,1,1432,2025,Paved,Year Round,3973 N Hawks Landing Loop
112646,0.25,100.0,2025-09-12,2025-08-14,399800,1382,10000,2025-10-17,399800.0,FHA,B-1340-0004-0012,4,3,0,0,0,1,1,2764,1993,Paved,,2205 N Bandtail Circle
112657,0.17,0.0,2025-08-26,2025-08-13,425000,0,0,2025-09-22,421500.0,CONV,B-1379-0089-0000,4,3,0,0,1,1,1,1905,1994,Paved,Year Round,1349 S 625 W
112660,0.4,15.0,2025-09-10,2025-08-14,799000,1918,0,2025-10-15,750000.0,CONV,B-1113-0012-0008,6,3,1,0,2,1,1,5727,2008,Paved,Year Round,1945 W 150 S
112679,0.36,0.0,2025-10-15,2025-08-15,559500,0,0,2025-11-06,548000.0,CONV,B-1990-0003-0000,4,2,0,0,0,1,1,2256,2019,Paved,Year Round,163 S KINGSBURY Drive
112687,0.39,100.0,2025-09-03,2025-08-18,315000,281,0,2025-09-25,307500.0,CASH,A-0442-0001-0000,3,1,0,0,1,1,1,1404,1924,Paved,,24 S 500 W
112696,0.19,80.0,2025-09-29,2025-08-18,395000,400,0,2025-11-03,365000.0,Other,B-1118-0014-0000,4,2,0,1,1,1,1,1912,1949,Paved,,245 S 800 W
113041,0.28,0.0,2025-09-15,2025-09-12,479900,0,0,2025-10-20,482900.0,CASH,A-0990-0002-0000,3,2,0,0,1,1,1,1743,2022,Paved,,1021 E 4290 N (Lot 2 Phs 4 Settlers Square)
113081,0.26,0.0,2025-10-07,2025-09-15,457500,0,5000,2025-11-07,455000.0,CONV,A-0990-0046-0000,4,2,0,0,0,1,1,1800,2025,Paved,,1068 E 4240 (Lot 46 Phs 4 Settlers Square) N
113096,0.39,0.0,2025-09-29,2025-09-15,615000,0,0,2025-10-23,615000.0,CASH,B-2001-0034-0000,4,3,0,0,1,1,1,2345,2022,Paved,Year Round,2988 W 2025 S Circle
112700,0.02,0.0,2025-08-22,2025-08-19,249000,0,0,2025-09-11,242500.0,CASH,B-1917-0031-0000,3,2,1,0,0,1,1,1365,2008,Paved,,340 W 1425 #106 N
112702,0.2,0.0,2025-09-12,2025-08-19,519000,1546,9950,2025-11-04,528950.0,CONV,B-2017-0032-0000,3,2,0,0,1,1,1,3244,2025,Paved,,159 N Sterling Dr (Lot 32 Phs 4 Crescent Hills)
112706,3.14,0.0,2025-09-08,2025-08-19,450000,0,0,2025-10-03,440000.0,CASH,E-0209-0002-000C-09,3,2,0,0,0,1,1,1182,1995,Paved,,5061 W 1525 S
112721,0.05,0.0,2025-08-23,2025-08-20,320000,0,0,2025-09-22,320000.0,FHA,B-1472-00A4-0066,3,2,0,0,1,1,1,1616,2003,Paved,,195 E Fiddlers Canyon #66
112730,0.05,0.0,2025-09-05,2025-08-19,298700,0,7500,2025-09-25,298700.0,FHA,B-1808-0027-0000,3,2,0,0,1,1,1,1706,2007,Paved,Year Round,1477 N 400 W
112748,0.52,0.0,2025-09-25,2025-08-21,415000,0,0,2025-10-28,415000.0,CASH,A-0876-0000-000Q-21,4,2,0,0,1,1,1,1650,2000,Paved,Year Round,4355 N Maple Lane
112774,0.03,0.0,2025-08-22,2025-08-22,301800,0,9000,2025-09-04,304800.0,CONV,B-2047-0009-0000,3,2,1,0,0,1,1,1650,2025,Paved,Year Round,3152 W 1625 #9 N
112825,0.28,0.0,2025-10-09,2025-08-27,385500,0,7500,2025-10-27,385500.0,CONV,B-1176-0007-0004,3,2,0,0,1,1,1,1222,1991,Paved,,79 N Cove Drive
112852,0.03,0.0,2025-09-24,2025-08-27,324990,632,4000,2025-10-23,324990.0,CONV,B-1857-1163-0000,3,2,1,0,0,1,1,2205,2025,Paved,Year Round,2974 W Lagrand 1163 Street
112854,0.03,80.0,2025-09-09,2025-08-27,314990,632,4000,2025-10-02,314990.0,CONV,B-1857-1162-0000,3,2,1,0,0,1,1,2205,2025,Paved,Year Round,2968 W LaGrand #1162 Street
112855,0.03,80.0,2025-09-13,2025-08-28,324990,632,4000,2025-10-21,324990.0,CONV,B-1857-1161-0000,4,2,1,0,0,1,1,2248,2025,Paved,Year Round,2964 W LaGrand #1161 Street
112882,0.2,100.0,2025-10-16,2025-08-29,569900,1624,0,2025-11-10,565000.0,CASH,B-1975-0009-0000,6,3,0,0,1,1,1,3248,2012,Paved,,345 S 3450 W
112887,0.12,0.0,2025-09-11,2025-08-29,310000,0,0,2025-10-07,316000.0,CONV,B-1837-0009-000W,3,2,0,0,1,1,1,1430,2006,Paved,,4248 W 275 N
112892,0.15,0.0,2025-09-26,2025-08-29,419500,0,0,2025-11-06,409000.0,CONV,B-1895-0019-0001,3,2,0,0,1,1,1,1419,2019,Paved,Year Round,2416 W Clubhouse Loop
112903,0.92,100.0,2025-09-09,2025-09-02,424900,792,0,2025-10-20,399999.0,FHA,D-0300-0033-0000,3,3,0,0,3,1,1,2328,2005,Paved,,4533 S 2275 E
112904,0.25,0.0,2025-10-07,2025-09-02,425000,0,0,2025-10-24,445000.0,CONV,B-1868-0010-0000,3,2,0,0,1,1,1,1912,2016,Paved,,1795 N 3475 W
112914,0.01,0.0,2025-09-30,2025-09-02,189999,0,5000,2025-11-04,168500.0,CONV,B-1960-0006-000E,3,2,1,0,0,1,1,1258,2006,Paved,,920 S 25 #6E E
112920,0.03,0.0,2025-09-03,2025-09-03,319900,0,0,2025-11-10,314900.0,CASH,B-2053-0010-0000,3,2,1,0,1,1,1,1716,2025,Paved,,51 S 4375 #10 W
112921,0.03,0.0,2025-09-03,2025-09-03,324900,0,0,2025-10-27,319900.0,CASH,B-2053-0011-0000,3,2,1,0,1,1,1,1716,2025,Paved,,51 S 4375 #11 W
112930,0.08,0.0,2025-09-22,2025-09-03,310000,0,12600,2025-10-30,315000.0,VA,B-1870-0018-0000,3,2,1,0,0,1,1,1611,2007,Paved,,1814 W Clark N Parkway
112935,0.0,0.0,2025-09-06,2025-09-04,665000,0,5000,2025-11-07,710000.0,CONV,A-1207-0002-006B,3,3,1,0,1,1,1,1980,2006,Paved,Year Round,565 Vasels #6B Road
112954,0.1,0.0,2025-10-06,2025-09-04,345000,0,10000,2025-10-24,330000.0,FHA,B-1474-0044-0000,3,2,1,0,1,1,1,1747,1998,Paved,,1365 N 650 W
112970,0.43,0.0,2025-11-06,2025-09-05,432500,0,0,2025-11-21,422900.0,CASH,A-0840-0006-0014,3,2,0,0,0,1,1,1593,2023,Paved,,4511 Marshal Trail
112988,0.0,0.0,2025-09-10,2025-09-08,215000,0,0,2025-10-24,205000.0,CONV,B-1151-0001-0004-116,2,2,0,0,1,1,1,1136,1977,Paved,,936 Three Fountains Dr
112990,0.0,0.0,2025-09-19,2025-09-08,300000,0,1500,2025-10-20,320000.0,CONV,A-1150-0002-0001-110,2,2,0,0,1,1,1,1222,1978,Paved,Year Round,312 S Highway 143 #5B
112995,0.9,0.0,2025-10-03,2025-09-09,899000,0,10000,2025-11-06,899000.0,CONV,B-2030-0015-0000,3,2,1,0,1,1,1,2501,2025,Paved,Year Round,4177 W 1800 S
113014,0.19,0.0,2025-10-13,2025-09-10,298000,0,6350,2025-11-13,294000.0,FHA,B-0065-0062-0000,3,2,0,0,0,1,1,1213,1996,Paved,,285 N Bulloch Place
113022,0.46,0.0,2025-09-22,2025-09-10,375000,0,0,2025-11-04,375000.0,CONV,A-0876-0000-000R-26,5,2,0,0,1,1,1,2066,2000,Paved,Year Round,723 E Rose Lane
113032,0.11,0.0,2025-09-23,2025-09-11,324990,0,9000,2025-11-04,324990.0,Utah Hsng,B-2033-0038-000W,3,2,0,0,0,1,1,1363,2025,Paved,Year Round,3277 W Indigo 1087 Street
113035,0.03,80.0,2025-10-23,2025-09-11,324990,632,0,2025-11-10,324990.0,CASH,B-1857-1164-0000,3,2,1,0,0,1,1,2205,2025,Paved,Year Round,2988 W LAGRAND 1164 Street
113036,0.03,80.0,2025-10-14,2025-09-11,309990,632,9000,2025-11-18,309990.0,FHA,B-1857-1166-0000,3,2,1,0,0,1,1,2205,2025,Paved,Year Round,2992 W LaGrand #1166 Street
113038,0.03,80.0,2025-09-26,2025-09-11,309990,632,0,2025-11-20,309990.0,FHA,B-1857-1165-0000,3,2,1,0,0,1,1,2205,2025,Paved,Year Round,2990 W LAGRAND 1165 Street
113113,0.03,0.0,2025-09-16,2025-09-16,319900,0,0,2025-10-20,309566.0,CASH,B-2053-0006-0000,3,2,1,0,1,1,1,1716,2025,Paved,,51 S 4375 #6 W
113115,0.03,0.0,2025-09-16,2025-09-16,319900,0,0,2025-10-20,309566.0,CASH,B-2053-0009-0000,3,2,1,0,1,1,1,1716,2025,Paved,,51 S 4375 #9 W
113116,0.03,0.0,2025-09-16,2025-09-16,324900,0,0,2025-10-20,309566.0,CASH,B-2053-0005-0000,3,2,1,0,1,1,1,1716,2025,Paved,,51 S 4375 #5 W
113117,0.03,0.0,2025-09-16,2025-09-16,324900,0,0,2025-10-20,309566.0,CASH,B-2053-0007-0000,3,2,1,0,1,1,1,1716,2025,Paved,,51 S 4375 #7 W
113118,0.03,0.0,2025-09-16,2025-09-16,324900,0,0,2025-10-20,309566.0,CASH,B-2053-0008-0000,3,2,1,0,1,1,1,1716,2025,Paved,,51 S 4375 #8 W
113134,0.24,100.0,2025-10-17,2025-09-17,548000,1040,10000,2025-11-19,542000.0,C for Deed,B-1115-0009-0000,5,3,1,0,0,2,2,2964,1998,Paved,Year Round,265 S 900 W
113141,0.11,100.0,2025-11-14,2025-09-17,399900,1019,0,2025-11-14,407658.14,CASH,B-2026-009A-0000,4,2,1,0,0,1,1,2166,2025,Paved,Year Round,714 S Liberty Cove Drive
113166,0.02,0.0,2025-10-07,2025-09-18,1750,0,0,2025-10-07,1750.0,Other,B-2043-0006-0000,3,2,1,0,0,1,1,1518,2024,Paved,Year Round,535 W 2530 N #6
113168,0.02,0.0,2025-10-07,2025-09-18,1750,0,0,2025-10-07,1750.0,Other,B-2043-0010-0000,3,2,1,0,0,1,1,1518,2024,Paved,Year Round,535 W 2530 N #10
113173,0.02,0.0,2025-10-31,2025-09-18,1650,0,0,2025-10-31,1650.0,Other,B-2043-0007-0000,3,2,1,0,0,1,1,1518,2024,Paved,Year Round,535 W 2530 N #7
113578,0.02,0.0,2025-10-18,2025-10-17,250000,0,9000,2025-11-18,258000.0,CONV,B-1891-0048-0000,3,2,1,0,0,1,1,1365,2007,Paved,,370 W 1425 N #48
113615,0.16,0.0,2025-10-22,2025-10-22,463477,0,0,2025-10-22,463677.0,CONV,B-2033-0022-0000,5,3,0,0,0,1,1,2020,2025,Paved,Year Round,1138 N Yucca Street
113625,5.55,0.0,2025-10-26,2025-10-22,269900,0,15000,2025-11-20,275000.0,CONV,E-1402-0002-0000,3,2,0,0,0,1,1,1080,2005,,Year Round,131 S 1300 E
113626,0.02,0.0,2025-10-24,2025-10-21,310000,0,5000,2025-11-06,305000.0,CASH,A-1173-0065-0000,2,2,0,0,1,1,1,930,1981,,Year Round,407 S Vasels (fka Brian Head Blvd) #65 Road
113676,0.2,0.0,2025-10-29,2025-10-29,425800,0,0,2025-11-05,425800.0,CONV,A-0845-0011-0011,3,2,0,0,0,1,1,1432,2025,Paved,Year Round,3878 N Hawks Landing Loop
113726,0.53,0.0,2025-11-05,2025-11-03,249900,0,0,2025-11-19,234000.0,CASH,A-0878-0011-0022,3,2,0,0,1,1,1,1568,1996,Paved,Year Round,4261 N Morgan Drive
113764,0.02,100.0,2025-11-04,2025-11-04,364000,405,0,2025-11-05,364000.0,CONV,B-2041-0004-000A,4,3,1,0,0,1,1,2272,2025,Paved,Year Round,665 E 2015 #4A N
98644,0.25,50.0,2022-08-05,2022-06-09,485000,1428,4000,2022-09-16,480000.0,CONV,D-1210-0037-0000,5,3,0,0,0,1,1,2983,2019,Paved,Year Round,2233 W Secretariat Way
96997,0.26,100.0,2022-02-21,2022-02-16,449000,1620,1000,2022-04-22,458000.0,CONV,B-1160-0005-0006,6,4,0,0,0,1,1,3275,1989,,Year Round,148 N Sunnyside Drive
97002,0.25,100.0,2022-03-08,2022-02-16,535000,1545,500,2022-04-20,537000.0,CONV,B-1868-0048-0000,5,3,0,0,0,1,1,3090,2010,Paved,Year Round,1693 N 3400 W
97052,0.42,0.0,2022-02-22,2022-02-17,550000,0,0,2022-03-23,571000.0,CONV,B-1745-0009-0000,4,2,0,1,1,1,1,2282,2012,Paved,Year Round,1367 N Fairway Drive
107786,0.04,0.0,2024-09-16,2024-07-21,342000,0,0,2024-10-11,342000.0,FHA,B-2003-0058-0000,3,0,0,1,0,1,1,1454,2022,Paved,,1825 N Lund #58
97094,0.43,100.0,2022-04-05,2022-02-22,400000,1001,0,2022-05-04,380000.0,FHA,A-0840-0003-0019,5,2,0,0,0,1,1,2002,1991,Paved,,4595 N Old Scout Trail
97095,0.03,0.0,2022-02-22,2022-02-22,315000,0,0,2022-06-08,310000.0,CASH,B-1958-0021-000F,3,2,1,0,0,1,1,1420,2022,Paved,Year Round,3039 N 175 E
98909,0.0,100.0,2022-12-19,2022-06-23,350000,1196,0,2023-01-10,322500.0,Own Fin,B-1151-0001-0004-223,4,3,0,0,2,1,1,2392,1977,Paved,Year Round,997 S Three Fountains #d-3
104158,0.23,100.0,2024-03-20,2023-09-27,399000,575,10000,2024-04-19,380000.0,CONV,B-1154-0001-0025,4,3,0,0,2,1,1,1945,1977,Paved,,1099 W Cedar Knolls S
97098,0.51,0.0,2022-03-28,2022-02-22,545000,0,0,2022-05-24,545000.0,CONV,D-1214-0003-0000,4,2,0,0,0,1,1,2036,2022,Paved,Year Round,2423 W 4925 N
97099,0.19,20.0,2022-03-09,2022-02-21,360000,447,0,2022-04-07,372000.0,CONV,B-0246-0000-0000,5,2,0,0,1,1,1,2047,1919,Paved,,191 W 200 S
97100,0.5,0.0,2022-03-01,2022-02-02,545000,0,0,2022-06-10,540000.0,CONV,D-1214-0002-000,4,2,0,0,0,1,1,2036,2022,Paved,Year Round,2441 W 4925 N
97104,0.23,0.0,2022-03-15,2022-02-22,484800,0,0,2022-04-11,484800.0,CASH,B-1799-0018-0000,3,2,0,0,1,1,1,2088,2022,Paved,Year Round,1360 N 3900 W
97105,0.24,0.0,2022-02-22,2022-02-21,506210,0,0,2022-11-18,511320.0,CONV,D-1220-0019-0000,4,2,1,0,1,1,1,2936,2022,Paved,Year Round,1945 W 4675 North Street
97106,0.18,0.0,2022-02-25,2022-02-23,415000,0,0,2022-03-25,415000.0,CONV,B-1999-0033-0000,3,2,0,0,0,1,1,1400,2018,Paved,Year Round,195 N 2825 W
97122,0.11,0.0,2022-03-02,2022-02-24,300000,0,0,2022-03-30,297000.0,CONV,B-1881-0007-0001,3,2,0,0,0,1,1,1159,2007,Paved,,4240 W Canterbury Court
97131,0.16,0.0,2022-03-25,2022-02-25,369900,0,0,2022-05-04,385000.0,CONV,B-1867-0015-0000,3,2,0,0,0,1,1,1339,2007,Paved,,536 W 2075 N
97136,0.11,0.0,2022-03-01,2022-02-25,340000,0,0,2022-03-11,240000.0,CASH,B-1870-0012-000S,3,2,1,0,0,1,1,1672,2006,Paved,,2906 N Gemini Meadows Lane
97139,0.51,90.0,2022-04-13,2022-02-25,425000,675,0,2022-05-09,400000.0,CONV,A-0724-0001-0001,4,2,1,0,2,1,1,1863,1977,Paved,Year Round,240 E 100 S
97144,0.26,40.0,2022-02-25,2022-02-25,418000,1379,0,2022-07-29,423479.0,CONV,A-1034-0004-0000,3,2,0,0,1,1,1,2929,2022,Paved,,"1049 E Southern Homestead Blvd Lot 4, Phs 3, Settlers Square"
97150,0.18,100.0,2022-03-21,2022-02-26,349000,672,0,2022-04-11,360000.0,CASH,B-0035-0003-0000,4,2,0,0,1,1,1,1344,1943,Paved,,35 N 700 W
107100,0.0,0.0,2024-11-26,2024-06-01,239900,0,0,2024-12-13,215000.0,Owner 1st,A-1172-0054-0000,1,1,0,0,1,1,1,740,1973,Paved,Year Round,226 S Hwy 143 #24
97151,0.21,0.0,2022-03-11,2022-02-26,475000,0,2000,2022-04-15,483000.0,CONV,B-1578-0004-0003,4,2,1,0,1,1,1,1909,1998,Paved,,679 S 2125 W
97153,0.09,0.0,2022-04-01,2022-02-28,355000,0,0,2022-04-28,357500.0,FHA,B-1474-0007-0000,4,3,0,0,0,1,1,1640,1996,Paved,,647 W 1350 N
97157,0.03,0.0,2022-03-15,2022-02-25,314900,0,0,2022-04-15,314900.0,CONV,B-1958-0029-000E,3,2,1,0,0,1,1,1420,2020,Paved,Year Round,3067 N 225 E
98989,0.55,0.0,2022-09-27,2022-06-28,299000,0,5000,2022-10-28,295000.0,FHA,E-0147-0004-0000,3,2,0,0,1,1,1,1584,1986,Unimproved,,4712 W 2100 N
97160,0.0,0.0,2022-03-16,2022-03-01,199900,0,0,2022-04-11,200000.0,CONV,A-1176-0002-0007,0,1,0,0,1,1,1,420,1984,Paved,Year Round,464 N Hwy 143 #A207
97219,0.21,0.0,2022-03-09,2022-03-07,349000,0,0,2022-03-29,371000.0,CASH,B-1778-0013-0000,3,2,0,0,0,1,1,1456,2005,Paved,Year Round,264 N Torrey Pines Circle
96585,0.01,100.0,2022-04-05,2022-01-09,399000,0,3000,2022-05-06,360000.0,CONV,A-1181-0411-02AM,3,2,0,0,1,1,1,1300,1972,,Year Round,651 S Snowflake Edelweiss unit 411
104170,0.0,0.0,2024-03-31,2023-09-28,299999,0,0,2024-05-06,295000.0,CONV,A-1173-0073-0000,2,2,0,0,1,1,1,942,1981,Paved,Year Round,407 S Vasels (fka Brian Head Blvd) Giant Steps condo #73
99391,0.25,0.0,2022-08-01,2022-07-26,419900,0,0,2022-08-12,409000.0,CASH,B-2020-0028-0000,3,2,0,0,0,1,1,1583,2022,,Year Round,4422 W 275 North Street
96668,0.02,0.0,2022-01-24,2022-01-18,319000,0,0,2022-02-18,315000.0,CONV,B-1386-0053-0000,3,2,1,0,0,1,1,1608,2020,Paved,,1561 S Quartz #B Drive
97363,0.18,5.0,2022-04-20,2022-03-18,550000,1563,0,2022-10-14,552041.0,CONV,B-2017-0008-0000,3,2,0,0,0,1,1,3261,2022,Paved,Year Round,177 N Strathmore (Lot 8)
96672,1.01,0.0,2022-02-28,2022-01-18,455000,0,0,2022-03-28,450000.0,FHA,E-0258-0050-0003-01,3,2,0,0,1,1,1,1792,2019,,Year Round,3534 S 5100 W
96674,0.04,0.0,2022-01-31,2022-01-18,330000,0,0,2022-02-23,320000.0,CASH,B-1995-0003-0028,3,2,0,0,1,1,1,1428,2007,Paved,,1458 N 400 W
96677,0.03,0.0,2022-01-19,2022-01-19,310000,0,0,2022-06-03,300000.0,CONV,B1958-0024-000F,3,2,1,0,0,1,1,1420,2021,Paved,Year Round,3058 N 175 E
96679,0.03,0.0,2022-01-19,2022-01-19,305000,0,0,2022-06-03,300000.0,CONV,B-1958-0024-000E,3,2,1,0,0,1,1,1420,2021,Paved,Year Round,3056 N 175 E
96680,0.03,0.0,2022-01-19,2022-01-19,305000,0,0,2022-05-20,300000.0,CONV,B-1958-0024-000D,3,2,1,0,0,1,1,1420,2021,Paved,Year Round,3054 N 175 E
96681,0.03,0.0,2022-01-19,2022-01-19,305000,0,0,2022-06-03,300000.0,CONV,B-1958-0024-000C,3,2,1,0,0,1,1,1420,2021,Paved,Year Round,3052 N 175 E
96682,0.03,0.0,2022-01-19,2022-01-19,305000,0,0,2022-06-03,300000.0,CONV,B-1958-0024-000B,3,2,1,0,0,1,1,1420,2021,Paved,Year Round,3050 N 175 E
96683,0.03,0.0,2022-01-19,2022-01-19,310000,0,0,2022-06-03,300000.0,CONV,B-1958-0024-000A,3,2,1,0,0,1,1,1420,2021,Paved,Year Round,3048 N 175 E
96686,0.24,100.0,2022-01-30,2022-01-19,499900,1503,0,2022-02-21,507500.0,CONV,B-1941-0009-0000,6,3,0,0,1,1,1,3006,2010,Paved,,3539 W 325 S Circle
96687,0.45,0.0,2022-03-01,2022-01-19,540000,0,0,2022-03-29,540000.0,VA,A-0907-0015-0000,4,2,0,0,0,1,1,2150,2022,Paved,,4269 N Tomahawk (Lot 15) Drive
96688,0.03,0.0,2022-01-19,2022-01-19,310000,0,0,2022-08-05,303000.0,CASH,B-1958-0023-000D,3,2,1,0,0,1,1,1420,2021,Paved,Year Round,3046 N 175 E
96689,0.03,0.0,2022-01-19,2022-01-19,305000,0,0,2022-08-05,303000.0,CASH,B-1958-0023-000C,3,2,1,0,0,1,1,1420,2021,Paved,Year Round,3044 N 175 E
96690,0.03,0.0,2022-01-19,2022-01-19,305000,0,0,2022-08-05,303000.0,CASH,B-1958-0023-000B,3,2,1,0,0,1,1,1420,2021,Paved,Year Round,3042 N 175 E
96691,0.03,0.0,2022-01-19,2022-01-19,310000,0,0,2022-08-05,303000.0,CASH,B-1958-0023-000A,3,2,1,0,0,1,1,1420,2021,Paved,Year Round,3040 N 175 E
96695,0.3,0.0,2022-03-27,2022-01-19,492800,1533,4000,2022-05-25,502000.0,FHA,B-1857-0027-0001,3,2,0,0,0,1,1,3066,2021,Paved,Year Round,3614 W Foundation Trail
96698,20.2,0.0,2022-02-11,2022-01-19,350000,0,0,2022-03-14,350000.0,VA,E-1616-0010-0000,1,1,0,0,0,1,1,864,2005,,Year Round,2147 N 4000 W
96700,0.25,100.0,2022-02-21,2022-01-20,569000,1589,0,2022-04-01,550000.0,CONV,B-1395-0001-0011,5,3,0,0,0,1,1,3178,1996,Paved,,2177 N Hawthorne Lane
96707,0.15,100.0,2022-01-27,2022-01-21,435000,1110,0,2022-02-24,463000.0,CONV,B-0099-0000-0000,5,2,0,0,0,1,1,2220,1950,Paved,,114 N 600 W
96710,0.02,0.0,2022-01-25,2022-01-20,215000,0,0,2022-02-14,215000.0,CASH,B-1960-0009-000G,3,2,1,0,0,1,1,1258,2007,Paved,,920 S 25 #9G E
96711,0.21,100.0,2022-01-31,2022-01-20,399000,1092,5000,2022-02-28,397500.0,FHA,B-1155-0016-0000,6,3,0,0,1,1,1,2230,1977,Paved,,583 W Pinewood Drive
96713,0.18,100.0,2022-03-28,2022-01-21,399000,432,0,2022-04-29,420000.0,FHA,B-1581-000A-0010,5,3,1,0,0,1,1,1942,1997,Paved,,2237 N 475 E
96715,0.28,0.0,2022-01-21,2022-01-21,410000,1380,0,2022-05-20,415427.0,CONV,A-0883-0034-0000,3,2,0,0,1,1,1,2930,2022,Paved,,1170 E Southern Homestead Settlers Square Phs 2 Lot 34
96719,0.12,0.0,2022-01-23,2022-01-21,280000,0,0,2022-02-23,300000.0,CONV,B-1837-0016-0001,3,2,0,0,1,1,1,1430,2007,Paved,Year Round,4274 W 300 N
96724,0.5,0.0,2022-02-03,2022-01-22,798500,0,0,2022-02-11,798500.0,CASH,D-1214-0034-0000,6,3,0,0,1,1,1,2500,2022,Paved,Year Round,4927 N 2475 W
96730,0.04,0.0,2022-01-26,2022-01-24,289000,0,0,2022-02-28,287500.0,CONV,B-0360-0001-0001,3,1,1,0,1,1,1,1133,1995,Paved,,361 S 300 E
96731,0.19,100.0,2022-02-07,2022-01-24,490000,1500,0,2022-03-09,490000.0,CONV,B-1803-0007-0000,5,3,0,0,1,1,1,3000,2014,Paved,,145 N 4275 W
96734,0.03,0.0,2022-02-10,2022-01-24,350000,0,0,2022-03-10,347000.0,CASH,B-1848-0003-0016,3,2,1,0,1,1,1,1672,2019,Paved,,3061 W 1725 #16 N
96738,0.54,0.0,2022-02-04,2022-01-25,299000,0,0,2022-02-24,240000.0,CASH,A-1211-0129-0000,1,1,0,0,1,1,1,974,2022,,Year Round,268 E Quakie CBME unit C lot 129
96744,0.3,0.0,2022-02-02,2022-01-26,450000,0,0,2022-05-09,450000.0,CONV,B-2020-0098-0000,5,2,1,0,1,1,1,2300,2022,Paved,,4612 W 275 (Lot 98) N
96746,0.03,0.0,2022-01-28,2022-01-26,315000,0,0,2022-08-04,315000.0,CASH,B-1958-0019-000H,3,2,1,0,0,1,1,1420,2022,Paved,Year Round,3067 N 175 E
96747,0.03,0.0,2022-01-26,2022-01-26,305000,0,0,2022-07-29,305000.0,CONV,B-1958-0019-000G,3,2,1,0,0,1,1,1420,2022,Paved,Year Round,3065 N 175 E
96748,0.03,0.0,2022-03-03,2022-01-26,315000,0,4300,2022-04-06,315000.0,CONV,B-1976-0025-0077,3,2,1,0,0,1,1,1664,2013,,Year Round,1177 N Northfield #77
96749,0.03,0.0,2022-05-11,2022-01-26,319900,0,0,2022-08-03,319900.0,CONV,B-1958-0019-000F,3,2,1,0,0,1,1,1420,2022,Paved,Year Round,3063 N 175 E
96758,0.11,0.0,2022-02-01,2022-01-27,359900,0,0,2022-03-08,355000.0,CONV,B-1203-0008-000S,3,2,0,0,1,1,1,1500,2022,Paved,Year Round,949 S 25 W
96760,2.76,0.0,2022-01-29,2022-01-27,515000,0,0,2022-03-07,515000.0,CONV,D-0456-0954-0000,3,3,0,0,1,1,1,1695,2019,Unimproved,Year Round,6110 N 4050 W
96767,0.09,0.0,2022-01-31,2022-01-27,239000,0,0,2022-03-07,239000.0,CONV,B-1893-0014-0001,2,1,0,0,0,1,1,758,2007,Paved,,1913 N 550 W
96770,0.03,0.0,2022-02-08,2022-01-27,305000,0,0,2022-03-18,305000.0,CONV,B-1958-0025-000E,3,2,1,0,0,1,1,1420,2022,Paved,Year Round,3068 N 175 E
96780,0.02,0.0,2022-02-08,2022-01-27,325000,0,0,2022-03-07,325000.0,CONV,B-2013-0001-0000,3,2,1,0,0,1,1,1500,2022,Paved,Year Round,498 W 1225 1 N
96782,0.5,0.0,2022-03-16,2022-01-28,340000,0,0,2022-04-08,330000.0,VA,D-0518-0013-0000,2,2,0,0,0,1,1,1152,1995,Paved,Year Round,5066 N 2900 W
96783,0.26,100.0,2022-04-11,2022-01-28,447500,735,11000,2022-05-20,451100.0,FHA,A-0226-0227-0000,5,2,0,0,1,1,1,2958,1926,Paved,Year Round,281 E 100 N
96787,0.2,0.0,2022-02-01,2022-01-28,399000,0,700,2022-02-28,415000.0,CONV,B-1832-0001-0001,3,2,1,0,1,1,1,1868,2006,Paved,Year Round,1598 S West Canyon Drive
96789,0.17,0.0,2022-03-23,2022-01-28,374900,0,0,2022-04-21,385000.0,CONV,B-1575-0035-0000,4,2,1,0,1,1,1,1762,1996,Paved,,577 W 1475 N
96791,0.23,100.0,2022-01-28,2022-01-28,615000,1618,0,2022-03-07,600000.0,VA,B-1769-0019-0000,4,3,0,0,1,1,1,3236,2012,Paved,Year Round,1093 E Fiddlers Canyon Road
96792,0.03,0.0,2022-07-27,2022-01-28,305000,0,0,2022-08-24,305000.0,CONV,B-1958-0019-000B,3,2,1,0,0,1,1,1420,2022,Paved,Year Round,3055 N 175 E
96795,0.0,0.0,2022-02-10,2022-01-28,209000,0,0,2022-03-11,0.0,CASH,A-1153-0003-0000,1,1,0,0,1,1,1,622,1980,Paved,,385 S Vasels (fka Brian Head Blvd) #3 Brianwood condo
96799,0.12,0.0,2022-02-04,2022-01-28,290000,0,950,2022-02-18,305000.0,CASH,B-1807-0002-000E,3,2,0,0,1,1,1,1420,2005,Paved,,4239 W 200 N
96801,0.25,0.0,2022-03-01,2022-01-26,504900,1508,0,2022-03-31,505000.0,VA,B-1802-0009-0000,3,2,0,0,0,1,1,3046,2008,Paved,,2355 N 950 E
96804,0.0,0.0,2022-02-13,2022-01-28,175000,0,0,2022-03-01,187000.0,CASH,A-1197-000E-0301,0,1,0,0,1,1,1,375,1984,Paved,,223 Hunter Ridge #E301 Drive
96815,0.03,0.0,2022-04-12,2022-01-31,310000,0,0,2022-08-04,312000.0,CONV,B-1958-0019-000C,3,2,1,0,0,1,1,1420,2022,Paved,Year Round,3057 N 175 E
96817,128.45,100.0,2022-02-07,2022-01-31,2750000,1734,0,2022-04-01,2550000.0,CASH,E-0394-0026-0000/E-0394-0000-0000,2,3,1,0,3,1,1,4322,2007,Paved,,758 W Wheat Grass Lane
96827,0.23,100.0,2022-03-14,2022-02-01,499000,2068,0,2022-04-14,495000.0,CONV,B-1135-0029-0011,5,3,0,0,2,1,1,4136,1976,Paved,,1193 S Mountain View Drive
96833,5.0,0.0,2022-02-04,2022-02-01,439000,0,5000,2022-03-10,446000.0,CONV,E-1733-0045-0000,4,2,1,0,0,1,1,2998,1970,Unimproved,,6811 W Old Modena Road
96834,0.06,0.0,2022-04-12,2022-02-01,30000,0,0,2022-07-13,20000.0,CASH,B-0025-0014-0000,3,1,1,0,0,1,1,950,1975,Paved,,465N 800W Unit #27
96836,0.0,100.0,2022-02-22,2022-02-01,690000,193,0,2022-03-24,650000.0,CASH,A-1207-0001-001G,3,3,0,0,2,1,1,1683,2006,Paved,Year Round,565 S Vasels #1G
96837,0.16,0.0,2022-02-27,2022-02-01,380000,0,8000,2022-03-28,390000.0,VA,B-1565-0026-0000,3,2,0,0,1,1,1,1360,1996,Paved,,4011 W 25 N
96838,0.1,0.0,2022-02-10,2022-02-02,242000,0,0,2022-03-10,241425.0,VA,B-1893-0006-0001,2,1,0,0,0,1,1,768,2007,,Year Round,1890 N 1600 Access Road
96841,0.02,0.0,2022-02-12,2022-02-02,269900,0,0,2022-03-11,275000.0,CONV,B-1960-0013-000B,3,2,1,0,0,1,1,1242,2019,Paved,,920 S 25 #13b E
96842,0.18,0.0,2022-02-23,2022-02-02,479900,0,0,2022-03-14,480000.0,CONV,B-2010-0053-0000,4,2,1,0,1,1,1,2118,2021,Paved,Year Round,104 N Castle Drive
96843,0.03,0.0,2022-02-02,2022-02-02,315000,0,0,2022-08-19,315000.0,CONV,B-1958-0019-000A,3,2,1,0,0,1,1,1420,2022,Paved,Year Round,3053 N 175 E
96846,0.13,0.0,2022-02-24,2022-02-02,299000,0,4800,2022-03-28,299000.0,FHA,B-1161-0003-0004,3,2,0,0,0,1,1,1344,1984,Paved,,420 W Bramblewood Drive
96847,0.04,0.0,2022-02-07,2022-02-02,350000,0,0,2022-04-05,355000.0,CONV,A-1182-000D-0107,2,1,1,0,1,1,1,1012,1991,Paved,Year Round,286 W Eagles Roost D-107
96849,0.2,0.0,2022-02-06,2022-02-02,349000,0,3000,2022-03-10,345000.0,CONV,B-0166-0004-0000,4,2,0,0,1,1,1,1316,1941,Paved,,237 N 600 W
96850,0.23,90.0,2022-02-04,2022-02-02,579900,1749,750,2022-03-04,585000.0,CONV,B-1732-0021-0000,5,3,1,0,1,1,2,3498,2003,Paved,,2286 W Crestview Circle
96853,0.28,40.0,2022-02-01,2022-02-01,455000,1636,0,2022-06-29,518584.0,VA,A-1034-0008-0000,4,3,0,0,1,1,1,3533,2022,Paved,,"1102 E Southern Homestead Blvd Lot 8, Phs 3, Settlers Square"
96854,0.28,0.0,2022-01-31,2022-01-31,395000,0,0,2022-06-03,412669.74,CONV,A-0883-0032-0000,3,2,0,0,1,1,1,1636,2022,Paved,,1142 E Southern Homestead Lot 32 Settlers Square Phs 2 Boulevard
96858,19.83,80.0,2022-05-27,2022-02-03,2100000,3875,5000,2022-06-06,1925000.0,CASH,E-1900-0003-0000,5,4,1,0,3,1,1,7750,2020,Paved,,7776 W Bumble Bee Springs Road
96857,0.42,0.0,2022-02-08,2022-02-03,434500,0,0,2022-03-15,454500.0,CONV,A-0944-0017-0000,4,2,0,0,1,1,1,1905,2015,Paved,Year Round,3727 N 250 E
96866,0.3,0.0,2022-02-18,2022-02-02,471600,1700,5000,2022-02-24,471600.0,CONV,B-1857-0027-0038,3,2,0,0,0,1,1,3248,2022,Paved,,3566 W Foundation Trail
96868,0.03,0.0,2022-02-15,2022-02-03,322585,0,0,2022-09-30,299990.0,CONV,B-1577-054A-0000,4,2,1,0,0,1,1,1635,2022,Paved,,309 W 2050 N
96870,0.34,0.0,2022-02-09,2022-02-03,547555,2275,5000,2022-06-15,542555.0,CONV,B-1857-0027-0039,3,2,1,0,1,1,1,4439,2022,Paved,,3564 W Foundation Trail
96872,0.53,90.0,2022-02-09,2022-02-03,385000,513,0,2022-03-09,385000.0,CONV,A-0792-0001-0000,3,2,1,0,0,1,1,1963,1938,,Year Round,645 E Midvalley Road
96876,0.1,0.0,2022-02-07,2022-02-04,489900,0,0,2022-02-23,480000.0,CASH,A-0199-0001-0000,5,2,0,1,1,2,1,2742,2007,Paved,,24 N 200 E
96880,10.36,80.0,2022-04-22,2022-02-04,1075000,1496,0,2022-06-08,987500.0,CONV,D-1198-0004-0000,5,2,0,0,1,1,1,2992,2015,Paved,,2676 W 4000 N
96889,0.41,0.0,2022-02-15,2022-02-07,375000,0,6000,2022-03-08,375000.0,CONV,A-0977-0020-0000,3,2,0,0,0,1,1,1197,2007,Paved,,2095 E Saddleback View E
96885,0.99,0.0,2022-04-21,2022-02-04,665000,0,0,2022-07-12,626692.5,CASH,D-0617-0003-0000,4,3,0,0,0,1,1,2521,2022,Paved,Year Round,2366 W 3750 N
96886,0.99,0.0,2022-04-11,2022-02-04,750000,0,0,2022-08-17,753836.0,CONV,D-0617-0002-0000,5,3,1,0,1,1,1,3441,2022,Paved,Year Round,2342 W 3750 N
96888,0.26,90.0,2022-02-09,2022-02-04,674900,2153,0,2022-03-01,680000.0,VA,B-1761-0006-0000,6,3,1,0,2,2,2,4306,2013,Paved,,605 S 2475 Nature View Dr. W
101322,0.06,0.0,2023-05-18,2023-02-04,35000,0,0,2023-05-23,35000.0,CASH,B-1567-0002-0000,2,1,1,0,0,1,1,520,1973,Paved,Year Round,465 N 800 #2 W
104171,0.02,0.0,2024-02-09,2023-09-28,262900,0,0,2024-02-23,259500.0,CASH,B-2040-0016-000G,3,2,1,0,0,1,1,1242,2023,Paved,Year Round,920 S 25 #16G E
104172,2.5,0.0,2023-10-23,2023-09-28,615000,0,0,2023-11-28,612000.0,CONV,E-0209-0001-0002-03,3,1,0,1,1,1,1,2100,2023,Paved,Year Round,5264 W 1525 S
96893,0.25,20.0,2022-02-25,2022-02-07,598900,2524,0,2022-03-29,550000.0,CONV,B-1395-0003-0006,3,2,1,0,1,1,1,5107,1994,Paved,,2188 N Sumack
97366,0.36,5.0,2022-03-18,2022-03-18,555000,1524,0,2022-04-22,555000.0,CONV,B-1799-0009-0000,4,2,1,0,0,1,1,3659,2022,Paved,,3810 W 1375 N
97367,1.66,100.0,2022-05-29,2022-03-18,574900,832,0,2022-06-24,555000.0,CONV,A-5000-0002-0034,5,3,1,0,1,1,1,2488,2006,Unimproved,Year Round,1005 E Cedar Highlands
97368,0.0,0.0,2022-04-07,2022-03-18,249000,0,0,2022-05-11,229000.0,CONV,A-1176-000B-0304,0,2,0,0,1,1,1,621,1984,Paved,Year Round,464 N Highway 143 #b304
96908,0.25,100.0,2022-02-11,2022-02-08,430000,1530,0,2022-03-01,422500.0,CASH,B-1135-0029-0015,6,3,0,0,1,1,1,3060,1978,Paved,Year Round,1177 S Mountain View Drive
96909,0.08,0.0,2022-02-18,2022-02-08,330000,0,8500,2022-03-24,332000.0,VA,B-1870-0059-000W,3,2,1,0,0,1,1,1481,2014,Paved,,1901 W Aaron Tippets Road
96910,0.25,0.0,2022-02-14,2022-02-08,450000,0,0,2022-03-08,460000.0,CONV,B-1868-0009-0000,3,2,0,0,0,1,1,1652,2010,Paved,,1783 N 3475 W
96911,0.19,50.0,2022-02-14,2022-02-09,334900,1276,10000,2022-04-01,344900.0,FHA,A-0511-0005-0006,3,2,0,0,1,1,1,2552,1975,Paved,Year Round,289 S 700 W
96915,0.0,0.0,2022-02-11,2022-02-09,306000,0,0,2022-03-11,306000.0,CONV,B-1976-0018-0058,2,2,0,0,0,1,1,1307,2009,Paved,Year Round,1177 N Northfield #58 Road
96917,0.08,0.0,2022-02-09,2022-02-09,329900,0,0,2022-02-28,330000.0,CASH,B-1870-0097-0001,3,2,1,0,1,1,1,1582,2007,Paved,,2747 N Mountain Valley Trail
96921,0.17,0.0,2022-03-15,2022-02-09,355000,0,0,2022-04-13,355000.0,FHA,B-1390-0026-0000,3,2,0,0,1,1,1,1046,1995,Paved,Year Round,2152 N Chandler Drive
96924,0.02,0.0,2022-02-09,2022-02-09,315000,0,0,2022-03-24,312000.0,CONV,B-1386-0057-0000,3,2,1,0,0,1,1,1608,2020,Paved,,1541 S Quartz #c;;;1541 1500 #c W Drive
96930,0.08,0.0,2022-02-14,2022-02-10,335000,0,0,2022-03-11,335000.0,FHA,B-1870-0026-000N,3,2,1,0,0,1,1,1612,2007,Paved,,2856 N Clark Park Way
96931,2.63,0.0,2022-02-21,2022-02-10,1175000,0,0,2022-03-23,1050000.0,CONV,E-0209-0001-0010-26,4,3,0,0,1,1,1,3614,2019,Paved,Year Round,908 S 4575 W
96933,0.44,0.0,2022-04-18,2022-02-10,599000,0,0,2022-05-12,585000.0,CONV,A-0917-0055-0000,4,2,0,0,1,1,1,2953,2006,Paved,,5095 N Ridge View Circle
96937,0.19,100.0,2022-03-27,2022-02-09,385000,550,0,2022-05-05,365500.0,CONV,B-1390-0098-0000,4,2,0,0,0,1,1,1648,1996,Paved,Year Round,2184 N Chandler Drive
96936,0.27,0.0,2022-02-23,2022-02-10,500526,1946,0,2022-02-23,505805.0,CONV,B-1857-0027-0053,3,2,1,0,0,1,1,3812,2022,Paved,,352 S Sherratt
96942,0.23,100.0,2022-03-18,2022-02-10,619000,1544,3500,2022-04-12,600000.0,CONV,B-1813-0005-0000,5,3,0,0,1,1,1,3088,2012,Paved,,3838 W 1300 N
96943,0.23,15.0,2022-02-16,2022-02-09,459000,1793,0,2022-03-15,475000.0,CONV,A-0270-0003-0000,3,2,0,0,1,1,1,3586,1996,Paved,,240 W Center
96945,0.03,0.0,2022-04-09,2022-02-10,62500,0,0,2022-04-22,61000.0,CASH,A-050-0003-0003-18,0,1,0,0,0,1,1,200,2003,Paved,,318 Beth
96947,0.23,100.0,2022-03-07,2022-02-10,630000,1672,0,2022-04-13,605000.0,CONV,B-1716-0011-0000,5,3,0,0,1,1,1,3381,2002,Paved,,638 S 2125 W W
96952,0.3,0.0,2022-07-20,2022-02-11,450000,0,0,2022-08-12,450000.0,CONV,B-2020-0030-0000,3,2,0,0,1,1,1,1806,2022,Paved,Year Round,4386 W 275 N
96955,0.35,0.0,2022-02-22,2022-02-11,494000,0,0,2022-03-21,550000.0,CONV,B-1580-0004-0000,3,2,0,0,1,1,1,1783,2008,Paved,Year Round,2457 W Church Street
96956,2.16,0.0,2022-02-23,2022-02-11,525000,0,0,2022-04-01,530000.0,CONV,A-0880-0001-0000,3,2,0,0,1,1,1,2280,1990,Paved,,3922 N Minersville HWY
96961,0.1,0.0,2022-02-15,2022-02-12,239000,0,0,2022-03-22,242000.0,FHA,B-1893-0013-0000,2,1,0,0,0,1,1,768,2007,Paved,,1903 N 550 W
96962,0.23,100.0,2022-02-22,2022-02-12,564900,1676,0,2022-03-22,564900.0,CONV,B-1688-0029-0000,5,3,0,0,1,1,2,3352,2015,Paved,,137 W 2875 N Circle
97372,0.0,0.0,2022-06-15,2022-03-19,370000,0,0,2022-06-30,335000.0,CASH,A-1150-0001-0003-04B,1,2,0,0,1,1,1,1017,1982,Paved,,89 E Steam Engine #4b
97377,0.1,0.0,2022-03-21,2022-03-21,369999,0,2650,2022-04-15,375000.0,CONV,B-1873-0004-0000,3,2,1,0,1,1,1,1781,2006,Paved,Year Round,43 E 820 S
97380,0.02,0.0,2022-03-25,2022-03-21,269900,0,5000,2022-04-29,255000.0,VA,B-1960-0010-000B,3,2,1,0,0,1,1,1258,2007,Paved,,920 S 25 #10B E
97382,0.57,10.0,2022-03-28,2022-03-21,528900,1550,0,2022-04-29,528900.0,CONV,D-0462-0017-0000,3,2,0,0,0,1,1,3100,2022,Paved,,4461 N 2525 W
97383,0.32,0.0,2022-03-21,2022-03-21,455000,0,0,2022-07-22,458477.0,CONV,B-2020-0110-0000,3,2,0,0,0,1,1,1740,2022,Paved,,4587 W 275 (Lot 110) N
97390,0.03,0.0,2022-03-23,2022-03-19,360000,0,0,2022-04-22,365000.0,CASH,B-1386-0095-00AM,4,2,1,0,0,1,1,1957,2021,Paved,,1559 S W Topaz #a Drive
97392,0.41,0.0,2022-03-31,2022-03-21,425900,0,0,2022-05-04,415000.0,CASH,A-0974-0047-0000,3,2,0,0,0,1,1,1435,2020,Paved,,4282 N Prospector Lane
97399,0.02,0.0,2022-07-07,2022-03-22,354900,0,0,2022-07-28,359900.0,CASH,B-2021-0013-0000,3,2,1,0,1,1,1,1734,2022,Paved,,668 E Fiddlers Cove Drive #13
97402,0.02,0.0,2022-03-22,2022-03-22,349900,0,0,2022-07-28,349900.0,CONV,B-2021-0014-0000,3,2,1,0,1,1,1,1734,2022,Paved,,668 E Fiddlers Cove Drive #14
97403,0.02,0.0,2022-06-07,2022-03-22,354900,0,0,2022-07-29,354900.0,CONV,B-2021-0015-0000,3,2,1,0,1,1,1,1734,2022,Paved,,668 E Fiddlers Cove Drive #15
97400,0.22,100.0,2022-04-14,2022-03-21,489000,1200,0,2022-05-04,486000.0,CONV,B-1151-0003-0018,3,3,0,0,2,1,1,2400,1975,Paved,Year Round,829 Cedar Knolls
97406,0.02,0.0,2022-06-15,2022-03-22,354900,0,0,2022-08-25,354900.0,CASH,B-2021-0017-0000,3,2,1,0,1,1,1,1734,2022,Paved,,668 E Fiddlers Cove Drive #17
97405,0.02,0.0,2022-04-21,2022-03-22,354900,0,0,2022-08-05,354900.0,CONV,B-2021-0016-0000,3,2,1,0,1,1,1,1734,2022,Paved,,668 E Fiddlers Cove Drive #16
97409,0.02,0.0,2022-04-11,2022-03-22,354900,0,0,2022-08-23,354900.0,CASH,B-2021-0020-0000,3,2,1,0,1,1,1,1734,2022,Paved,,668 E Fiddlers Cove Drive #20
97407,0.02,0.0,2022-04-08,2022-03-22,349900,0,0,2022-08-26,349900.0,CONV,B-2021-0018-0000,3,2,1,0,1,1,1,1734,2022,Paved,,668 E Fiddlers Cove Drive #18
97408,0.02,0.0,2022-05-04,2022-03-22,349900,0,0,2022-08-30,349900.0,CONV,B-2021-0019-0000,3,2,1,0,1,1,1,1734,2022,Paved,,668 E Fiddlers Cove Drive #19
97413,0.55,0.0,2022-05-10,2022-03-22,315000,0,0,2022-06-17,315000.0,VA,E-0147-0033-0000,3,2,0,0,1,1,1,1620,1990,,Year Round,2017 N 4650 W
97415,0.02,0.0,2022-04-04,2022-03-22,285000,0,1000,2022-05-16,288000.0,CONV,B-1891-0016-0000,3,2,1,0,0,1,1,1365,2007,Paved,Year Round,370 W 1425 #16 N
97418,0.51,100.0,2022-03-25,2022-03-22,610000,1343,0,2022-04-26,605000.0,CONV,E-0842-0008-000B-09,4,3,0,0,2,2,2,2631,2021,,Year Round,17752 W 3875 S
97419,0.0,0.0,2022-08-19,2022-03-22,675000,0,0,2022-09-09,645000.0,CASH,A-1207-0003-009B,3,3,1,0,1,1,1,1859,2006,Paved,Year Round,565 S Vasels Rd. #9B
97420,0.42,20.0,2022-03-28,2022-03-22,467900,1427,0,2022-04-29,460250.0,VA,A-0974-0063-0000,3,2,0,0,1,1,1,2854,2015,Paved,Year Round,4556 N Prospector Lane
97433,0.0,0.0,2023-11-14,2022-03-22,699000,0,0,2023-12-07,640000.0,CASH,A-1200-0AB1-0000,3,2,0,0,1,1,1,1880,2008,Paved,,74 W Ridge View St. #AB1 (A3)
97435,0.59,100.0,2022-03-30,2022-03-23,524500,1440,0,2022-04-28,536500.0,CONV,D-1215-0044-0000,5,3,0,0,1,1,2,2880,2013,Paved,Year Round,2316 W 4300 N
97450,0.21,0.0,2022-03-28,2022-03-24,440000,0,0,2022-05-06,460000.0,VA,B-1975-0001-0000,3,2,0,0,0,1,1,1573,2017,Paved,,314 S 3450 W
97453,0.38,40.0,2022-04-16,2022-03-24,484000,1426,0,2022-06-10,494000.0,CONV,A-0917-0095-0000,3,3,0,0,0,1,1,2852,2014,Paved,,2101 E Ravine N Road
97460,0.41,0.0,2022-04-15,2022-03-24,628000,0,0,2022-06-30,620000.0,CONV,B-1812-0023-0000,4,2,1,0,1,1,1,2315,2016,Paved,,1251 E Ashdown Forest Road
97463,1.08,0.0,2022-04-18,2022-03-24,610000,0,5000,2022-05-13,610000.0,CONV,E-0401-0006-0060,2,2,0,0,1,1,1,2212,1998,Paved,,2229 S Chekshani Cliffs Lane
97464,0.46,0.0,2022-05-27,2022-03-25,479000,1727,0,2022-06-30,479000.0,CONV,A-0974-0069-0000,3,2,0,0,0,1,1,3454,2019,Paved,,4473 N High Noon St
97466,0.0,0.0,2022-04-06,2022-03-25,600000,0,10000,2022-05-09,590000.0,CONV,A-1171-0015-000C,2,2,0,0,1,1,1,1391,1984,Paved,,561 S Vasels #r15-c
97471,0.24,100.0,2023-05-31,2022-03-25,505000,1958,0,2023-07-21,480000.0,CONV,B-1621-0001-0000,5,3,0,0,1,1,1,3935,2001,Paved,,692 S 2075 W
97479,0.5,5.0,2022-06-09,2022-03-25,569900,1849,0,2022-06-30,567500.0,CONV,D-1209-000C-0007,3,2,1,0,1,1,1,3698,2022,Paved,,928 S 4425 W W
97480,0.15,0.0,2022-03-25,2022-03-23,325000,0,0,2022-04-29,325000.0,CONV,B-1575-0017-0000,3,2,0,0,1,1,1,1248,1996,Paved,,591 W 1450 N
97481,0.03,0.0,2022-04-04,2022-03-25,316250,0,0,2022-05-18,313000.0,CONV,B-1958-0009-000B,3,2,1,0,0,1,1,1495,2018,,Year Round,3029 N 125 E
97486,0.21,100.0,2022-04-20,2022-03-27,385000,953,0,2022-05-25,380000.0,CASH,B-0426-0002-0000,3,2,0,0,1,1,1,1906,1964,Paved,,358 E College Avenue
97487,0.12,0.0,2022-04-15,2022-03-27,392000,0,0,2022-06-10,390000.0,CONV,A-2060-0041-0000,3,2,0,0,0,1,1,1315,2022,Paved,Year Round,2267 W 475 S
97501,0.61,0.0,2022-05-14,2022-03-28,379000,0,0,2022-06-13,366000.0,CONV,A-0521-0000-0000,3,2,0,0,2,1,1,1701,1957,Paved,,21 N 100 E
97503,0.6,0.0,2022-03-29,2022-03-29,240000,0,0,2022-05-27,240000.0,CASH,A-0456-0000-0000,2,1,0,0,0,1,1,1023,1905,Paved,Year Round,360 W 200 S
97505,0.13,0.0,2022-11-27,2022-03-30,365000,0,0,2022-12-23,355000.0,CASH,A-0026-0001-0031,3,2,0,0,0,1,1,1486,2022,Paved,Year Round,749 W 60 N
97509,0.02,0.0,2022-04-04,2022-03-30,285000,0,0,2022-05-11,287000.0,CONV,B-1891-0001-0000,3,2,1,0,0,1,1,1365,2007,Paved,Year Round,370 W 1425 #1 N
97510,0.33,95.0,2022-07-14,2022-03-29,1299000,3438,0,2022-07-22,1150000.0,CASH,B-1338-0001-0054,5,5,1,0,1,1,1,6957,2003,Paved,Year Round,2232 W Sunset Pointe Drive
97519,0.21,0.0,2022-09-10,2022-03-30,245000,0,0,2022-09-28,235000.0,CASH,B-0279-0000-0000,2,2,0,0,0,1,1,1866,1901,Paved,,93 W 200 S
97526,0.23,100.0,2022-05-03,2022-03-31,565000,1600,0,2022-06-07,565000.0,VA,B-1688-0020-0000,5,3,0,0,0,1,1,3200,2013,Paved,,115 W 2825 N Circle
97537,0.23,100.0,2022-04-10,2022-04-01,585000,1620,0,2022-07-26,575000.0,CONV,B-1866-0028-0000,5,3,0,0,0,1,1,3240,2018,Paved,,3959 W 100 S S
97539,0.23,25.0,2022-07-08,2022-03-31,485000,1697,5000,2022-09-08,460000.0,CONV,B-1866-0060-0000,3,2,0,0,0,1,1,3294,2010,Paved,,55 S 3900 W
97548,0.2,0.0,2022-04-26,2022-03-30,509900,0,0,2022-05-24,500000.0,CASH,D-1219-0021-0000,4,2,1,0,0,1,1,2131,2014,Paved,,1804 W 4700 N
99433,8.44,0.0,2022-09-06,2022-07-28,275000,0,0,2022-10-05,260000.0,CASH,D-0223-0001-0043,2,1,0,0,1,1,1,1344,1991,,Seasonal,3669 S Aspen Way
97554,0.25,100.0,2022-04-11,2022-04-01,525000,1320,0,2022-04-25,490000.0,CASH,B-1151-0003-0040,4,4,0,0,2,1,1,3627,1986,Paved,,1009 S Cedar Knolls
97557,0.42,0.0,2022-04-01,2022-04-01,673192,0,0,2022-05-04,673192.0,CONV,B-2011-0004-0000,4,2,1,0,2,1,1,2531,2022,Paved,,2187 S Canyon
97562,0.0,0.0,2022-04-03,2022-04-01,175000,0,0,2022-05-09,175000.0,CONV,B-1805-000A-0018,3,2,0,0,0,1,1,866,1992,Paved,,576 W 1045 #a-18 N
97574,0.0,0.0,2022-04-07,2022-04-04,384000,0,0,2022-05-09,380000.0,CONV,A-1148-0001-0003-222,2,2,0,0,1,1,1,960,1971,Paved,,356 UT-143 #p-9
97583,0.26,0.0,2022-04-04,2022-04-04,480000,0,0,2022-07-26,480000.0,CONV,B-2020-0100-0000,5,2,1,0,0,1,1,2300,2022,Paved,,4644 W 275 (Lot 100) N
97586,0.05,0.0,2022-04-15,2022-04-04,385000,0,0,2022-04-29,374000.0,CONV,B-1472-000A-0049,3,2,0,0,1,1,1,1414,1997,Paved,,195 E Fiddlers Canyon #49
97587,60.0,0.0,2022-08-31,2022-04-04,995000,0,0,2022-09-21,895000.0,Other,C-0737-0002-0002,2,1,1,0,0,1,1,1002,1998,,Year Round,2632 N 1800 W
97594,1.01,0.0,2022-04-05,2022-04-04,265000,0,0,2022-05-17,255000.0,CONV,E-0258-0015-0000,3,2,0,0,1,1,1,1188,2006,Paved,,5222 W 3600 South
97596,2.88,0.0,2022-04-07,2022-04-05,795000,0,0,2022-06-07,795000.0,CONV,C-1107-0002-015A,4,1,2,1,1,1,1,3225,2016,Paved,Year Round,1347 S 3275 W
97599,5.21,0.0,2022-04-05,2022-04-05,624900,0,0,2022-05-06,630000.0,CONV,C-1106-0006-0036,3,3,1,0,3,1,1,3346,2007,Unimproved,Year Round,1132 S Pine Canyon Drive
97602,0.0,0.0,2022-04-13,2022-04-08,195000,0,450,2022-05-06,195000.0,CONV,B-1805-000A-0017,3,2,0,0,0,1,1,866,1992,Paved,,576 W 1045 #a-17 N
97615,0.03,0.0,2022-04-15,2022-04-06,330000,0,0,2022-06-13,325000.0,CONV,B-1958-0008-000A,3,2,1,0,0,1,1,1471,2018,Paved,Year Round,3030 N 125 E
97619,0.18,100.0,2023-07-11,2022-04-06,499900,1468,0,2023-09-01,556900.0,CASH,B-2017-0009-0000,3,2,0,0,0,1,1,3040,2022,Paved,,161 N Strathmore (Lot 9) Lane
97624,1.3,0.0,2022-07-11,2022-04-06,250000,0,8000,2022-08-11,240000.0,FHA,D-0456-0444-0000,3,2,0,0,1,1,1,1444,1999,Unimproved,,5511 N 3500 W
97622,0.19,5.0,2023-02-14,2022-04-06,505000,1404,0,2023-02-28,506300.0,CASH,B-2017-0006-0000,3,2,0,0,0,1,1,2932,2022,Paved,,203 N Strathmore (Lot 6) Lane
97639,0.2,0.0,2022-04-07,2022-04-07,440000,0,0,2022-08-05,482258.0,CASH,B-2017-0025-0000,3,2,0,0,0,1,1,1630,2022,Paved,,154 N Strathmore (Lot 25) Lane
97640,0.25,35.0,2022-05-27,2022-04-06,599999,1420,0,2022-06-30,575000.0,CONV,B-1802-0008-0000,3,2,1,0,1,1,1,3397,2008,Paved,,938 E Fenwick (2375) N
97641,0.26,0.0,2022-10-10,2022-04-07,455000,0,15000,2022-11-09,450000.0,CONV,B-2020-0101-0000,3,2,0,0,0,1,1,1729,2022,Paved,,4658 W 275 (Lot 101) N
97643,0.29,0.0,2022-09-22,2022-04-07,480000,0,0,2022-10-14,480000.0,CONV,B-2020-0103-0000,5,2,1,0,0,1,1,2218,2022,Paved,,4690 W 275 (Lot 103) N
97642,0.26,50.0,2022-10-12,2022-04-07,469000,1176,5000,2022-11-09,469000.0,CONV,B-2020-0102-0000,4,2,1,0,0,1,1,2595,2022,Paved,,4674 W 275 (Lot 102) N
97645,0.26,10.0,2022-04-18,2022-04-07,480000,1554,0,2022-08-17,480000.0,CONV,B-2020-0107-0000,3,2,0,0,0,1,1,3299,2022,Paved,,4643 W 275 (Lot 107) N
97650,0.56,0.0,2022-04-08,2022-04-07,469900,0,0,2022-05-05,469900.0,CONV,D-462-15,4,2,0,0,0,1,1,1649,2022,Paved,,4425 N 2525 W
97651,0.0,0.0,2022-04-12,2022-04-07,250000,0,0,2022-05-11,255000.0,CONV,B-1151-0001-0004-125,2,2,0,0,1,1,1,1136,1977,Paved,,898 Three Fountains Drive
97652,0.27,80.0,2022-08-04,2022-04-07,574900,2023,0,2022-08-31,540000.0,CASH,B-1397-0001-0000,4,3,0,0,1,1,1,4367,1997,Paved,,144 S 2050 W
97659,0.17,0.0,2022-04-13,2022-04-07,375000,0,0,2022-05-11,400000.0,CONV,B-1797-0003-0000,4,2,0,0,1,1,1,1601,2005,Paved,,4166 W 250 N
97660,0.78,100.0,2022-04-19,2022-04-08,320000,1187,0,2022-05-17,320000.0,CONV,E-1120-0003-0001,4,2,0,0,1,1,1,2321,1958,Paved,Year Round,115 N Main Street
97663,0.04,0.0,2022-08-17,2022-04-08,210000,0,0,2022-09-23,210000.0,CONV,A-1182-000A-0106,1,1,0,0,1,1,1,655,1991,Paved,Year Round,286 W Eagles Roost Lot #A-106 Street
97666,0.05,0.0,2022-05-13,2022-04-08,329900,0,2500,2022-06-17,329900.0,CONV,B-1898-0051-0000,3,2,1,0,0,1,1,1538,2018,Paved,,173 E Fiddlers Canyon #51
97667,0.19,10.0,2022-04-26,2022-04-08,439900,1566,4000,2022-05-27,432000.0,CONV,B-1797-0010-0000,3,2,0,0,1,1,1,3132,2005,Paved,,4109 W 250 N
97671,0.18,0.0,2022-04-11,2022-04-08,415000,0,0,2022-04-30,415000.0,CASH,B-2010-0057-0000,3,2,0,0,1,1,1,1412,2021,Paved,,168 N Castle Drive
97677,0.2,0.0,2022-05-09,2022-04-11,489000,0,0,2022-09-29,511212.0,CONV,B-2017-0021-0000,5,2,1,0,0,1,1,2218,2022,Paved,,90 N Strathmore (Lot 21)
97679,2.6,0.0,2022-04-12,2022-04-11,399000,0,0,2022-05-23,407000.0,CONV,E-0209-0001-0006-09,3,2,0,0,0,1,1,1080,1998,Paved,Year Round,4939 W 1125 S
97681,0.2,0.0,2022-11-07,2022-04-11,435000,0,0,2022-11-28,0.0,Other,B-2017-0024-0000,3,2,0,0,0,1,1,1569,2022,Paved,,140 N Strathmore (Lot 24) Lane
97680,0.2,0.0,2022-05-09,2022-04-11,470000,0,0,2022-09-19,479668.0,CASH,B-2017-0023-0000,4,2,1,0,0,1,1,2126,2022,Paved,,122 N Strathmore (Lot 23)
97691,0.0,0.0,2022-04-13,2022-04-11,210000,0,0,2022-04-26,210000.0,CASH,A-1135-0021-0000,1,1,0,0,1,1,1,620,1980,Paved,,385 S Vasels #21 Road
97692,0.02,100.0,2022-04-26,2022-04-11,280000,0,2500,2022-05-19,282000.0,FHA,B-1742-0073-0000,3,2,1,0,0,1,1,1365,2005,Paved,Year Round,1148 N Northfield #73
97695,0.18,100.0,2022-06-08,2022-04-11,344900,973,0,2022-07-06,350000.0,CONV,B-0005-0001-0008,3,2,0,0,1,1,1,2039,1976,Paved,,354 N 1500 W
97701,0.27,0.0,2022-04-15,2022-04-12,625000,0,0,2022-06-16,671277.0,CONV,B-2001-0016-0000,4,2,1,0,1,1,1,2186,2020,Paved,,2204 S Eagle Ridge
97700,0.17,0.0,2022-04-19,2022-04-12,429900,0,0,2022-05-04,429900.0,CASH,B-2002-0048-0000,3,2,0,0,0,1,1,1633,2020,Paved,,71 N Bristol Drive
97704,0.38,0.0,2022-05-28,2022-04-12,565000,0,0,2022-06-21,539750.0,CONV,B-1626-0004-0000,4,2,1,0,2,1,1,2037,2002,Paved,,21 S Beacon Drive
97707,0.25,0.0,2022-04-18,2022-04-11,409900,0,1250,2022-05-09,411150.0,CONV,A-0976-0039-0000,3,2,0,0,1,1,1,1320,2020,Paved,,1318 E Southern Homestead Boulevard
97708,0.62,100.0,2022-04-16,2022-04-11,749000,1758,0,2022-05-20,737000.0,CONV,B-1619-0031-0000,5,5,1,0,2,3,1,5745,2001,Paved,Year Round,771 S 400 E
97711,0.04,0.0,2022-06-03,2022-04-13,319000,0,5000,2022-07-19,315000.0,FHA,B-1898-0063-0000,3,2,1,0,0,1,1,1538,2018,Paved,,173 E Fiddlers Canyon #63
97719,0.27,100.0,2022-05-03,2022-04-13,389900,624,0,2022-05-31,400000.0,CONV,B-1151-0001-0003-07,4,2,1,0,1,1,1,1866,1978,Paved,,813 S Cedar Knolls W
97725,1.84,100.0,2022-04-27,2022-04-13,575000,504,0,2022-06-24,575000.0,CONV,A-5000-0002-0024,4,3,0,0,1,1,1,2177,2003,Unimproved,,2011 S High Cedar View
97726,0.18,100.0,2022-04-25,2022-04-14,379000,1204,5000,2022-05-24,360000.0,FHA,B-1013-0048-0000,3,2,0,0,1,2,1,2508,1976,Paved,,6 E Sunset Drive
97727,0.36,0.0,2022-06-14,2022-04-14,550000,0,0,2022-06-30,525000.0,CASH,B-1395-0004-0005,4,3,0,0,2,1,1,4228,1994,Paved,,908 E Fiddlers Canyon Road
97728,0.47,100.0,2022-04-25,2022-04-14,1200000,860,0,2022-05-27,1158000.0,CONV,A-1184-0072-0000,4,4,0,0,1,1,1,3440,1997,Paved,,497 W Yarrow Court
97731,0.39,0.0,2022-05-02,2022-04-14,529000,0,0,2022-06-03,520000.0,CASH,A-2056-0002-0000,3,2,1,0,1,1,1,1836,2022,Paved,,256 S 1175 W
97743,0.18,15.0,2022-06-17,2022-04-14,425000,1225,6200,2022-07-18,418000.0,CONV,B-1013-0016-0000,4,2,0,0,1,1,1,4498,1958,Paved,Year Round,606 S Sunset Drive
97744,0.5,0.0,2022-08-24,2022-04-19,454900,0,0,2022-09-28,454900.0,CONV,A-0036-0026-0000,3,2,0,0,1,1,1,1987,1978,Paved,Year Round,162 N 900 W
97753,0.26,0.0,2022-04-15,2022-04-15,438000,0,0,2022-07-15,438000.0,CONV,A-1034-0009-0000,3,2,0,0,0,1,1,1769,2022,Paved,,"1080 E Southern Homestead Blvd Lot 9, Phs 3, Settlers Square"
97754,0.1,0.0,2022-08-22,2022-04-15,365900,0,0,2022-09-06,350000.0,CASH,B-1873-0014-0000,3,2,0,0,0,1,1,1500,2022,Paved,Year Round,905 S 25 E
97755,0.1,0.0,2022-08-22,2022-04-15,385000,0,0,2022-09-13,350000.0,CASH,B-1873-0014-0000,3,2,0,0,0,1,1,1500,2022,Paved,Year Round,907 S 25 E
97757,0.18,100.0,2022-05-25,2022-04-15,380000,1080,0,2022-07-08,357500.0,CONV,B-1119-0005-0000,4,2,0,0,1,1,1,2185,1953,Paved,,346 S 700 W
97761,0.0,0.0,2022-04-19,2022-04-15,289000,0,0,2022-05-20,300000.0,CASH,A-1150-0003-0002-012,2,2,0,0,1,1,1,704,1973,Paved,,226 S HWY 143 #A-2
97764,0.5,100.0,2022-05-24,2022-04-15,569500,1488,0,2022-07-01,560000.0,CONV,D-1209-000E-0016,6,3,0,0,0,1,1,2986,2013,Paved,,1091 S 4475 W
97765,0.0,0.0,2022-04-20,2022-04-15,175000,0,0,2022-05-26,180000.0,CONV,B-1805-000A-0012,3,2,0,0,0,1,1,866,1992,Paved,,576 W 1045 #a-12 N
97772,0.19,100.0,2022-04-21,2022-04-16,359900,912,0,2022-06-01,360000.0,CONV,B-0023-0010-0001,5,2,0,0,0,1,1,1824,1973,Paved,,1171 Lunt Circle
97775,0.19,100.0,2022-04-20,2022-04-18,372000,520,0,2022-05-27,374000.0,CONV,B-1155-0022-0000,4,2,0,0,1,1,1,1650,1977,Paved,Year Round,486 W Bristlecone Drive
99435,0.41,100.0,2022-10-01,2022-07-28,360000,1025,0,2022-10-31,343000.0,Other,A-0775-0009-0014,5,2,0,0,1,1,1,2090,1979,Paved,,1644 E Old Mill
97777,1.23,0.0,2022-05-11,2022-04-18,399900,0,0,2022-06-15,407000.0,FHA,D-0456-0428-0000,3,2,0,0,0,1,1,1500,2021,Unimproved,Year Round,5837 N 3425 W
97781,0.03,0.0,2022-04-20,2022-04-18,299000,0,0,2022-05-27,299000.0,CONV,B-1958-0005-000H,3,2,1,0,0,1,1,1402,2016,Paved,,246 E 3025 N
97783,0.28,100.0,2022-05-23,2022-04-19,650000,2256,0,2022-06-14,645000.0,CONV,B-1716-0014-0000,5,4,0,0,3,1,1,4547,2004,Paved,,605 S 2175 W
97785,0.23,0.0,2022-07-18,2022-04-19,325000,0,9000,2022-08-15,334000.0,FHA,B-1454-0013-0000,3,2,0,0,0,1,1,1171,1996,Paved,,321 W 1600 N
97789,0.43,0.0,2022-04-26,2022-04-19,440000,0,0,2022-07-15,440000.0,CONV,138,4,2,0,0,0,1,1,1742,2022,Paved,,4405 N Half Mile Road
97791,0.23,0.0,2022-05-04,2022-04-19,549000,0,0,2022-06-21,549000.0,CASH,B-1785-0054-0000,3,2,0,0,0,1,1,1794,2022,Paved,Year Round,264 S Marble Canyon Circle
97795,0.4,50.0,2022-06-26,2022-04-20,349900,434,0,2022-07-22,335000.0,CONV,A-0056-0001-0000,3,2,0,0,0,1,1,1980,1950,Paved,Year Round,72 S 300 E
97801,0.04,0.0,2022-06-04,2022-04-20,95000,0,0,2022-06-09,95000.0,CASH,UT8298260,2,1,0,0,0,1,1,750,1985,Paved,Year Round,1125 W Harding Avenue #21 The Gentry Mobile Manor
97807,0.2,100.0,2022-04-25,2022-04-21,363500,676,10000,2022-05-25,366000.0,VA,B-0025-0007-0000,4,2,0,1,0,1,1,2002,1976,Paved,Year Round,910 W 400 N
97818,0.27,0.0,2022-04-22,2022-04-21,459000,0,0,2022-05-23,469777.0,CONV,B-1832-0056-0000,3,2,0,0,0,1,1,1653,2014,Paved,,1379 W 1700 S S
97822,0.3,100.0,2022-09-06,2022-04-21,540000,598,0,2022-10-21,530000.0,CASH,B-1325-0002-0015,5,3,0,0,2,1,1,2671,1984,Paved,Year Round,2094 N Serviceberry Circle
97829,0.03,0.0,2022-04-25,2022-04-22,359000,0,0,2022-05-31,359000.0,CONV,B-1985-0002-0048,3,2,1,0,0,1,1,1727,2017,Paved,Year Round,1677 N Main #48
97830,0.0,100.0,2022-04-28,2022-04-22,475000,445,0,2022-05-12,460000.0,CASH,A-1200-0BA4-0000,2,2,0,0,1,1,1,1245,2006,Paved,Year Round,74 W Ridge View #ba4 (B8)
97836,0.18,70.0,2022-04-29,2022-04-18,345900,1024,0,2022-05-31,336000.0,CONV,B-1027-0004-0000,3,0,1,1,1,1,1,2337,1952,Paved,,349 S 450 W
97839,0.5,0.0,2023-01-17,2022-04-22,499900,0,345,2023-02-21,475000.0,CASH,D-1209-000C-0009,4,2,1,0,1,1,1,1950,2022,Paved,Year Round,968 S 4425 W
97842,0.32,0.0,2022-05-29,2022-04-22,650000,0,0,2022-11-23,774106.0,CASH,B-2012-0217-0000,4,2,0,0,1,1,1,1950,2022,Paved,Year Round,2904 W Oak Springs Road
97850,0.26,0.0,2022-05-25,2022-04-22,499000,0,0,2022-06-30,499000.0,VA,B-1160-0005-0003,4,3,0,0,1,1,1,2414,2006,Paved,,124 N Sunnyside Drive
97852,0.0,0.0,2022-05-01,2022-04-24,375000,0,0,2022-05-31,365000.0,CONV,A-1178-0202-0000,2,2,0,0,1,1,1,1041,1983,Paved,,150 W Ridge View #202
97855,0.5,0.0,2022-04-27,2022-04-22,690000,0,0,2022-08-16,625000.0,CONV,D-1214-0024-0000,3,2,1,0,0,1,1,2230,2022,Paved,Year Round,2320 W 4975 N
97860,0.53,100.0,2022-05-18,2022-04-25,980000,2692,0,2022-06-24,940000.0,CONV,B-1607-0045-0000,6,3,0,0,3,1,1,5384,2002,Paved,Year Round,2113 W 525 S S Circle
97864,0.44,0.0,2022-06-22,2022-04-25,675000,0,500,2022-08-05,615000.0,CONV,A-0938-0062-0000,5,2,0,0,1,1,1,2482,2005,Paved,,4718 N Pearly Lane
97868,0.16,0.0,2022-06-29,2022-04-25,325000,0,0,2022-08-05,315000.0,VA,B-1847-0054-0000,3,2,1,0,0,1,1,1365,2007,Paved,Year Round,4188 W 75 N
97883,0.09,0.0,2022-05-05,2022-04-27,349000,0,8000,2022-06-02,349000.0,CONV,B-1870-0021-0000,3,2,1,0,0,1,1,1612,2006,Paved,,1738 W Clark Parkway
97913,0.03,0.0,2022-07-01,2022-04-28,144900,0,0,2022-07-11,135000.0,CASH,A-0504-0003-0001-13,1,1,0,0,0,1,1,499,2016,Paved,,113 Roni
97915,0.22,100.0,2022-06-13,2022-04-28,425000,481,0,2022-07-23,400000.0,CONV,B-1018-0009-0000,4,2,0,0,1,1,1,1838,1950,Paved,Year Round,294 S Dewey Avenue
97918,0.03,0.0,2022-05-19,2022-04-28,319000,0,8840,2022-06-17,329000.0,FHA,B-1181-000C-0005,3,2,1,0,0,1,1,1499,2018,Paved,Year Round,485 W 1425 #C5 N
97920,1.0,0.0,2022-05-26,2022-04-28,325900,0,0,2022-07-05,307500.0,FHA,E-0171-0001-0019-01,3,2,0,0,1,1,1,1310,1999,Paved,,1069 N 6650 W
97924,0.43,0.0,2022-07-30,2022-04-28,434900,0,0,2022-08-29,520400.0,VA,A-0956-0139-0000,4,2,1,0,0,1,1,1805,2022,Paved,,4389 N Half Mile Road
97943,0.0,0.0,2022-06-26,2022-04-29,269000,0,0,2022-07-29,268000.0,CONV,B-1869-0014-000D,2,2,0,0,0,1,1,1307,2007,Paved,Year Round,1177 N Northfield #13 Road
97947,0.54,0.0,2022-05-06,2022-04-29,294900,0,0,2022-06-02,298999.5,CONV,A-0878-0010-0008,3,2,0,0,0,1,1,1248,1998,Paved,Year Round,4320 N Quarterhorse Lane
97951,2.84,0.0,2022-05-04,2022-04-30,363000,0,0,2022-06-08,370000.0,CASH,E-0209-0001-0001-05,3,2,0,0,0,1,1,1705,1996,Paved,,1537 S 5175 W
97952,0.24,95.0,2022-06-22,2022-04-30,449900,1314,0,2022-07-22,441500.0,CASH,B-1153-0001-0000,5,4,0,0,1,1,1,3028,1974,Paved,,2157 W Meadow
97953,0.25,100.0,2022-09-10,2022-04-30,499999,1644,0,2022-10-06,485000.0,VA,B-1760-0001-0000,6,3,0,0,2,1,1,3184,2005,Paved,,3896 W 1400 N
97958,0.31,0.0,2022-04-29,2022-04-29,430000,0,0,2022-10-03,453733.0,VA,A-1034-0015-0000,3,2,0,0,1,1,1,1632,2022,Paved,,"4316 N Half Mile Road Lot 15, Phs 3 Settler's Square"
97959,0.38,100.0,2022-05-01,2022-04-29,415000,432,0,2022-06-02,415000.0,CONV,B-1117-0008-0021,4,3,0,0,0,1,1,1790,1994,Paved,,484 S Casa Loma Ln
97960,0.3,95.0,2022-04-28,2022-04-28,629375,1639,0,2022-10-26,677403.0,CONV,A-1034-0001-0000,6,3,0,0,2,1,1,3457,2022,Paved,,"1013 E Southern Homestead Blvd Lot 1, Phs 3 Settler's Square"
97961,0.46,10.0,2022-11-20,2022-05-02,499000,1800,0,2022-12-20,470000.0,VA,A-0907-0016-0000,3,2,0,0,0,1,1,3600,2022,Paved,Year Round,4285 N Tomahawk (Lot 16)
97963,0.19,0.0,2022-05-02,2022-05-02,489900,0,0,2022-05-20,489900.0,CASH,B-2002-0031-0000,3,2,0,0,0,1,1,1633,2019,Paved,Year Round,124 N Hartford Lot 31 Phase 2 Drive
97969,0.54,100.0,2022-05-18,2022-04-27,329900,552,0,2022-06-22,322000.0,C for Deed,A-0779-0033-0000,3,2,0,0,1,1,1,1624,1978,Paved,,4672 N Pioneer Drive
97972,0.28,0.0,2022-05-02,2022-05-02,393400,0,0,2022-09-09,402189.0,CONV,A-1034-0010-0000,3,2,0,0,1,1,1,1546,2022,Paved,,"1070 E Southern Homestead Blvd. Lot 10, Phs 3 Settler's Square"
97978,0.24,100.0,2022-05-28,2022-05-03,759000,2073,0,2022-06-24,769000.0,CASH,B-1858-0015-0000,5,3,0,0,1,1,1,4146,2018,Paved,Year Round,2729 W 300 S
97986,0.18,0.0,2022-07-18,2022-05-03,349900,0,1000,2022-08-10,350000.0,CONV,B-1565-0050-0000,3,2,0,0,0,1,1,1206,1996,Paved,,36 N 4050 W
97990,0.0,0.0,2022-05-05,2022-05-03,310000,0,0,2022-06-10,310000.0,CONV,A-1171-0001-000C,2,2,0,0,1,1,1,845,1984,Paved,Year Round,561 S Vasels #r1-c
97991,0.45,0.0,2022-07-07,2022-04-29,334900,0,0,2022-08-05,332000.0,CONV,A-0679-0006-0000,3,2,0,0,0,1,1,1512,1999,Paved,,144 N 200 W
97998,0.03,0.0,2022-06-28,2022-05-04,297500,0,0,2022-08-03,290000.0,CASH,B-1472-000D-0002,3,2,1,0,1,1,1,1515,1997,Paved,Year Round,195 E Fiddlers Cyn #14 Road
98010,0.14,100.0,2022-05-20,2022-05-03,349900,450,0,2022-06-13,333970.0,CASH,B-1135-0023-0003,4,2,0,0,0,1,1,1381,1992,Paved,,1161 S 860 W
98011,0.02,0.0,2022-10-05,2022-05-04,239900,0,7000,2022-11-08,244000.0,FHA,B-1917-0053-0000,3,2,1,0,0,1,1,1365,2010,Paved,,340 W 1425 #60 N
98019,0.18,100.0,2022-05-27,2022-05-05,370000,950,0,2022-07-19,359615.0,CONV,B-0045-0056-0000,4,1,0,1,1,1,1,1900,1951,Paved,Year Round,66 N 1150 W
98023,0.16,0.0,2022-05-05,2022-05-05,415000,0,0,2022-05-13,414500.0,CASH,B-1565-0016-0000,4,3,0,0,0,1,1,1598,1996,Paved,,110 N 4000 W
98025,0.57,15.0,2022-05-06,2022-05-05,815000,2050,0,2022-06-15,815000.0,CONV,D-1213-000F-0005,4,2,1,0,1,2,2,4100,2018,Paved,Year Round,4315 W 1275 S
98029,2.62,0.0,2022-05-09,2022-05-05,450000,0,0,2022-06-17,450000.0,CONV,E-0209-0001-0006-16,3,2,0,0,0,1,1,1477,2019,Paved,,4764 W 1275 S
98030,0.16,0.0,2022-05-17,2022-05-05,410000,0,0,2022-06-08,410000.0,CASH,B-1947-0003-0000,3,2,0,0,1,1,1,1369,2017,Paved,,1785 N Magnolia Ln
98031,0.42,70.0,2022-06-13,2022-05-05,499000,1416,0,2022-07-07,509900.0,CONV,A-0906-0094-0000,4,2,0,0,0,1,1,2832,2003,Paved,,4792 N Half Mile Road
98037,0.02,0.0,2022-05-09,2022-05-06,310000,0,0,2022-06-01,310000.0,CASH,B-1891-0041-0000,3,2,1,0,0,1,1,1365,2007,Paved,,370 W 1425 #41 N
98040,0.52,0.0,2022-05-09,2022-05-06,545000,0,0,2022-06-03,545000.0,CONV,D-1215-0027-0000,4,2,0,0,1,1,1,2000,2019,Paved,,4273 N 2425 W
98043,0.02,0.0,2022-07-23,2022-05-06,275900,0,5000,2022-08-15,271900.0,VA,B-1917-0032-0000,3,2,1,0,0,1,1,1365,2008,Paved,Year Round,340 W 1425 #105 N
98053,0.01,0.0,2022-07-22,2022-05-06,649900,0,0,2022-08-03,580000.0,CASH,A-1144-0001-012C-04,3,3,0,0,1,1,1,1950,1986,Unimproved,,226 N Pine Tree Way #4C
98057,0.03,0.0,2023-01-10,2022-05-06,132000,0,0,2023-01-31,129000.0,CONV,A-0504-0003-0004-05,1,1,0,0,0,1,1,600,2018,Paved,,405 Kari
98059,0.29,0.0,2022-06-13,2022-05-06,529900,0,0,2022-07-28,515000.0,CONV,B-1402-0023-0000,4,2,1,0,1,1,1,2245,2002,Paved,Year Round,823 S 1850 W
98079,0.24,90.0,2023-03-01,2022-05-09,599900,1894,0,2023-03-17,565000.0,CASH,B-1728-0002-0000,5,3,0,0,0,1,1,3788,2002,Paved,Year Round,693 E Red Cedar Drive
98081,0.04,95.0,2022-05-12,2022-05-09,350000,560,0,2022-06-14,355000.0,CONV,B-1898-0060-0000,3,3,1,0,0,1,1,2100,2019,Paved,,173 E Fiddlers Canyon #60
98088,0.03,0.0,2023-02-01,2022-05-09,195000,0,0,2023-02-10,180000.0,CASH,A-1182-000D-0102,1,1,1,0,1,1,1,750,1983,,Year Round,286 W Eagles Roost #D-102
98090,0.09,0.0,2022-10-10,2022-05-09,310000,0,0,2022-11-09,319000.0,CONV,B-1870-0032-000W,3,2,1,0,0,1,1,1671,2007,Paved,,1865 W Clark N Parkway
98102,0.34,100.0,2022-08-01,2022-05-10,459900,1209,7950,2022-08-26,425500.0,CONV,B-1065-0003-0000,3,1,0,2,2,2,1,3138,1970,Paved,Year Round,184 S Ridge Road
98110,0.18,0.0,2022-05-16,2022-05-10,399900,0,6000,2022-06-21,405900.0,VA,B-1833-0020-0000,4,2,0,0,0,1,1,1437,2006,Paved,,419 W 2050 N
98118,0.03,100.0,2022-05-25,2022-05-11,362000,605,0,2022-07-20,356000.0,CONV,B-1898-0011-0000,4,3,1,0,0,1,1,2075,2007,Paved,,173 E Fiddlers Canyon #11 Road
98119,0.02,0.0,2022-05-12,2022-05-11,354900,0,0,2022-08-31,354900.0,CONV,B-2021-0021-0000,3,2,1,0,1,1,1,1734,2022,Paved,,668 E Fiddlers Cove Drive #21
98120,0.02,0.0,2022-06-15,2022-05-11,354900,0,0,2022-09-30,354900.0,CASH,B-2021-0023-0000,3,2,1,0,1,1,1,1734,2022,Paved,,668 E Fiddlers Cove Drive #23
98121,0.02,0.0,2022-05-11,2022-05-11,354900,0,0,2022-08-24,354900.0,CONV,B-2021-0024-0000,3,2,1,0,1,1,1,1734,2022,Paved,,668 E Fiddlers Cove Drive #24
98122,0.02,0.0,2022-05-11,2022-05-11,349900,0,0,2022-08-24,349900.0,CONV,B-2021-0022-0000,3,2,1,0,1,1,1,1734,2022,Paved,,668 E Fiddlers Cove Drive #22
98136,0.25,0.0,2022-07-08,2022-05-11,420000,0,5000,2022-08-05,415000.0,CONV,B-1868-0005-0000,4,2,0,0,0,1,1,1606,2018,Paved,Year Round,1723 N 3475 W
98138,0.56,10.0,2022-06-01,2022-05-11,528900,1550,0,2022-06-29,528900.0,CONV,D-0462-0014-0000,3,2,0,0,0,1,1,3100,2022,Paved,,4407 N 2525 W
98139,0.15,0.0,2022-06-30,2022-05-11,319900,0,5000,2022-07-29,315000.0,FHA,B-1730-0006-0000,3,2,0,0,0,1,1,1195,2003,Paved,,648 W 1275 N
98150,0.2,85.0,2022-05-18,2022-05-12,425000,568,0,2022-06-07,425000.0,CONV,B-1028-0002-0000,4,2,0,0,0,1,1,1747,1939,Paved,,376 S 300 W
98152,0.2,100.0,2022-06-07,2022-05-12,399999,863,2000,2022-07-12,392000.0,CONV,B-0117-0000-0000,4,2,0,0,0,1,1,1726,1948,Paved,,120 N 800 W
98160,0.29,0.0,2022-05-31,2022-05-12,484565,1821,0,2022-06-17,484565.0,CONV,B-1857-0027-0037,3,2,0,0,0,1,1,3495,2022,Paved,Year Round,3570 W Foundation Trail
98166,0.25,0.0,2022-05-18,2022-05-10,415000,0,15000,2022-06-24,425000.0,CONV,A-0385-0003-0000,3,2,0,0,2,1,1,1517,1979,Paved,Year Round,476 N 200 E
98178,0.13,0.0,2022-05-14,2022-05-12,359900,0,0,2022-06-14,359900.0,CONV,B-1791-0021-0000,3,2,0,0,0,1,1,1290,2005,Paved,,1486 S Southern View Drive
98180,0.02,0.0,2022-05-14,2022-05-12,260000,0,5250,2022-06-13,265500.0,CONV,B-1742-0030-0000,3,2,1,0,0,1,1,1365,2004,Paved,,1148 Northfield #30 Road
98201,0.5,0.0,2022-05-19,2022-05-13,583000,0,0,2022-08-30,595000.0,CONV,D-1209-000E-0005,4,2,1,0,0,1,1,1981,2022,Paved,Year Round,1090 S 4425 W
98205,0.29,100.0,2022-05-18,2022-05-13,939000,3155,0,2022-06-16,945000.0,CONV,B-1770-0005-0000,6,4,0,0,1,1,1,5883,2009,Paved,,1294 N Ridgeway Drive
98207,0.03,0.0,2022-05-31,2022-05-13,389900,0,4500,2022-07-12,389900.0,CONV,B-2022-0008-0000,3,2,1,0,1,1,1,1893,2022,Paved,Year Round,280 W 2100 #8 N
98215,0.0,0.0,2022-08-12,2022-05-15,780000,0,0,2022-09-13,695000.0,CASH,A-1205-0008-000B,4,3,0,0,1,1,1,2290,2006,Paved,Year Round,270 S Hwy 143 #8B
98222,0.02,0.0,2022-06-03,2022-05-16,349999,0,2049,2022-07-08,350000.0,CONV,B-1848-0003-0004,3,2,1,0,0,1,1,1672,2018,Paved,Year Round,3064 W 1750 N
98229,0.26,0.0,2022-08-06,2022-05-16,272500,0,5500,2022-08-26,273000.0,Utah Hsng,A-0352-0005-0000,2,1,0,0,1,1,1,794,1951,Paved,,47 W 400 North
98232,0.02,0.0,2022-05-25,2022-05-16,279900,0,0,2022-06-28,279400.0,CONV,B-1742-0028-0000,3,2,1,0,0,1,1,1365,2004,Paved,Year Round,1148 N Northfield #28 Road
98241,0.2,90.0,2022-09-26,2022-05-17,365000,1017,0,2022-10-27,350000.0,CONV,B-1120-0004-0000,4,2,0,0,0,1,1,2034,1955,Paved,,437 Kayenta Circle
98244,0.02,0.0,2022-05-24,2022-05-17,305000,0,1680,2022-06-14,305000.0,FHA,B-2013-0010-0000,2,2,1,0,0,1,1,1388,2022,Paved,Year Round,498 W 1225 #10 N
98262,0.03,0.0,2022-07-11,2022-05-18,62900,0,0,2022-08-01,60000.0,CASH,A-0504-0003-0003-02,1,1,0,0,0,1,1,320,1995,Paved,Year Round,302 Beth Street
98263,0.17,0.0,2022-08-30,2022-05-18,405000,0,0,2022-10-05,389900.0,CONV,B-1797-0014-0000,3,2,0,0,1,1,1,1616,2006,Paved,,4153 W 250 N
98264,0.23,100.0,2023-01-13,2022-05-18,270000,759,5000,2023-02-15,268000.0,CONV,B-0168-0001-0000,3,1,0,0,0,1,1,1518,1940,Paved,,230 N 700 W
98272,0.02,0.0,2022-05-22,2022-05-18,275000,0,7000,2022-07-08,283000.0,CONV,B-1742-0078-0000,3,2,1,0,0,1,1,1365,2005,Paved,,1148 Northfield 78 Road
98278,0.09,0.0,2022-05-31,2022-05-19,385000,0,0,2022-06-30,380000.0,CASH,B-1474-0022-0000,4,2,1,0,0,1,1,1821,2017,Paved,,1387 N Meadowbrook Drive
98281,0.12,0.0,2022-07-21,2022-05-19,325000,0,10000,2022-09-15,325000.0,Utah Hsng,B-1807-0016-000S,3,2,0,0,1,1,1,1420,2005,Paved,,263 N 4300 W
98284,3.42,0.0,2023-07-21,2022-05-19,90000,0,0,2023-08-04,80000.0,CASH,E-1699-0010-0009,1,1,0,0,1,1,1,572,2000,Unimproved,,6643 N 9700 W
98290,0.0,0.0,2023-05-12,2022-05-20,295000,0,0,2023-05-31,282500.0,CASH,A-1177-0003-000A,1,0,0,1,1,1,1,703,1984,Paved,Year Round,117 E Steam Engine #3a
98292,80.0,0.0,2022-08-29,2022-05-20,299000,0,0,2022-09-23,200000.0,CONV,E-0820-0821-0001-821,2,2,0,0,1,1,1,1280,1973,Unimproved,Year Round,3395 E Antelope Springs Road
98294,0.43,30.0,2022-08-03,2022-05-19,449500,1455,0,2022-08-23,440000.0,VA,A-0977-0014-0000,3,2,0,0,0,1,1,2929,2007,Paved,,1997 E Saddleback View
98301,0.0,0.0,2022-06-12,2022-05-20,225000,0,0,2022-07-07,232000.0,CONV,A-1150-0002-0001-015,1,1,0,0,1,1,1,750,1973,Paved,,312 S Highway 143 143 #3a
98304,0.1,0.0,2022-09-22,2022-05-20,215000,0,0,2022-10-27,215000.0,CONV,B-1893-0008-0001,2,1,0,0,0,1,1,768,2007,Paved,Year Round,1872 N 1600 North Access Road
98305,0.02,0.0,2022-10-28,2022-05-20,250000,0,5000,2022-11-22,255000.0,CONV,B-1917-0020-0000,3,2,1,0,0,1,1,1365,2008,Paved,Year Round,340 W 1425 #93 N
98306,0.03,0.0,2022-06-03,2022-05-20,349999,0,0,2022-07-06,349999.0,CONV,B-1848-0003-0023,3,2,5,0,0,1,1,1672,2019,Paved,,3060 W 1725 #23 N
98308,0.0,0.0,2022-08-25,2022-05-20,164900,0,5000,2022-09-27,156900.0,CONV,A-0514-0003-0001-04A,1,1,0,0,1,1,1,672,1984,Paved,,390 E 300 #4A S
98311,0.0,100.0,2022-06-09,2022-05-20,375000,1329,3000,2022-06-30,362000.0,CASH,B-1151-0001-0004-012,4,3,0,0,0,1,1,2658,1977,Paved,Year Round,911 Three Fountains Drive
98313,0.69,75.0,2022-06-25,2022-05-21,379000,1064,0,2022-08-11,350000.0,CONV,C-0638-0070-0000,4,1,0,1,1,1,1,2308,2000,,Seasonal,2152 E 2175 S
98314,0.0,0.0,2022-08-27,2022-05-21,239900,0,1900,2022-09-23,220000.0,CONV,A-1176-0002-0011,1,1,0,0,1,1,1,701,1984,Paved,Year Round,464 N Hwy 143 #A211
98316,0.26,0.0,2022-06-27,2022-05-21,465000,0,0,2022-08-24,465000.0,VA,A-1034-0005-0000,4,2,1,0,0,1,1,2300,2022,Paved,,"1067 E Southern Homestead Blvd Lot 5, Phs 3, Settlers Square"
98326,4.34,100.0,2022-07-01,2022-05-23,1250000,2450,0,2022-07-28,1100000.0,CASH,B-1598-0004-0000,7,4,1,0,1,1,1,4900,2006,Paved,Year Round,3405 W 1600 N
98333,0.04,0.0,2022-06-01,2022-05-23,349900,0,0,2022-06-17,349900.0,CONV,B-2003-0056-0000,3,2,0,0,1,1,1,1454,2022,Paved,,1825 N Lund Highway #56
98334,0.18,80.0,2022-06-06,2022-05-23,340000,862,1500,2022-06-27,295000.0,CASH,B-0045-0059-0000,4,2,0,0,1,1,1,2044,1951,Paved,,96 N 1150 W
98342,0.07,0.0,2022-08-12,2022-05-23,110000,0,0,2022-08-29,110000.0,Own Fin,UT6670574,2,1,0,0,1,1,1,1100,1985,Paved,Year Round,1225 W Harding Avenue #15 The Gentry Mobile Park
98344,0.27,0.0,2022-06-15,2022-05-24,489900,0,0,2022-08-04,470000.0,CASH,B-1832-0055-0000,3,2,0,0,0,1,1,1574,2014,Paved,Year Round,1329 W 1700 S
98345,0.18,100.0,2022-06-09,2022-05-24,399900,1075,0,2022-07-07,404650.0,CONV,B-0045-0067-0000,6,2,0,0,0,1,1,2150,1950,Paved,,127 N 1150 W
98346,0.24,0.0,2022-07-05,2022-05-24,432500,0,0,2022-08-05,432500.0,CONV,B-1046-0012-0000,3,3,0,0,2,1,1,1754,1976,Paved,Year Round,450 S 400 E
98358,0.03,0.0,2022-05-28,2022-05-25,319900,0,2000,2022-07-01,320000.0,FHA,B-1958-0039-000D,3,2,1,0,0,1,1,1402,2020,Paved,,266 E 3100 N
98359,0.32,100.0,2023-03-29,2022-05-25,529000,1624,0,2023-05-05,510000.0,VA,B-1066-0010-0000,5,3,0,0,1,1,1,3761,1962,Paved,,82 S Ridge Road
98360,0.81,40.0,2022-05-26,2022-05-23,359000,1296,12000,2022-06-27,360000.0,FHA,A-0878-0007-0009,4,2,0,0,2,1,1,2592,1972,Paved,,60 W Shetland
98366,0.35,100.0,2022-07-11,2022-05-23,379000,960,9000,2022-08-15,364000.0,CONV,B-1135-0034-0003,5,2,0,0,1,1,1,1954,1976,Paved,,1278 s 860 w
98368,0.3,100.0,2023-01-27,2022-05-25,450000,1408,0,2023-02-28,427000.0,VA,A-0427-0002-0000,5,3,0,0,1,1,1,3263,1996,Paved,,435 W 200 North
98369,0.27,0.0,2022-12-30,2022-05-25,435000,0,0,2023-01-30,423000.0,CONV,B-1868-0032-0000,4,2,0,0,0,1,1,1610,2014,Paved,Year Round,1810 N 3450 W
98371,0.27,0.0,2022-06-13,2022-05-25,598000,0,0,2022-07-14,590000.0,CONV,B-1397-0012-0000,3,2,1,0,1,1,1,2404,2006,Paved,Year Round,95 S 2050 W
98375,0.5,0.0,2022-10-20,2022-05-25,357000,0,300,2022-12-23,330000.0,CASH,E-0843-0002-0001-036,2,1,1,0,1,1,1,1728,2003,Paved,,4010 S 17675 W
98381,0.19,0.0,2022-07-13,2022-05-26,437566,0,5500,2022-07-26,437566.0,CONV,B-1772-0007-0000,3,2,0,0,0,1,1,1635,2017,Paved,Year Round,104 E 820 S
98383,2.13,0.0,2022-06-28,2022-05-26,599000,0,0,2022-07-29,575000.0,CONV,E-0185-0004-0001-05,5,3,0,0,1,1,1,2982,2003,,Year Round,5171 W 50 N
98388,0.0,0.0,2022-08-03,2022-05-26,329400,0,500,2022-09-05,317000.0,CONV,A-1172-0045-0000,1,1,1,0,1,1,1,612,1973,Paved,Year Round,226 S Hwy 143 #15-A
98396,0.56,0.0,2022-07-19,2022-05-26,469900,0,0,2022-08-22,469900.0,FHA,D-0462-0012-0000,4,2,0,0,0,1,1,1649,2022,Paved,,4371 N 2525 W
98402,0.23,0.0,2022-07-06,2022-05-23,528500,1786,0,2022-07-29,522000.0,CONV,D-1220-0013-0000,3,2,0,0,1,1,1,3572,2022,Paved,Year Round,1937 W Cliffrose Drive
98404,0.03,0.0,2022-06-20,2022-05-25,355000,0,0,2022-07-22,355000.0,VA,B-1386-0032-0000,4,2,1,0,0,1,1,1957,2020,Paved,Year Round,1583 S Quartz #A Drive
98407,0.36,100.0,2022-10-03,2022-05-26,720000,1840,0,2022-11-14,710000.0,CONV,B-1790-0030-0000,4,3,0,0,1,2,1,3680,2015,Paved,Year Round,1938 N Ashdown Forest
98411,0.22,100.0,2022-06-21,2022-05-27,399000,1104,2500,2022-07-28,395000.0,CONV,B-1157-0004-0001,4,3,0,0,2,1,1,2480,1984,Paved,,463 W Mountain View Drive
98413,0.13,0.0,2022-08-29,2022-05-27,319900,0,5000,2022-10-03,319900.0,CONV,B-1730-0013-0000,3,2,0,0,0,1,1,1195,2003,Paved,,633 W 1275 N
98424,0.39,100.0,2022-06-16,2022-05-27,685000,1759,0,2022-07-20,682500.0,CONV,D-1219-0038-0000,6,4,0,0,1,1,1,3518,2008,Paved,,1878 W 4675 N
98427,0.46,0.0,2022-08-31,2022-05-27,339000,0,6500,2022-09-26,332500.0,CONV,C-0645-0230-0000,3,2,0,0,1,1,1,1965,2007,Unimproved,Seasonal,3148 S 2650 Meadow Lake Estates b-I lot 7 E
98437,0.26,95.0,2022-06-21,2022-05-30,456000,1260,0,2022-08-01,436000.0,CONV,B-1194-0005-0010,4,3,0,0,1,1,1,2539,1994,Paved,,2059 N Wedgewood Lane
98442,0.03,0.0,2022-06-11,2022-05-31,255000,0,0,2022-06-20,240000.0,CASH,A-1182-000C-0104,1,1,1,0,1,1,1,750,1991,Paved,,286 S Eagles Roost #C-104
98462,0.03,0.0,2022-06-08,2022-06-01,379900,0,0,2022-07-01,370000.0,CASH,B-2022-0007-0000,3,2,1,0,1,1,1,1893,2022,Paved,Year Round,280 W 2100 #7 N
98463,0.02,0.0,2022-06-30,2022-06-01,275000,0,0,2022-07-26,275000.0,CONV,B-1917-0048-0000,3,2,1,0,0,1,1,1365,2010,Paved,,340 W 1425 #65 N
98470,0.56,0.0,2022-06-01,2022-05-31,447500,0,0,2022-06-23,447500.0,CONV,D-0462-0010-0000,4,2,1,0,1,1,1,1888,2022,Paved,Year Round,4335 N 2525 W
98468,1.38,100.0,2023-01-06,2022-06-01,659000,100,10000,2023-02-10,625000.0,CASH,C-1148-0005-0028,4,2,0,0,1,1,1,2144,1986,,Year Round,784 S Paintbrush
98484,1.0,0.0,2022-08-26,2022-06-01,225000,0,0,2022-09-26,215000.0,CASH,D-1188-000D-0005,3,1,1,0,1,1,1,1050,1974,Paved,,4216 W 1575 S
98485,2.7,90.0,2023-01-20,2022-06-01,695000,1564,10550,2023-06-28,695000.0,CONV,E-0209-0002-000B-15,5,3,1,0,1,1,1,3168,2002,Paved,Year Round,4764 W 1525 S
98491,0.02,0.0,2022-11-02,2022-06-02,297000,0,0,2022-11-30,297000.0,CASH,B-1985-0002-0026,3,2,1,0,1,1,1,1610,2017,,Year Round,1677 N Main #26
98496,0.27,5.0,2022-06-02,2022-06-02,520400,1554,0,2022-11-03,520400.0,CONV,B-2020-0095-0000,3,2,0,0,1,1,1,3299,2022,Paved,,4552 W 275 Lot 95 N
98499,0.5,100.0,2022-08-15,2022-06-02,449000,1024,0,2022-09-21,440000.0,CONV,D-0518-0039-0009,4,3,0,0,1,1,1,2133,1995,Paved,,5081 N 2800 W
98507,0.0,0.0,2022-06-26,2022-06-03,239900,0,0,2022-07-08,224500.0,CASH,A-1172-0036-0000,1,1,0,0,1,1,1,444,1973,Paved,Year Round,226 S Hwy 143 #14-B
98508,0.03,0.0,2022-11-16,2022-06-01,325000,0,0,2023-01-24,300000.0,CASH,B-1180-000D-0006,3,2,1,0,0,1,1,1500,2018,Paved,,474 W 1425 #D6 N
98513,0.25,0.0,2022-06-05,2022-06-03,474900,0,0,2022-06-27,471000.0,CASH,B-1868-0007-0000,4,2,1,0,0,1,1,1860,2017,Paved,Year Round,1757 N 3475 W
98520,0.44,100.0,2022-09-15,2022-06-03,424900,450,0,2022-10-20,430000.0,CONV,A-0906-0008-0000,5,3,1,0,0,1,1,1994,1998,Paved,,4674 N Oregon Trail
98524,19.9,0.0,2022-12-20,2022-06-03,725000,0,17000,2023-02-14,732000.0,CONV,E-0209-0035-0000,4,2,0,1,2,1,1,2628,1989,,Year Round,5952 W 1400 S
98525,0.19,0.0,2022-07-11,2022-06-04,445000,1650,12500,2022-08-02,444500.0,CONV,B-1736-0005-0000,3,1,0,1,0,2,1,3300,2003,Paved,Year Round,2652 N 475 W
98529,0.42,0.0,2022-11-07,2022-06-03,850000,0,0,2022-11-23,814000.0,CASH,B-1835-0007-0000,5,3,1,0,1,1,2,3999,2007,Paved,,628 E Knoll Ridge
98543,0.43,100.0,2022-08-11,2022-06-04,389000,1064,6500,2022-09-06,390000.0,FHA,A-0840-0009-0008,4,3,0,0,1,1,1,2128,1996,Paved,Year Round,4667 N 1170 E
98551,0.26,0.0,2022-06-05,2022-06-05,445000,0,0,2022-09-01,445000.0,CONV,A-1034-0003-0000,4,2,0,0,0,1,1,1912,2022,Paved,,"1033 E Southern Homestead Blvd Lot 3, Phs 3, Settlers Square"
98552,0.0,0.0,2023-02-08,2022-06-06,369900,0,0,2023-03-22,349000.0,Own Fin,A-1178-0120-0122,2,2,0,0,0,1,1,928,1983,Paved,,150 W Ridge View St CC 120 122
98561,0.55,0.0,2022-08-16,2022-06-06,157000,0,0,2022-08-19,140000.0,CASH,A-1143-0001-0007,2,0,0,0,0,1,1,560,1968,,Year Round,972 E Ridge Top Drive
98564,0.0,0.0,2022-06-27,2022-06-06,172000,0,0,2022-07-06,172000.0,CASH,A-1178-0135-0000,1,1,0,0,0,1,1,464,1983,Paved,Year Round,150 W Ridge View #135
98565,0.0,0.0,2022-06-13,2022-06-06,172000,0,0,2022-07-05,170000.0,CASH,A-1178-0133-0000,0,1,0,0,0,1,1,464,1983,Paved,Year Round,150 W Ridge View #133
98574,2.05,0.0,2022-06-14,2022-06-07,235000,0,0,2022-07-22,234500.0,VA,E-1712-0034-0000,2,1,0,0,0,1,1,1122,1964,,Year Round,5038 N 10400 W
98575,0.92,0.0,2022-08-23,2022-06-07,385000,0,14000,2022-10-07,392000.0,FHA,D-1190-000F-0001,3,2,0,0,0,1,1,1210,1995,Paved,,585 N 4475 W
98576,0.03,0.0,2022-06-09,2022-06-07,314000,0,6000,2022-07-08,320000.0,CONV,B-1958-0007-000G,3,2,1,0,0,1,1,1404,2018,Paved,,136 E 3025 N
98579,0.17,0.0,2022-07-08,2022-06-07,370000,0,5500,2022-08-11,365000.0,CONV,B-1575-0039-0000,3,2,0,0,0,1,1,1360,1996,Paved,,602 W 1475 N Circle
98586,0.16,100.0,2022-06-09,2022-06-07,400000,1008,0,2022-06-28,375000.0,CASH,B-0011-0017-0011,5,2,0,0,0,1,1,2016,1973,Paved,Year Round,1047 Bulloch Circle
98590,0.5,0.0,2022-07-05,2022-06-07,399900,0,0,2022-08-26,385000.0,CONV,D-1215-0023-0000,3,2,0,0,0,1,1,1368,2009,Paved,,4258 N 2475 W
98592,5.35,0.0,2022-07-02,2022-06-08,199000,0,0,2022-07-20,190000.0,CASH,D-0223-0001-0088,1,1,0,0,1,1,1,422,2018,,Seasonal,Lot 88 3200 Subdivision
98596,0.29,0.0,2022-07-15,2022-06-08,339900,0,6500,2022-08-19,339900.0,VA,B-1482-0022-0000,3,2,0,0,0,1,1,1100,1996,Paved,,773 W 1050 N
98601,2.56,0.0,2022-08-18,2022-06-07,350000,0,0,2022-08-30,330000.0,CASH,E-0209-0001-0008-04,3,2,0,0,0,1,1,1848,1994,Paved,Year Round,970 S 4850 W/4870 W. 1000 S.
98607,0.17,0.0,2022-08-10,2022-06-08,375000,0,0,2022-10-14,370000.0,CONV,B-1797-0007-0000,3,2,0,0,1,1,1,1361,2005,Paved,,4122 W 250 N
98609,0.23,100.0,2022-11-04,2022-06-08,520000,1440,15000,2022-12-05,500000.0,CONV,B-1866-0062-0000,5,3,0,0,1,1,1,2884,2011,Paved,,33 S 3900 W
98610,0.23,0.0,2022-07-02,2022-06-08,400000,0,0,2022-07-22,390000.0,FHA,B-1803-0021-0000,3,2,0,0,0,1,1,1360,2021,Paved,,142 N 4275 W
98613,0.03,0.0,2022-07-01,2022-06-07,319900,0,0,2022-07-29,327900.0,CONV,B-1848-0003-0017,3,2,1,0,0,1,1,1672,2019,Paved,Year Round,3061 W 1725 #17 N
98612,0.27,90.0,2022-07-05,2022-06-08,525000,950,0,2022-07-27,502000.0,CONV,B-1450-0004-0000,5,3,0,0,1,1,1,2764,1997,Paved,,5 N 2050 W
98617,1.0,0.0,2022-11-14,2022-06-09,485000,0,0,2022-12-13,450000.0,CONV,E-0171-0001-0026-05,4,2,0,0,0,1,1,2193,2007,Unimproved,,1166 N 6450 W
98620,1.0,0.0,2022-06-22,2022-06-08,250000,0,7000,2022-08-22,250000.0,VA,E-0171-0001-0033,3,2,0,0,0,1,1,1144,2000,Unimproved,,1007 N 6425 W
98626,0.17,0.0,2022-06-14,2022-06-09,405000,0,0,2022-06-22,405000.0,CASH,B-1839-0022-0000,3,2,0,0,0,2,1,1510,2006,Paved,,232 S 2875 W
99452,0.03,0.0,2022-11-21,2022-07-28,143000,0,0,2022-12-01,140000.0,Owner 1st,A-0504-0003-0004-17,1,1,0,0,0,1,1,451,2017,Paved,Year Round,417 Kari
99459,0.08,0.0,2023-03-27,2022-07-29,430000,0,0,2023-04-21,410000.0,CONV,B-2009-003A-0011,2,2,0,0,1,1,1,1717,2022,Paved,,2352 W Portal Hill #11 Road
99460,0.42,0.0,2022-08-19,2022-07-29,424900,0,0,2022-10-17,424900.0,CONV,A-0974-0046-0000,3,2,0,0,0,1,1,1436,2020,Paved,,4270 N Prospector Lane
99465,0.25,100.0,2022-08-30,2022-07-29,419000,704,0,2022-09-30,394999.0,CONV,B-1576-0010-0000,4,3,0,0,1,1,1,1944,1998,Paved,,2207 N Wagon Trail Drive
99477,0.35,100.0,2023-01-06,2022-08-01,399999,628,0,2023-01-24,389000.0,CONV,B-1340-0001-0005,3,2,0,0,1,1,1,2364,1992,Paved,,790 E Fiddlers Canyon Road
99495,0.43,0.0,2022-08-12,2022-08-01,349900,0,0,2022-11-18,339000.0,CONV,A-0840-0006-0013,4,2,0,0,0,1,1,1793,1996,Paved,,4499 N Marshal Trail
99501,1.61,100.0,2022-12-14,2022-08-01,899000,1816,1250,2022-12-29,750000.0,CASH,A-2029-0001-0000,6,4,1,0,1,1,1,4963,1999,Paved,,1025 W Old Highway 91
99503,0.03,0.0,2022-08-29,2022-08-01,309990,0,0,2022-09-28,299990.0,CASH,B-1577-0043-0000,4,2,1,0,0,1,1,1635,2022,Paved,Year Round,301 W 2050 #43 N
99504,0.03,0.0,2022-11-02,2022-08-01,305990,0,0,2022-11-28,305990.0,CONV,B-1577-0044-0000,4,2,1,0,0,1,1,1631,2022,Paved,Year Round,304 W 2050 #44 N
99502,0.03,0.0,2022-08-29,2022-08-01,309990,0,0,2022-08-29,299990.0,CASH,B-1577-0042-0000,4,2,1,0,0,1,1,1635,2022,Paved,Year Round,318 W 2050 #42 N
99513,0.04,0.0,2022-11-18,2022-08-01,359000,0,0,2022-12-20,345000.0,CASH,B-0772-0002-0000,3,2,0,0,1,1,1,1454,2019,Paved,Year Round,1825 N Lund Highway #14
99533,0.05,0.0,2022-08-29,2022-08-02,255000,0,0,2022-09-23,258000.0,CONV,B-0705-0004-0000,2,2,0,0,0,1,1,1037,1985,Paved,,139 N 100 #5 W
99534,0.16,0.0,2022-11-08,2022-08-04,325000,0,2500,2022-12-20,317000.0,CONV,B-1565-0047-0000,3,2,0,0,1,1,1,1700,1997,Paved,,70 N 4050 W
99540,0.02,0.0,2022-08-24,2022-08-05,274400,0,0,2022-09-23,267500.0,CASH,B-1742-0103-0000,3,2,1,0,0,1,1,1365,2006,Paved,Year Round,1148 N Northfield Rd. #103
99547,0.02,0.0,2022-08-24,2022-08-03,278500,0,0,2022-09-28,277500.0,CONV,B-2015-0019-0000,2,2,1,0,0,1,1,1289,2022,Paved,Year Round,1633 N 3200 #B W
99554,19.96,0.0,2023-04-05,2022-08-04,1650000,0,0,2023-04-18,1460000.0,CASH,E-1900-0018-0000,3,2,1,0,3,1,1,2930,2014,Paved,Year Round,5992 S Lobo Lane
99561,0.09,0.0,2022-09-27,2022-08-03,309900,0,5000,2022-10-28,309900.0,FHA,B-1870-0091-000N,3,2,0,0,0,1,1,1368,2018,Paved,Year Round,2747 N Clark Parkway
99562,0.05,0.0,2023-03-08,2022-08-04,419000,0,0,2023-04-25,405000.0,CONV,B-1806-003A-0000,3,2,0,0,0,1,1,1619,2022,,Year Round,311 N Pachea Trail
99592,0.86,0.0,2022-08-20,2022-08-06,344000,0,6000,2022-09-22,330000.0,CONV,D-0518-0037-0000,3,2,0,0,1,1,1,1244,1982,Paved,Year Round,2995 W 5200 N
99593,0.65,0.0,2022-08-23,2022-08-06,629990,2275,0,2022-09-23,629990.0,CONV,B-1857-0027-0064,3,2,1,0,1,1,1,4439,2022,Paved,Year Round,3501 W Sevy Circle
99597,0.16,0.0,2022-08-11,2022-08-02,410000,0,0,2022-09-19,410000.0,CASH,B-1947-0010-0000,3,2,0,0,1,1,1,1611,2016,Paved,,1769 N Willow N Lane
99623,0.16,0.0,2022-09-02,2022-08-09,489000,0,0,2022-10-03,466000.0,CONV,B-1613-0016-0000,3,2,0,0,0,1,1,1647,1999,Paved,Year Round,2179 W SHANNA LN (675 S) S Lane
99624,0.03,100.0,2022-08-15,2022-08-08,334900,0,4000,2022-09-13,334900.0,CONV,B-1179-0021-0000,3,2,1,0,1,1,1,1734,2020,Paved,Year Round,1549 N Northfield #21 Road
99635,0.4,0.0,2022-08-24,2022-08-10,772500,0,0,2022-09-23,772500.0,CASH,D-0535-0001-0000,5,3,1,0,1,1,1,2820,2022,Paved,Year Round,2318 W 5190 N
99639,0.4,100.0,2022-12-01,2022-08-10,525000,810,0,2022-12-19,500000.0,VA,B-1114-0003-0008-047,3,3,0,0,3,1,1,2430,1981,Paved,,443 S 1840 W
99651,0.94,100.0,2022-12-31,2022-08-11,499000,1197,0,2023-02-02,430000.0,CONV,E-1127-0002-0000,6,5,0,0,0,1,1,3584,1974,Paved,,78 E 100 N
99652,2.7,0.0,2022-08-22,2022-08-10,367317,0,750,2022-09-29,360000.0,CONV,E-0209-0002-000C-07,3,2,0,0,0,1,1,1377,1999,Paved,,4987 W 1525 S
99653,0.2,0.0,2022-08-11,2022-08-11,465000,0,0,2022-10-27,462253.0,CASH,B-2017-0019-0000,3,2,0,0,0,1,1,1541,2022,Paved,,54 N Strathmore
99656,0.35,0.0,2022-08-30,2022-08-10,460000,0,5000,2022-09-29,460000.0,FHA,A-0976-0002-0000,3,2,0,0,0,1,1,1633,2020,Paved,,"4368 N 1365 East Phs 1, Lot 2 Settlers Square"
99668,0.41,10.0,2023-01-16,2022-08-11,469900,1727,5000,2023-02-16,455000.0,CONV,A-0954-0023-0000,3,2,0,0,0,1,1,3454,2022,Paved,Year Round,3339 N Covered Wagon Drive
99669,0.28,0.0,2022-08-11,2022-08-11,470000,1641,0,2022-12-22,500608.0,CASH,A-0990-0013-0000,3,2,0,0,0,1,1,3459,2022,Paved,,"1169 E 4290 N Lot 13, Phs 4, Settlers Square"
99672,0.97,80.0,2022-09-27,2022-08-12,340000,952,10000,2022-10-28,335000.0,CONV,D-0579-0003-0000,4,2,0,0,1,1,1,2104,1938,Paved,,1325 W Midvalley Road
99677,0.09,0.0,2022-10-04,2022-08-12,275000,0,7000,2022-11-11,267000.0,Utah Hsng,B-1378-0011-0000,3,2,0,0,0,1,1,1057,1999,Paved,,1180 W 475 S
99678,0.19,0.0,2022-11-16,2022-08-12,290000,0,13974,2022-12-08,275000.0,FHA,B-1482-0020-0000,3,1,0,1,0,1,1,1120,1996,Paved,Year Round,745 W 1050 N
99682,0.5,0.0,2023-01-12,2022-08-12,674900,0,0,2023-01-27,650000.0,CASH,D-1197-000A-0003,5,3,1,0,1,1,1,2619,2022,Paved,Year Round,859 S Laurie Lane
99688,0.14,0.0,2022-08-20,2022-08-12,225000,0,2250,2022-09-09,225000.0,CONV,B-1893-0012-0001,2,1,0,0,0,1,1,768,2007,Paved,,1893 N 550 W
99695,0.41,0.0,2022-12-06,2022-08-12,474950,0,2000,2022-12-30,453000.0,CONV,A-0974-0086-0000,4,2,0,0,0,1,1,1979,2020,Paved,Year Round,4254 N High Noon Street
99706,0.23,100.0,2022-09-06,2022-08-15,475000,1500,2000,2022-09-26,450777.0,CASH,D-1210-0046-00AM,3,2,0,0,1,1,1,3000,2017,Paved,,3904 N Native Dancer Drive
99707,0.03,0.0,2022-08-15,2022-08-12,280000,0,0,2022-09-22,0.0,CONV,B-1958-0004-000D,3,2,1,0,0,1,1,1431,2008,Paved,,262 E 3025 N
99709,0.5,100.0,2022-08-15,2022-08-15,415000,1008,5000,2022-10-03,420000.0,VA,D-1189-000B-0011,5,3,0,0,0,1,1,2016,1994,Paved,,4132 W 525 N
99718,0.28,90.0,2022-09-01,2022-08-17,384900,1092,0,2022-09-14,374000.0,CONV,B-1013-0039-0000,6,2,0,0,1,1,1,2184,1974,Paved,,51 W Paradise Cyn Road
99726,0.41,100.0,2022-09-06,2022-08-18,458000,1342,0,2022-10-14,445000.0,FHA,A-0909-0014-0000,6,3,0,0,0,1,1,2684,2003,Paved,,4425 N Marshal
99736,0.43,100.0,2022-09-28,2022-08-18,390000,456,11500,2022-10-27,365000.0,FHA,A-0906-0163-0000,4,2,1,0,0,1,1,1884,2003,Paved,,4729 N Escalante Trail
99737,0.69,50.0,2022-10-21,2022-08-18,345000,1200,0,2022-11-23,320000.0,CONV,A-0874-0000-000D-11,3,2,0,0,0,1,1,2400,1978,Paved,Year Round,575 E Primrose Lane
99739,0.32,100.0,2022-08-24,2022-08-19,424900,791,2000,2022-09-12,425000.0,CASH,B-1626-0012-0000,5,3,1,0,1,1,1,3268,2001,Paved,Year Round,132 S Beacon Drive
99742,0.03,0.0,2022-09-13,2022-08-19,330000,0,5000,2022-10-06,320000.0,FHA,B-1179-0003-0000,3,2,1,0,1,1,1,1734,2019,Paved,,1549 N Northfield rd #3
99748,0.16,0.0,2022-08-25,2022-08-19,299900,0,5000,2022-10-07,284000.0,CONV,B-1379-0037-0000,2,2,0,0,1,1,1,1049,1995,Paved,Year Round,675 W 1325 S
99753,0.03,0.0,2022-10-10,2022-08-19,290000,0,9000,2022-11-10,290000.0,Other,B-1958-0044-000B,3,2,1,0,0,1,1,1402,2020,Paved,,3050 N 275 E
99754,0.08,0.0,2023-07-26,2022-08-18,405000,0,0,2023-09-27,409000.0,CASH,B-2009-003A-0018,2,2,0,0,1,1,1,1680,2022,Paved,Year Round,2352 W Portal Hill #18 Road
99755,0.0,0.0,2022-09-28,2022-08-12,249000,0,0,2022-10-31,239000.0,CONV,A-1150-0003-0002-123,1,2,0,0,1,1,1,774,1973,Paved,,226 S Highway 143 Ridges at Chalet Village #f-3
99757,0.18,100.0,2022-11-21,2022-08-21,299000,570,12123,2022-12-09,289000.0,CONV,B-1013-0030-0000,5,2,1,0,1,1,1,2383,1967,Paved,,640 S Sunset Drive
99761,0.29,100.0,2023-03-10,2022-08-22,332000,830,5000,2023-04-14,295000.0,CONV,B-0896-0897-0001-1,3,2,0,0,0,1,1,1660,1941,Paved,,382 N 300 W
99789,0.28,0.0,2022-08-23,2022-08-23,445000,0,0,2023-01-27,481266.0,VA,A-0990-0011-0000,4,2,0,0,0,1,1,1912,2022,Paved,,"1137 E 4290 N Lot 11, Phs 4, Settlers Square"
99794,0.17,0.0,2023-04-27,2022-08-24,395000,0,0,2023-05-26,380000.0,CONV,B-1803-0012-0000,3,2,0,0,0,1,1,1626,2022,Paved,,4246 W 150 N
99796,0.17,0.0,2022-09-07,2022-08-24,324900,0,0,2022-09-30,325900.0,CONV,B-1379-0085-0000,3,2,0,0,1,1,1,1231,1995,Paved,,1381 S 625 W
99800,0.23,0.0,2022-09-10,2022-08-24,270000,0,0,2022-10-07,270000.0,VA,A-0044-0001-0004,3,2,0,0,0,1,1,1053,1993,Paved,,110 E 200 S
99801,0.48,0.0,2022-11-09,2022-08-24,260950,0,0,2023-02-09,200000.0,CONV,D-0518-0042-0000,3,2,1,0,0,1,1,1765,1989,Paved,,5172 N 3100 W
99802,0.92,0.0,2022-08-31,2022-08-24,459000,0,0,2022-09-21,440000.0,CONV,D-0141-0141-0002,4,2,0,0,1,1,1,2556,1910,Paved,Year Round,125 W Main Street
99804,0.27,0.0,2022-09-10,2022-08-24,434900,0,5000,2022-10-06,430000.0,CONV,B-1868-0027-0000,4,2,0,0,1,1,1,1620,2009,Paved,,1809 N 3450 W
99806,0.03,0.0,2022-08-29,2022-08-24,314990,0,0,2022-09-28,299990.0,CASH,B-1577-0053-0000,4,2,1,0,0,1,1,1631,2022,Paved,Year Round,303 W 2050 #53 N
99810,0.18,0.0,2022-09-01,2022-08-25,285000,0,7000,2022-09-30,292000.0,FHA,B-1013-0008-0000,3,1,0,0,1,1,1,960,1955,Paved,,548 S 75 E
99816,0.23,0.0,2023-01-06,2022-08-25,450000,1560,0,2023-02-03,450000.0,VA,B-1434-0000-000,3,2,0,0,0,1,1,3120,2022,Paved,,4486 W 300 N
99821,0.05,0.0,2022-08-29,2022-08-26,275000,0,0,2022-09-28,275000.0,CONV,B-0705-0010-0000,2,2,0,0,0,1,1,1122,1985,,Year Round,139 N 100 #11 W
99824,0.02,0.0,2022-09-27,2022-08-26,313500,0,0,2022-11-30,312500.0,CASH,B-2015-0061-0000,3,2,1,0,0,1,1,1480,2022,Paved,Year Round,1681 N 3200 #A W
99834,0.0,0.0,2023-01-04,2022-08-29,495000,0,0,2023-01-24,460000.0,CONV,A-1205-0007-000D,2,2,0,0,1,1,1,1759,2006,,Year Round,270 S Hwy 143 #7d
99837,0.5,0.0,2022-10-07,2022-08-29,354000,0,15000,2022-11-07,342000.0,VA,D-0518-0039-0042,3,2,0,0,0,1,1,940,1999,Paved,Year Round,5348 N 3000 W
99839,0.53,0.0,2022-12-19,2022-08-29,305000,0,0,2023-01-10,287000.0,CASH,A-0878-0012-0002,3,2,0,0,0,1,1,1260,1995,Paved,,244 W Palomino Drive
99840,0.02,0.0,2022-09-22,2022-08-29,294990,0,0,2022-10-26,294990.0,CONV,B-1857-1007-0000,3,2,0,0,0,1,1,1399,2022,Paved,Year Round,479 S 2925 1007 W
99842,0.0,0.0,2023-02-10,2022-08-29,359000,0,0,2023-03-13,345000.0,CASH,A-1173-0037-0000,2,2,0,0,1,1,1,930,1981,Paved,Year Round,407 S Vasels (fka Brian Head Blvd) Giant Steps condo #37
99854,0.3,0.0,2022-10-11,2022-08-31,494900,0,0,2022-12-12,474900.0,CONV,B-2020-0017-0000,4,2,0,0,0,1,1,2076,2022,Paved,,4387 W 300 N
99861,0.02,0.0,2022-10-03,2022-08-30,305000,0,0,2022-11-01,300000.0,CASH,B-1985-0002-0010,3,2,1,0,0,1,1,1570,2018,Paved,Year Round,1677 N Main #10
99863,0.28,0.0,2022-12-06,2022-08-30,425000,0,0,2023-02-13,0.0,CASH,A-0990-0010-0000,3,2,0,0,0,1,1,1541,2023,Paved,,"1129 E 4290 N Lot 10, Phs 4, Settlers Square"
99873,0.5,100.0,2022-09-06,2022-08-30,409900,1087,0,2022-10-05,395000.0,CONV,D-1189-000C-0004,4,2,0,1,0,1,1,2190,1995,Paved,Year Round,4133 W 525 N
99876,0.28,100.0,2022-08-20,2022-08-19,449900,768,0,2022-09-21,443000.0,CONV,B-1153-0014-0005,3,3,0,0,1,1,1,2350,1984,,Year Round,2161 W Sky View Drive
99885,0.43,35.0,2022-10-23,2022-08-31,439999,1288,0,2022-11-22,435000.0,FHA,A-0909-0001-0000,5,2,0,0,0,1,1,2604,2000,Paved,,4447 N Quickdraw Lane
99887,0.18,0.0,2022-12-28,2022-08-31,415000,0,16000,2023-02-10,415000.0,VA,B-1803-0015-0000,4,2,0,0,1,1,1,2012,2006,Paved,,4206 W 150 N
99892,0.0,0.0,2023-02-26,2022-08-31,649000,0,1250,2023-03-30,620000.0,CASH,A-1200-0AB3-0000,3,2,0,0,1,1,1,1880,2011,Paved,,74 W Ridge View #AB3 (A9)
99903,0.17,80.0,2023-01-19,2022-08-31,400000,1803,11760,2023-03-21,392000.0,CONV,B-1803-0019-0000,8,3,1,0,1,1,1,3619,2007,Paved,,4251 W 150 N
99914,2.38,0.0,2023-03-13,2022-09-01,509000,0,0,2023-04-07,500000.0,CONV,D-1190-000F-0010,3,2,0,0,0,1,1,1738,1994,Paved,,4265 W 500 N
99920,0.26,0.0,2022-10-26,2022-09-02,413500,1420,10000,2022-11-29,410000.0,CONV,A-0881-0005-0000,3,2,0,0,0,1,1,2840,2022,Paved,Year Round,4537 N Pearly Lane
99922,0.46,0.0,2023-02-28,2022-09-02,659000,0,0,2023-03-17,0.0,CASH,A-0907-0003-0000,5,3,0,0,1,1,1,2560,2022,Paved,,4288 N Tomahawk (Lot 3)
99930,0.13,100.0,2022-12-20,2022-09-02,365000,0,0,2023-01-03,365000.0,CASH,A-0026-0001-0032,3,2,0,0,0,1,1,1486,2022,Paved,Year Round,757 W 60 N
99931,15.0,100.0,2022-09-06,2022-09-02,345000,960,0,2022-09-30,355000.0,CONV,E-1030-0012-0000,3,2,1,0,1,1,1,2400,1983,,Year Round,2510 N 1015 E
99939,0.53,100.0,2023-03-16,2022-09-03,650000,1924,0,2023-03-24,650000.0,CASH,D-0759-0006-0016,4,3,0,0,1,1,1,4213,2005,Paved,Year Round,2245 W 2450 N
99941,0.29,0.0,2022-12-02,2022-09-05,459900,0,0,2023-01-11,455000.0,CASH,B-2020-0036-0000,3,2,0,0,1,1,1,1896,2022,Paved,,4307 W 275 N
99957,0.27,100.0,2023-02-09,2022-09-07,520000,1763,0,2023-04-04,490000.0,CONV,B-1785-0013-0000,5,3,0,0,1,1,1,3516,2005,Paved,,117 S Padre Circle
99970,0.51,95.0,2023-08-27,2022-09-07,419900,912,0,2024-04-29,400000.0,CASH,A-0874-0000-000C-06,4,2,0,0,1,1,1,1824,1975,Paved,,4466 N Magnolia Drive
99972,0.39,100.0,2023-08-29,2022-09-07,529000,1030,0,2023-09-21,475000.0,CONV,B-1114-0003-0001-023,4,3,0,0,3,1,1,2483,1985,Paved,,569 S Rose Hill Road
99974,0.1,0.0,2023-03-31,2022-09-07,345500,0,0,2023-05-01,338000.0,CONV,B-1873-0002-0000,3,2,1,0,1,1,1,1781,2006,Paved,Year Round,19 E 820 S
99978,0.5,0.0,2022-11-15,2022-09-08,325000,0,0,2022-12-02,320000.0,Own Fin,D-0518-0043-0001-01,3,2,0,0,0,1,1,1387,2021,Paved,,5230 N 2900 W
99983,0.21,0.0,2023-04-26,2022-09-08,349900,0,0,2023-06-05,347900.0,CASH,B-1155-0021-0001,3,2,0,0,0,1,1,1200,1992,Paved,,513 W Pinecone Drive
99987,0.21,100.0,2022-09-13,2022-09-09,369900,1040,0,2022-10-31,369900.0,CONV,B-1135-0032-0025,4,2,0,0,2,1,1,2149,1976,Paved,,745 W Mountain View
100004,1.09,0.0,2022-10-04,2022-09-09,599000,0,0,2022-10-26,534800.0,CASH,E-0171-0002-00R1,3,2,0,0,0,1,1,1946,2018,Paved,,6837 W 1100 N
100007,0.3,0.0,2022-10-07,2022-09-09,340000,0,10700,2022-12-19,340200.0,CONV,A-0442-0004-0000,3,2,0,0,1,1,1,1606,1973,Paved,,583 W Center Street
100009,0.28,0.0,2023-01-05,2022-09-10,534990,1223,0,2023-01-31,534990.0,CASH,B-1857-0027-0059,4,2,1,0,0,1,1,3733,2022,Paved,Year Round,3553 W Foundation Trail 59
100032,1.0,100.0,2022-10-20,2022-09-13,424900,1292,0,2022-11-21,390000.0,FHA,A-0877-0002-0008,5,3,0,0,3,2,1,2895,1978,Paved,Year Round,4135 N Driftwood Lane
100036,0.03,0.0,2022-11-04,2022-09-13,259999,0,6000,2022-12-06,256250.0,CONV,A-1182-000D-0101,1,1,1,0,1,1,1,750,1991,,Year Round,286 W Eagles Roost #d-101 Street
100037,0.27,0.0,2022-11-07,2022-09-13,379000,0,0,2022-11-30,363000.0,FHA,A-1014-0004-0003,3,2,0,0,0,1,1,1422,2012,Paved,Year Round,4930 Heather hue Road
100041,0.03,0.0,2022-09-27,2022-09-14,315990,0,0,2022-11-28,315990.0,CONV,B-1577-0075-0000,4,2,1,0,0,1,1,1631,2022,Paved,Year Round,2018 N 375 #75 W
100042,0.03,0.0,2022-10-01,2022-09-14,315990,0,0,2022-11-10,315990.0,CASH,B-1577-0081-0000,4,2,1,0,0,1,1,1631,2022,Paved,Year Round,2020 N 350 81 W
100043,0.03,0.0,2022-09-30,2022-09-14,309990,0,0,2022-11-04,299990.0,CONV,B-1577-0082-0000,4,2,1,0,0,1,1,1635,2022,Paved,Year Round,2016 N 350 #82 W
100048,0.02,0.0,2022-11-17,2022-09-14,344900,0,8000,2022-12-19,348900.0,CONV,B-2021-0029-0000,3,2,1,0,1,1,1,1734,2022,Paved,,668 E Fiddlers Cove Drive #29
100050,0.02,0.0,2022-11-20,2022-09-14,339900,0,2000,2022-12-29,339900.0,CONV,B-2021-0030-0000,3,2,1,0,1,1,1,1734,2022,Paved,,668 E Fiddlers Cove Drive #30
100047,0.02,0.0,2023-02-16,2022-09-14,339900,0,5000,2023-03-17,339900.0,CONV,B-2021-0039-0000,3,2,1,0,1,1,1,1734,2022,Paved,,668 E Fiddlers Cove Drive #39
100051,0.02,0.0,2023-02-15,2022-09-14,334900,0,0,2023-03-22,334900.0,CONV,B-2021-0031-0000,3,2,1,0,1,1,1,1734,2022,Paved,,668 E Fiddlers Cove Drive #31
100055,0.0,0.0,2023-08-07,2022-09-14,228000,0,0,2023-08-25,210000.0,CONV,A-1153-0019-0000,1,1,0,0,1,1,1,622,1980,Paved,Year Round,385 S Vasels #19 Road
100061,0.02,0.0,2022-12-06,2022-09-15,343990,632,0,2023-01-10,343990.0,CONV,B-1857-1011-0000,3,2,1,0,0,1,1,2187,2023,Paved,Year Round,2933 W 475 1011 S
100062,0.02,0.0,2022-09-29,2022-09-15,348990,632,0,2023-01-17,340000.0,CASH,B-1857-1012-0000,4,2,1,0,0,1,1,2244,2023,Paved,Year Round,2937 W 475 1012 S
100063,0.31,0.0,2022-09-15,2022-09-15,515000,0,0,2023-03-09,564064.0,CONV,B-2020-0114-0000,4,2,1,0,1,1,1,2290,2022,Paved,,4513 W 275 (Lot 114) N
100073,0.5,20.0,2022-10-04,2022-09-16,665000,1438,0,2022-11-10,650000.0,CONV,D-1209-000B-0005,4,3,0,0,0,1,1,3461,2020,Paved,Year Round,832 S 4425 W
100079,20.0,0.0,2023-01-27,2022-09-16,750000,0,0,2023-03-16,730000.0,CONV,E-0678-0000-0000,3,2,1,0,1,1,1,1821,2020,Paved,Year Round,13245 W 3000 S
100082,0.38,100.0,2023-03-02,2022-09-16,1199999,2019,14426,2023-04-03,1100000.0,CONV,B-2012-0403-0000,6,3,1,0,1,1,1,4038,2022,Paved,Year Round,2865 W Rock Ridge Road
100084,0.0,0.0,2022-10-20,2022-09-16,450000,0,0,2022-11-17,400000.0,CONV,A-1177-0002-000B,1,2,0,0,1,1,1,1225,1984,Paved,Year Round,117 E Steam Engine #2b Drive
100091,0.5,100.0,2022-09-22,2022-09-19,425000,1190,0,2022-11-15,455000.0,CONV,A-0878-0006-0007,5,3,0,0,1,1,1,2394,1995,Paved,,3929 N Quarterhorse Drive
100097,0.02,0.0,2022-09-28,2022-09-19,285000,0,0,2022-10-12,278500.0,CONV,B-2013-0021-0000,2,2,1,0,0,1,1,1388,2022,Paved,Year Round,498 W 1225 #21 N
100105,0.2,100.0,2022-11-09,2022-09-19,369999,1040,0,2022-12-08,355000.0,CONV,B-1389-0012-0000,5,2,0,0,0,1,1,2122,1993,Paved,,313 W 1650 N
100107,0.0,0.0,2022-12-24,2022-09-19,370000,0,5500,2023-02-14,340000.0,CASH,A-1150-0003-0002-216,1,2,0,0,1,1,1,928,1975,Paved,Year Round,226 S Highway 143 #J-4
100110,0.43,95.0,2022-10-12,2022-09-19,405000,432,11550,2022-11-08,385000.0,CONV,A-0840-0006-0009,5,3,0,0,0,1,1,1760,1998,Paved,,4490 N Tumbleweed Drive
100112,0.3,0.0,2022-09-29,2022-09-20,397000,0,0,2022-11-18,403625.0,CONV,B-2020-0031-0000,3,2,0,0,0,1,1,1510,2022,Paved,Year Round,4356 W 275 N
100113,0.32,75.0,2022-10-07,2022-09-20,499900,1960,0,2022-11-15,500000.0,CONV,B-1856-0036-0000,3,1,0,1,1,2,1,3920,2007,Paved,,127 S Kingsbury Drive
100114,0.0,0.0,2022-10-03,2022-09-20,456500,0,0,2022-10-20,435000.0,CASH,A-1144-0001-0005-11,2,1,0,1,1,1,1,1276,1975,Paved,,241 N Highway 143 #6A Snowshoe 6A
100123,0.5,0.0,2022-10-27,2022-09-20,499000,0,0,2022-11-18,0.0,CASH,D-1214-0018-0000,4,2,0,0,1,1,1,1887,2022,Paved,Year Round,2431 W 4975 N
100127,0.12,0.0,2022-10-20,2022-09-21,375000,0,0,2022-10-28,340000.0,CASH,B-1832-0032-000W,3,2,1,0,1,1,1,1620,2012,Paved,,1371 W 1600 S
100129,0.42,100.0,2022-10-12,2022-09-21,569000,1549,0,2022-11-09,550000.0,FHA,A-0974-0126-000,4,5,0,0,0,1,1,3108,2021,Paved,,4218 N Gold Dust Trl Street
100144,0.16,0.0,2022-09-29,2022-09-22,449000,0,0,2022-10-19,445000.0,CASH,B-1999-0046-0000,3,2,0,0,1,1,1,1633,2019,Paved,,2823 W 25 Sterling Drive N
100147,0.23,100.0,2023-02-13,2022-09-22,425000,448,21000,2023-03-21,406000.0,FHA,B-1154-0001-0022,5,2,1,0,2,1,1,2576,1977,Paved,,1019 W Cedar Knolls S
100149,0.02,0.0,2022-10-26,2022-09-22,294990,0,0,2022-12-23,294990.0,CONV,B-1857-1004-0000,3,2,0,0,0,1,1,1399,2022,Paved,Year Round,471 S May 1004 Drive
100160,0.21,100.0,2023-04-04,2022-09-23,434900,1473,7000,2023-05-02,420000.0,CONV,B-1619-0002-0000,3,2,0,0,0,1,1,2946,2005,Paved,Year Round,768 S 400 E
100174,0.03,0.0,2022-09-28,2022-09-21,349000,0,0,2022-10-03,349000.0,CASH,B-2018-0002-0000,3,2,1,0,0,1,1,1810,2022,Paved,,2875 W Cody #2 Drive
100179,0.87,0.0,2023-02-03,2022-09-27,749900,0,0,2023-02-15,685000.0,CASH,B-2023-0012-0000,3,2,0,1,2,1,1,2316,2022,Paved,,1767 S 4250 W
100180,0.34,100.0,2022-12-05,2022-09-26,529000,840,0,2022-12-23,515000.0,CONV,B-1626-0021-0000,4,3,0,0,2,1,1,2790,2005,Paved,Year Round,23 N Beacon Drive
100184,0.11,0.0,2022-12-28,2022-09-27,349900,0,0,2023-02-09,347000.0,VA,B-1203-0003-000N,3,2,0,0,1,1,1,1500,2022,Paved,Year Round,944 S. 25 W.
100186,0.0,100.0,2022-12-06,2022-09-27,320000,1328,0,2023-01-06,300000.0,CONV,B-1151-0001-0004-025,4,3,0,0,2,1,1,2656,1977,Paved,Year Round,901 Three Fountains
100185,0.11,0.0,2022-10-06,2022-09-27,354500,0,0,2022-10-21,354000.0,CASH,B-1203-0003-000S,3,2,0,0,1,1,1,1500,2022,Paved,Year Round,948 S. 25 W.
100194,0.31,0.0,2022-10-10,2022-09-27,385000,0,8000,2022-11-16,378000.0,CONV,B-1870-0087-0000,3,2,0,0,0,1,1,1353,2015,Paved,,2789 Sunny Brook Row
100204,0.51,0.0,2023-01-10,2022-09-28,285000,0,5000,2023-02-07,267000.0,CONV,A-0779-0001-0007,2,1,0,0,0,1,1,800,2021,Paved,Year Round,4689 N Horseshoe Drive
100208,0.27,0.0,2022-12-15,2022-09-28,449990,1821,0,2023-01-20,449990.0,CONV,B-1857-0027-0057,3,2,0,0,0,1,1,3495,2023,Paved,Year Round,3596 W Sevy 57 Street
100206,0.17,0.0,2023-03-04,2022-09-27,367000,0,15500,2023-04-03,367000.0,CONV,B-1759-0016-0000,4,2,0,0,1,1,1,1679,2004,Paved,Year Round,4178 W 275 N
100215,0.03,0.0,2023-03-12,2022-09-28,275000,0,5000,2023-04-17,280000.0,CONV,B-1472-000F-0004,3,2,1,0,1,1,1,1515,1996,Paved,,195 E Fiddlers Cyn #24 Road
100217,0.02,0.0,2023-05-31,2022-09-29,264900,0,0,2023-06-30,264900.0,CONV,B-1961-0014-000F,3,2,1,0,0,1,1,1242,2023,Paved,Year Round,920 S 25 #15 F E
100218,0.02,0.0,2023-05-12,2022-09-29,264900,0,0,2023-07-07,264900.0,CONV,B-1961-0014-000G,3,2,1,0,0,1,1,1242,2023,Paved,Year Round,920 S 25 #15 G E
100235,0.42,25.0,2022-10-11,2022-09-30,499900,1738,10000,2022-11-16,499900.0,CONV,A-0974-0131-0000,3,3,0,0,1,1,1,3493,2021,Paved,Year Round,4302 N Gold Dust Trail
100237,1.02,0.0,2022-12-15,2022-09-30,325000,0,0,2023-01-30,325000.0,FHA,E-0258-0016-0000,3,2,0,0,1,1,1,1809,1981,Paved,,3395 S 5175 W
100249,0.26,0.0,2022-10-07,2022-09-30,435000,0,0,2022-11-03,425000.0,CONV,B-2020-0025-0000,3,2,0,0,1,1,1,1806,2022,Paved,Year Round,4468 W 275 N
100257,0.02,0.0,2023-04-27,2022-10-01,339990,632,0,2023-06-02,339990.0,CONV,B-1857-1010-0000,3,2,1,0,0,1,1,2187,2023,Paved,Year Round,2931 W 475 #1010 S
100255,0.03,0.0,2022-10-25,2022-10-01,304990,0,0,2023-01-03,304990.0,CONV,B-1577-0083-0000,4,2,1,0,0,1,1,1635,2022,Paved,Year Round,2014 N 350 #83 W
100256,0.03,0.0,2022-11-11,2022-10-01,305990,0,0,2022-12-23,305990.0,CONV,B-1577-0084-0000,4,2,1,0,0,1,1,1631,2022,Paved,Year Round,2012 N 350 84 W
100258,0.02,0.0,2023-04-05,2022-10-01,334990,632,0,2023-05-11,334990.0,CONV,B-1857-1015-0000,3,2,1,0,0,1,1,2187,2023,Paved,Year Round,2953 W Ezra #1015 Drive
100263,0.52,80.0,2022-11-02,2022-09-30,350000,1050,5000,2022-12-09,335000.0,CONV,A-0878-0005-0006-01,5,2,0,0,0,1,1,2100,1978,Paved,Year Round,3969 Arabian Way
100265,0.21,100.0,2022-10-07,2022-10-01,350000,1104,0,2022-11-03,355000.0,CONV,A-0386-0007-0000,4,2,0,0,1,1,1,2208,1979,Paved,,510 N 250 E
100267,0.53,90.0,2022-12-21,2022-10-03,369900,1064,0,2023-01-23,350000.0,CONV,A-0878-0011-0017,5,3,0,0,0,1,1,2128,1995,Paved,,4347 Morgan Drive
100269,0.16,100.0,2023-02-17,2022-10-03,449000,1345,500,2023-03-08,425000.0,CASH,B-1803-0022-0000,5,3,0,0,0,1,1,2724,2015,Paved,Year Round,136 N 4275 W
100272,0.02,0.0,2023-01-09,2022-10-03,334900,0,2500,2023-01-30,334900.0,FHA,B-2021-0035-0000,3,2,1,0,1,1,1,1734,2022,Paved,,668 E Fiddlers Cove Drive #35
100274,1.3,0.0,2022-10-11,2022-10-04,219000,0,0,2022-11-14,230000.0,CONV,D-0456-0482-0000,3,2,0,0,0,1,1,1164,1999,Unimproved,,5471 N 3500 W
100277,0.42,100.0,2022-10-07,2022-10-04,499000,1795,3500,2022-10-28,494000.0,CONV,A-0974-0062-0000,6,3,0,0,0,1,1,3590,2018,Paved,,4544 N Prospector Ln
100279,0.1,0.0,2023-02-25,2022-10-04,312000,0,0,2023-03-29,290000.0,CONV,B-1778-0011-0001,3,2,1,0,1,1,1,1322,2005,Paved,,272 N Torrey Pines Circle
100294,0.24,85.0,2022-10-14,2022-10-05,325000,576,10000,2022-12-02,325000.0,CONV,B-1153-0004-0005-01,3,2,1,0,2,1,1,1682,1979,Paved,Year Round,2270 Skyview
100296,0.16,0.0,2022-10-12,2022-10-04,410000,1741,10000,2022-11-01,410000.0,CONV,B-1803-0010-0000,3,2,0,0,1,1,1,3482,2006,Paved,,4262 W 150 N
100298,0.26,0.0,2023-05-04,2022-10-05,459300,0,0,2023-05-16,453000.0,CASH,B-2020-0020-0000,3,2,0,0,0,1,1,1794,2022,Paved,Year Round,4437 W 300 N
100305,0.19,100.0,2022-11-09,2022-10-05,265000,0,4000,2022-12-06,235000.0,CONV,B-1103-0053-0000,2,1,0,0,0,1,1,888,1957,Paved,,444 S 300 E
100307,0.19,0.0,2022-11-04,2022-10-06,370000,0,1025,2022-12-12,340000.0,CONV,B-1759-0015-0000,3,2,0,0,1,1,1,1619,2004,Paved,,4190 W 275 N
100314,0.12,0.0,2023-01-27,2022-10-06,345000,0,6500,2023-02-24,330000.0,CONV,A-2060-0016-0000,3,2,0,0,0,1,1,1319,2017,Paved,Year Round,2253 W 450 S
100315,0.09,0.0,2022-11-21,2022-10-06,375000,0,9000,2023-01-04,359000.0,CONV,B-1939-0026-000B,3,2,0,0,0,1,1,1260,2015,Paved,,245 W Bristlecone Drive
100317,0.45,95.0,2022-11-02,2022-10-07,325000,960,8000,2022-12-06,330000.0,CONV,A-0556-0002-0000,4,2,0,0,0,1,1,1920,1975,Paved,,264 W 100 N
100330,1.14,100.0,2022-10-12,2022-10-07,1575000,0,0,2022-10-31,1575000.0,CASH,A-1189-000A-0035,4,2,1,1,2,1,1,2656,2021,Paved,Year Round,841 E Kodiak Drive
100331,0.11,100.0,2022-10-11,2022-10-07,365000,1150,5000,2022-11-09,365000.0,CONV,B-1562-0015-0001,4,3,0,0,1,1,1,2300,1998,Paved,,252 E 820 S
100334,0.31,0.0,2022-11-08,2022-10-08,479990,1821,0,2022-11-29,479990.0,VA,B-1857-0027-0045,3,2,0,0,0,1,1,3495,2022,Paved,Year Round,3559 W Foundation 45 Trail
100341,0.08,0.0,2022-10-12,2022-10-10,319000,0,0,2022-11-22,330000.0,VA,B-1870-0095-0000,3,2,1,0,1,1,1,1611,2015,Paved,,2766 N Mountain Valley Trail
100344,0.36,0.0,2024-09-30,2022-10-06,659000,0,0,2024-10-18,635000.0,CONV,B-1395-0004-0005,5,4,1,0,2,1,1,3254,1994,Paved,,908 E Fiddlers Canyon Road
100349,0.38,0.0,2022-12-12,2022-10-10,349900,100,0,2023-01-24,335000.0,CONV,A-0335-0003-0000,3,2,0,0,1,1,1,2323,1914,Paved,,207 E 300 N
100348,0.21,0.0,2023-02-27,2022-10-10,325000,0,5000,2023-03-31,300000.0,CONV,B-0065-0027-0000,3,1,1,0,1,1,1,1848,1965,Paved,Year Round,146 N Highland Drive
100366,0.37,95.0,2022-10-24,2022-10-11,440000,1495,23650,2022-12-06,430000.0,FHA,B-1114-0003-0003-02,6,3,0,0,3,1,1,2990,1985,Paved,,342 S 2050 W
100367,0.29,80.0,2022-11-27,2022-10-11,549000,1511,0,2022-12-21,539900.0,CASH,A-0976-0033-0000,5,3,0,0,1,1,1,3198,2020,Paved,Year Round,1223 E Southern Homestead Boulevard
100396,0.68,100.0,2023-03-07,2022-10-13,589000,1832,0,2023-04-11,530000.0,CONV,B-1064-0006-0000,4,2,1,0,2,1,1,3685,1956,Paved,,211 S Ridge Road
100397,0.03,0.0,2022-12-14,2022-10-13,305000,0,0,2023-01-13,0.0,CONV,B-1958-0019-000D,3,2,1,0,0,1,1,1420,2022,Paved,Year Round,3059 N 175 E
100408,0.28,0.0,2022-10-14,2022-10-13,410000,0,0,2023-03-03,418038.0,CASH,A-0990-0012-0000,3,2,0,0,0,1,1,1633,2023,Paved,,"1149 E 4290 Lot 12, Phase 4, Settlers Squa N"
100409,0.54,100.0,2022-10-24,2022-10-14,290000,900,0,2023-01-02,274500.0,CONV,A-0779-0054-0000,5,2,0,0,1,1,1,1829,1979,Paved,Year Round,4573 N Wagon Wheel
100411,0.52,0.0,2023-04-10,2022-10-14,329900,0,0,2023-05-05,320000.0,CASH,A-0878-0012-0004,3,2,0,0,0,1,1,1539,1997,Paved,,202 W Palomino Drive
100413,0.13,0.0,2022-12-14,2022-10-14,255000,0,0,2023-01-17,221500.0,CONV,B-1161-0002-0002-01,3,1,1,0,0,1,1,1096,1984,Paved,,455 W Bramblewood Drive
100417,0.43,10.0,2022-12-19,2022-10-14,330000,1042,18870,2023-01-18,314500.0,CONV,A-0840-0010-0006,3,1,0,0,0,1,1,2096,1995,Paved,,4533 N Quickdraw
100421,0.41,100.0,2022-12-13,2022-10-17,387000,1196,0,2023-01-11,365000.0,CONV,A-0775-0009-0016,4,3,0,0,0,1,1,2392,1996,,Year Round,4895 N Pioneer E Drive
100429,0.25,100.0,2022-10-31,2022-10-18,474900,1504,15000,2022-11-17,475000.0,FHA,B-1400-0008-0000,6,3,0,0,1,1,1,3008,1994,Paved,,9 S 2125 W
100431,0.16,100.0,2022-12-12,2022-10-18,375000,1497,14250,2023-01-12,375000.0,FHA,B-1615-0027-0000,5,3,0,0,1,1,1,3009,2002,Paved,,2572 N 550 W
100434,0.16,0.0,2022-11-04,2022-10-19,329900,0,7200,2023-01-23,329000.0,VA,B-1870-0092-000N,3,2,1,0,0,1,1,1666,2022,Paved,Year Round,2746 N Clark Pkwy
100443,0.43,0.0,2022-12-10,2022-10-13,1365000,0,0,2023-01-13,1150000.0,CONV,A-1212-0013-0000,5,3,0,0,1,1,1,3400,2007,,Year Round,548 Park-U-Pine
100453,0.43,0.0,2023-05-01,2022-10-20,435000,1353,0,2023-06-02,429000.0,CONV,143,3,2,0,0,0,1,1,2695,2022,Paved,,4315 N Half Mile Road
100458,0.26,0.0,2022-11-25,2022-10-21,349900,0,0,2022-12-19,339400.0,CASH,A-1015-0015-0001,3,2,0,0,0,1,1,1267,2012,Paved,,4888 N Heather Hue Road
100459,0.51,100.0,2022-10-27,2022-10-21,579000,1708,0,2022-11-28,579000.0,CONV,D-1209-000F-0011,6,3,0,0,1,1,1,3416,2011,Paved,,1153 S 4425 W
100467,0.2,100.0,2023-04-24,2022-10-23,400000,1553,0,2023-06-23,390000.0,CONV,B-1013-0053-0000,5,1,0,2,2,1,1,3131,1978,Paved,,784 S 75 E
100471,0.19,0.0,2022-12-09,2022-10-24,299900,0,8000,2023-01-13,283000.0,CONV,B-1157-0001-0003,3,2,0,0,0,1,1,1452,1993,Paved,,437 Bristlecone Drive
100478,0.02,0.0,2023-07-15,2022-10-24,275000,0,0,2023-08-22,275000.0,CONV,B-2013-0029-0000,2,2,1,0,0,1,1,1388,2023,Paved,Year Round,498 W 1225 #29 N
100486,0.2,0.0,2022-11-29,2022-10-25,264900,0,6800,2022-12-26,271000.0,Farm Home,B-1013-0003-0000,3,1,0,0,1,1,1,1375,1952,Paved,Year Round,484 S 75 E
100497,0.23,30.0,2022-11-03,2022-10-26,494500,1792,0,2022-11-18,450000.0,CASH,B-1761-0001-0000,3,2,0,0,1,1,1,3584,2004,Paved,Year Round,614 S Cove Drive
100500,0.77,0.0,2022-12-27,2022-10-26,145900,0,0,2023-02-16,140000.0,CASH,C-1135-0004-0022-012,1,0,0,0,0,1,1,500,2003,,Year Round,556 N 725 W
100506,0.02,0.0,2022-11-05,2022-10-26,294990,0,0,2022-11-30,294990.0,CONV,B-1857-1003-0000,3,2,0,0,0,1,1,1399,2022,Paved,Year Round,469 S May 1003 Drive
100523,0.29,100.0,2022-11-28,2022-10-28,374900,1056,4000,2023-01-03,349000.0,FHA,A-0442-0000-0000,4,2,0,0,2,1,1,2400,1973,Paved,Year Round,579 W Center Street
100525,2.12,90.0,2023-01-25,2022-10-28,750000,1200,0,2023-02-24,665000.0,CONV,"A-0878-0004-0002, A-0878-0004-0009",6,4,0,0,3,1,1,5364,1976,Paved,,252 Appaloosa
100528,5.0,0.0,2022-11-10,2022-10-26,535000,0,2000,2022-11-23,520000.0,CASH,D-0549-0002-0014,3,2,0,0,0,1,1,1944,2021,Unimproved,Year Round,1280 E 5000 N
100530,0.83,100.0,2022-12-11,2022-10-28,345000,1008,13100,2022-12-27,335000.0,FHA,A-0874-0000-000D-17,6,3,0,0,3,1,1,2741,1977,Paved,Year Round,4469 N Blue Sky E
100532,0.22,0.0,2022-11-13,2022-10-31,404999,0,0,2022-11-30,380000.0,CASH,B-1379-0080-0000 Tax # 0337375,4,3,0,0,1,1,1,1781,1993,Paved,Year Round,1425 S 625 W
100534,0.43,0.0,2023-01-13,2022-10-29,355000,0,6000,2023-02-15,335000.0,VA,A-0725-0000-0000,4,2,0,0,1,1,1,2269,2009,Paved,Year Round,220 E Center Street
100546,0.26,0.0,2023-04-25,2022-11-01,475000,1743,0,2023-06-27,495275.0,CONV,B-2020-0014-0000,3,2,0,0,1,1,1,3290,2023,Paved,,4323 W 300 N
100565,0.15,0.0,2023-03-11,2022-11-02,435000,0,0,2023-03-24,400000.0,CASH,B-1832-0023-000W,4,3,0,0,0,1,1,2030,2015,Paved,,1383 W 1575 S
100573,1.21,99.0,2023-01-10,2022-11-02,410000,1307,0,2023-01-25,395000.0,CONV,D-0537-0002-0008,3,2,0,0,0,1,1,2614,2007,Paved,Year Round,1076 W Midvalley Road
100575,0.02,0.0,2023-06-10,2022-11-03,276000,0,0,2023-07-27,258750.0,CONV,A-0052-0022-0000,2,2,0,0,1,1,1,1534,1985,Paved,Year Round,200 S 300 BLD F-3 E
100578,0.27,5.0,2023-03-22,2022-11-04,419000,1161,10000,2023-04-17,419000.0,CONV,B-2020-0112-0000,2,1,1,0,0,1,1,2561,2022,Paved,,4549 W 275 Lot 112 N
100579,0.02,0.0,2023-01-02,2022-11-03,300990,0,0,2023-02-27,300990.0,CONV,B-1857-1006-0000,3,2,0,0,0,1,1,1399,2022,Paved,Year Round,477 S May 1006 Drive
100584,4.17,0.0,2022-12-21,2022-11-03,849900,0,15000,2023-01-17,815000.0,CONV,D-0517-0044-0000,4,3,1,0,0,1,1,3018,2022,Paved,Year Round,3466 W Midvalley Road
100581,0.1,0.0,2022-12-17,2022-11-03,339900,0,0,2023-01-19,339900.0,VA,B-1152-0007-004S,3,2,1,0,0,1,1,1586,2018,Paved,Year Round,873 S 110 W
100585,0.17,0.0,2023-01-19,2022-11-03,460000,1365,0,2023-01-26,460000.0,Own Fin,A-0035-0002-0019,3,3,0,0,1,1,1,3830,2006,Paved,Year Round,185 N 780 W
100596,0.04,0.0,2023-03-05,2022-11-05,349000,0,3000,2023-04-10,330000.0,CASH,A-1182-000D-0110,2,1,1,0,1,1,1,1012,1991,Paved,Year Round,286 W Eagles Roost #D-110
100604,0.43,10.0,2023-04-17,2022-11-07,519000,1749,0,2023-05-16,523650.0,CASH,145,3,2,0,0,0,1,1,3523,2022,,Year Round,4289 N Half Mile Road
100609,0.02,0.0,2023-01-09,2022-11-07,334900,0,3000,2023-02-03,334900.0,CONV,B-2021-0034-0000,3,2,1,0,1,1,1,1734,2022,Paved,,668 E Fiddlers Cove Drive #34
100617,0.3,0.0,2022-11-11,2022-11-08,399999,0,0,2022-11-29,395000.0,CONV,B-2020-0040-0000,3,2,0,0,0,1,1,1656,2022,,Year Round,4385 W 275 North Street
100621,0.02,0.0,2022-11-18,2022-11-05,313500,0,1200,2022-11-28,310000.0,CASH,B-2015-0065-0000,3,2,1,0,0,1,1,1480,2022,Paved,Year Round,3186 W 1675 #A N
100622,0.02,0.0,2022-11-18,2022-11-03,278500,0,1200,2022-11-25,275000.0,CASH,B-2015-0050-0000,2,2,1,0,0,1,1,1289,2022,Paved,Year Round,3186 W 1675 #B N
100623,0.27,0.0,2022-12-27,2022-11-08,455000,0,10000,2023-04-06,463000.0,CONV,B-2020-0113-000,4,2,0,0,1,1,1,1864,2023,Paved,,4533 W 275 Lot 113 N
100629,0.35,0.0,2023-04-19,2022-11-08,599000,0,0,2023-05-15,585000.0,CONV,B-1811-0002-0000,3,2,0,0,1,1,1,2051,2023,Paved,Year Round,1538 N Knoll
100631,0.0,0.0,2023-01-05,2022-11-08,175000,0,0,2023-01-10,160000.0,CASH,A-1178-0115-0000,1,1,0,0,1,1,1,464,1983,,Year Round,150 W Ridgeview #115 Street
100632,0.41,80.0,2023-09-01,2022-11-07,429900,1909,0,2023-10-13,396800.0,CASH,A-0945-0033-0000,6,3,0,0,1,1,1,4237,2007,Paved,,663 E 5140 N
100635,0.12,0.0,2023-02-02,2022-11-10,315000,0,7000,2023-03-03,315000.0,CONV,B-1807-0002-000W,3,2,0,0,1,1,1,1420,2005,Paved,Year Round,4241 W 200 N
100647,0.19,50.0,2022-11-23,2022-11-11,255000,1665,0,2022-12-16,255000.0,CASH,B-1118-0015-0000,4,2,0,0,1,1,1,3355,1949,Paved,Year Round,233 S 800 W
100652,3.83,25.0,2023-02-01,2022-11-14,644900,477,28750,2023-03-01,635000.0,CONV,D-0634-0009-0001,5,2,1,0,1,1,2,3687,2003,Unimproved,Year Round,1051 W 3450 N
100675,0.05,0.0,2022-12-21,2022-11-16,239000,0,0,2022-12-30,226000.0,CASH,B-1323-0017-0000,2,1,1,0,0,1,1,986,1983,Paved,,101 N 1850 #17 W
100678,1.0,100.0,2022-11-19,2022-11-16,340000,912,0,2023-01-12,340000.0,CONV,E-0231-0001-0003-01,4,2,0,0,0,1,1,1824,1987,Unimproved,Year Round,8735 W Highway 56 56
104173,0.32,0.0,2024-01-22,2023-09-28,855000,0,0,2024-03-01,845000.0,CASH,B-1832-0072-000S & B-1832-0072-000N,6,5,1,0,0,1,1,3912,2023,Paved,Year Round,1771/1773 S East Canyon Drive
100687,0.38,90.0,2023-01-16,2022-11-17,375000,1288,7458,2023-02-16,357500.0,FHA,A-0775-0009-0007,4,3,0,0,1,1,1,2576,1993,Paved,Year Round,1673 E Old Mill Road
100692,0.42,30.0,2023-01-11,2022-11-17,489900,1837,4000,2023-01-30,469000.0,CONV,A-0944-0020-0000,5,2,0,0,1,1,1,3708,2019,Paved,Year Round,3679 N 250 E
100693,0.19,0.0,2023-04-12,2022-11-17,419900,0,0,2023-05-01,390000.0,CONV,B-2002-0022-0000,3,2,0,0,0,1,1,1546,2021,Paved,,2763 W Sterling Drive
100702,0.29,0.0,2022-12-19,2022-11-18,539990,2275,0,2023-02-09,539990.0,CONV,B-1857-0027-0043,3,2,1,0,1,1,1,4439,2022,Paved,,3554 W Foundation #43 Trail
100700,0.02,0.0,2023-02-03,2022-11-18,269000,0,0,2023-02-16,255000.0,CONV,B-1891-0047-0000,3,2,1,0,0,1,1,1365,2007,Paved,,370 W 1425 n #47
100703,0.08,0.0,2023-01-10,2022-11-17,295000,0,13000,2023-02-07,290000.0,Utah Hsng,B-1870-0120-0001,3,2,1,0,0,1,1,1672,2007,Paved,,2720 N Mountain Valley Trail
100704,0.27,0.0,2022-12-09,2022-11-18,540655,2275,0,2023-03-09,540655.0,CONV,B-1857-0027-0058,3,2,1,0,1,1,1,4439,2022,Paved,,3580 W Sevy #58 Circle
100706,0.25,0.0,2023-01-17,2022-11-18,599000,0,0,2023-02-23,580000.0,CONV,B-2011-0022-0000,3,2,1,0,1,1,1,2068,2022,Paved,Year Round,2286 S Eagle Ridge Dr. The Canyon at Eagle Ridge Ph 2
100707,1.3,0.0,2022-12-10,2022-11-18,289000,0,7500,2022-12-28,285000.0,CONV,D-0456-0480-0001,3,2,0,0,1,1,1,1092,1999,Unimproved,Year Round,5418 N 3575 W
100712,0.03,0.0,2023-06-08,2022-11-15,350000,0,7500,2023-07-14,350000.0,FHA,B-2024-0004-0001,2,2,1,0,0,1,1,1692,2022,Paved,Year Round,899 S Lincoln #1 Avenue
100711,0.03,0.0,2023-10-12,2022-11-18,365000,0,0,2023-11-09,357500.0,CASH,B-2024-0004-0002,3,2,1,0,0,1,1,1822,2022,Paved,,899 S Lincoln Avenue #2
100714,0.9,0.0,2023-01-17,2022-11-18,459900,210,0,2023-03-02,410000.0,CONV,A-0715-0000-0000,3,2,0,0,0,1,1,1634,1927,Paved,Year Round,85 E 200 N
100719,0.25,100.0,2023-04-18,2022-11-19,464800,1260,0,2023-05-02,448500.0,CASH,B-1111-0001-014A-21,6,2,0,1,0,2,1,2582,1994,Paved,Year Round,230 E Rountree Drive
100727,0.51,100.0,2023-02-20,2022-11-19,294900,360,0,2023-03-20,290000.0,CONV,A-0561-0002-0562,3,2,0,0,1,1,1,1218,1945,Paved,Year Round,245 W 100 N
100729,20.0,30.0,2022-12-06,2022-11-22,499900,504,0,2022-12-23,499900.0,CASH,E-0323-0006-0002,2,2,0,0,2,1,1,1776,2003,,Year Round,174 S 1200 W
100733,0.4,0.0,2023-08-16,2022-11-22,310000,0,0,2023-08-22,275000.0,CASH,A-0053-00R1-0000,3,2,0,0,0,1,1,1224,1881,Paved,Year Round,211 E 200 S
100738,5.73,0.0,2022-12-09,2022-11-22,675000,0,1400,2022-12-19,655000.0,CASH,D-0506-0002-0000,3,2,1,0,1,1,1,1860,1998,Unimproved,,2208 W 6100 N
100744,0.03,0.0,2023-05-14,2022-11-22,350000,0,0,2023-05-26,345000.0,CASH,B-2024-0004-0006,2,2,1,0,0,1,1,1692,2022,Paved,Year Round,899 S Lincoln #6 Avenue
100746,0.03,0.0,2023-06-05,2022-11-22,365000,0,8800,2023-07-07,365000.0,CONV,B-2024-0004-0005,3,2,1,0,0,1,1,1822,2022,,Year Round,899 S Lincoln #5 Avenue
100747,0.29,0.0,2022-12-12,2022-11-23,325000,0,9750,2023-01-13,325000.0,CONV,B-0065-0076-0000,3,2,0,0,0,1,1,1192,1997,Paved,Year Round,337 N Highland Dr. Drive
100772,0.6,0.0,2022-12-09,2022-11-29,215000,0,0,2022-12-30,180000.0,CASH,A-0581-0001-0582,1,1,0,0,1,1,1,632,1878,Paved,Year Round,38 E 100 S
100779,3.62,0.0,2022-12-09,2022-11-30,564900,0,1100,2023-01-13,555000.0,CASH,D-1139-0010-0117,3,2,0,0,0,1,1,2167,2002,Paved,,1231 S Canyon Drive
100784,0.17,0.0,2023-01-17,2022-11-30,349900,0,6000,2023-02-28,345000.0,FHA,B-1582-0047-0000,4,2,0,0,1,1,1,1627,2002,Paved,,110 N 4125 W
100810,0.02,0.0,2022-12-19,2022-12-03,279990,0,0,2023-01-24,279990.0,CONV,B-1857-1002-0000,3,2,0,0,0,1,1,1310,2022,Paved,,465 S May #1002 Drive
100811,0.03,0.0,2023-03-28,2022-12-03,318990,632,0,2023-04-27,309990.0,CONV,B-1857-1014-0000,3,2,1,0,0,1,1,2187,2022,,Year Round,2949 W Ezra #1014 Drive
100813,0.0,0.0,2023-08-16,2022-12-04,370000,0,400,2023-09-18,0.0,CONV,A-1148-0006-0001-19,3,2,1,0,1,1,1,1594,1975,,Year Round,681 S Highway 143 #3-G
100820,0.0,0.0,2023-04-26,2022-12-05,245000,0,0,2023-05-15,225000.0,CASH,A-1176-0003-0006,0,2,0,0,1,1,1,621,1984,Paved,Year Round,464 N Highway 143 #A306
100825,0.29,0.0,2023-01-17,2022-12-06,435000,0,10000,2023-02-10,425000.0,CONV,A-0881-0001-0000,4,2,0,0,0,1,1,1937,2022,Paved,,89 W 4600 N
100826,0.03,100.0,2022-12-14,2022-12-06,339999,560,0,2023-01-17,317500.0,CASH,B-1898-0057-0000,4,3,1,0,0,1,1,2100,2018,Paved,,173 E Fiddlers Canyon #57
100829,0.24,0.0,2023-04-19,2022-12-07,435000,0,5000,2023-05-18,435000.0,CONV,D-1220-0017-0000,3,2,0,0,1,1,1,1802,2022,,Year Round,4664 N 2000 W
100832,2.49,0.0,2023-06-08,2022-12-07,490000,0,10000,2023-07-10,470000.0,CONV,D-0504-0001-0015-21,3,2,0,0,1,1,1,1828,1996,Unimproved,Year Round,2555 W 6200 N
100840,0.1,0.0,2023-01-16,2022-12-08,389990,0,8500,2023-03-01,389990.0,FHA,B-2026-002B-0000,4,2,1,0,0,1,1,1852,2023,Paved,Year Round,767 S 1175 W
100848,2.5,0.0,2023-01-07,2022-12-09,489000,0,0,2023-02-06,469000.0,CONV,E-0209-0001-0002-01,3,2,1,0,2,1,1,2096,1999,,Year Round,5263 W 1400 S
100849,0.0,0.0,2023-11-20,2022-12-09,185000,0,0,2023-12-19,160000.0,CONV,A-1176-0002-0010,0,1,0,0,1,1,1,420,1984,Paved,Year Round,464 N Hwy 143 #A210
100852,0.19,0.0,2023-03-08,2022-12-12,420000,0,500,2023-04-11,415000.0,CONV,B-2002-0020-0000,3,2,0,0,1,1,1,1546,2020,Paved,Year Round,2797 W Sterling N Drive
100854,0.41,0.0,2022-12-12,2022-12-12,384900,0,0,2023-01-09,384900.0,VA,A-0780-0000-000B-10,4,1,0,1,0,1,1,2250,2005,Paved,,4825 N Tomahawk Drive
101350,0.03,0.0,2023-02-09,2023-02-09,339900,0,5000,2023-03-27,339900.0,CONV,B-2021-0040-0000,3,2,1,0,1,1,1,1734,2023,Paved,,668 E Fiddlers Cove #40
101365,0.37,0.0,2023-03-28,2023-02-10,768000,0,600,2023-05-02,748000.0,CONV,B-1750-0014-0000,4,3,1,0,2,1,1,3426,2009,Paved,,1073 E Nichols Canyon Road
101390,0.18,85.0,2023-08-08,2023-02-10,285000,850,0,2023-09-08,270000.0,CONV,A-0138-0001-0000,4,2,0,0,1,1,1,1974,1954,Paved,Year Round,52 N 100 W
101403,0.27,0.0,2023-02-14,2023-02-14,455000,0,0,2023-06-15,477540.0,CASH,B-1434-0004-0000,4,2,0,0,1,1,1,1864,2023,Paved,Year Round,4572 W 250 (Lot 118) N
101405,0.0,0.0,2023-04-28,2023-02-14,324000,0,0,2023-05-16,312350.0,CASH,A-1150-0003-0002-013,1,0,0,2,1,1,1,774,1973,Paved,Year Round,226 S Hwy 143 #A-3
101408,0.5,0.0,2023-03-16,2023-02-14,400000,0,2000,2023-04-07,385000.0,CONV,D-1215-0023-0000,3,2,0,0,0,1,1,1368,2009,Paved,Year Round,4258 N 2475 W
101409,0.02,0.0,2023-03-06,2023-02-15,264900,0,8500,2023-04-13,265500.0,FHA,B-1960-0003-000C,3,2,1,0,0,1,1,1242,2021,Paved,Year Round,920 S 25 #3C E
101411,0.26,0.0,2023-04-10,2023-02-15,429900,0,0,2023-05-25,419900.0,CONV,B-2020-0043-0000,3,2,0,0,0,1,1,1656,2023,Paved,Year Round,4435 W 275 N
101417,0.18,100.0,2023-03-09,2023-02-15,330000,822,0,2023-04-13,310000.0,CONV,B-0045-0028-0000,4,2,0,0,1,1,1,1644,1950,Paved,,117 N 1050 W
101419,0.03,0.0,2023-02-14,2023-02-14,339900,0,0,2023-04-25,334900.0,CASH,B-2021-0046-0000,3,2,1,0,1,1,1,1734,2023,Paved,,668 E Fiddlers Cove #46
101420,0.32,100.0,2023-02-16,2023-02-16,469000,1176,0,2023-06-08,0.0,CONV,B-1434-0004-0000,6,2,1,0,1,1,1,2595,2023,Paved,Year Round,4592 W 250 (Lot 119) N
101426,0.02,0.0,2023-03-06,2023-02-15,300500,0,0,2023-03-29,0.0,CONV,B-2015-0062-0000,4,2,1,0,0,1,1,1480,2022,Paved,Year Round,3186 W 1675 #D N
101427,0.02,0.0,2023-03-02,2023-02-15,299500,0,0,2023-03-22,0.0,CONV,B-2015-0063-0000,3,2,1,0,0,1,1,1648,2022,Paved,Year Round,3186 W 1675 #C N
101440,0.35,0.0,2023-11-15,2023-02-17,509900,0,15000,2023-12-05,505000.0,CONV,D-0535-0010-0000,3,2,1,0,1,1,2,2000,2022,Paved,,2538 W 5190 N
101450,0.58,5.0,2023-03-11,2023-02-18,499000,1550,0,2023-04-17,499000.0,CONV,D-0463-0012-0000,3,2,0,0,0,1,1,3100,2023,Paved,,4548 N 2600 W
101451,0.57,5.0,2023-03-07,2023-02-18,499000,1550,0,2023-04-14,499000.0,CONV,D-0463-0009-0000,3,2,0,0,0,1,1,3100,2023,Paved,,4606 N 2600 W
101454,0.15,0.0,2023-02-19,2023-02-17,325000,0,5470,2023-04-04,325000.0,CONV,B-1575-0020-0000,3,1,0,1,0,1,1,1100,1996,Paved,,560 W 1450 N Circle
101469,0.02,0.0,2023-05-03,2023-02-21,329999,0,5000,2023-06-06,329999.0,FHA,B-2005-0018-0000,3,2,1,0,0,1,1,1623,2021,Paved,,287 W 1425 Unit 18 N
101475,0.5,100.0,2023-04-05,2023-02-22,725000,2069,10000,2023-05-18,715000.0,VA,B-1872-0039-0000,4,3,0,0,1,2,1,4138,2015,Paved,,2935 W Eagle Ridge Loop
101477,0.02,0.0,2023-04-10,2023-02-22,287000,0,0,2023-04-14,285000.0,CASH,B-1985-0002-0028,3,2,1,0,0,1,1,1457,2017,Paved,,1677 N Main #28 Street
101483,0.03,0.0,2023-03-06,2023-02-22,289900,0,0,2023-05-25,289900.0,CONV,B1958-0015-000H,3,2,1,0,0,1,1,1420,2023,Paved,Year Round,165 E 3100 N
101485,0.03,0.0,2023-03-15,2023-02-22,285000,0,0,2023-05-19,290000.0,CONV,B-1958-0015-000F,3,2,1,0,0,1,1,1420,2023,Paved,Year Round,161 E 3100 N
101484,0.03,0.0,2023-05-12,2023-02-22,285000,0,0,2023-06-13,283000.0,CONV,B-1958-0015-000G,3,2,1,0,0,1,1,1420,2023,Paved,Year Round,163 E 3100 N
101495,0.96,15.0,2023-09-01,2023-02-01,745000,2135,0,2023-09-25,720000.0,CONV,D-0617-0017-0000,3,2,1,0,1,1,1,4270,2023,Paved,Year Round,3729 N 2300 W
101504,0.09,100.0,2023-02-28,2023-02-23,359900,726,11000,2023-04-03,369500.0,CONV,B-1563-0012-0000,7,3,1,0,0,1,1,2284,1976,,Year Round,1193 S Pinecone Dr Drive
101511,0.5,0.0,2023-04-12,2023-02-24,625000,0,0,2023-05-26,599000.0,CONV,D-1214-0034-0000,6,3,0,0,1,1,1,2500,2022,Paved,,4927 N 2475 W
101515,0.36,50.0,2023-08-10,2023-02-23,599900,1823,0,2023-09-07,599900.0,CASH,A-2056-0003-0000,3,3,0,0,1,1,1,3646,2023,Paved,,243 S 1175 W
101521,0.02,0.0,2023-03-28,2023-02-25,279990,0,0,2023-05-22,279990.0,CONV,B-1857-1067-0000,3,2,0,0,0,1,1,1300,2023,Paved,Year Round,512 S May #1067 Drive
101522,0.02,0.0,2023-03-17,2023-02-25,299990,0,0,2023-04-06,289990.0,CONV,B-1857-1071-0000,3,2,0,0,0,1,1,1399,2023,Paved,Year Round,502 S May 1071 Drive
101523,2.37,100.0,2023-04-13,2023-02-24,719000,799,0,2023-05-04,719000.0,CONV,D-1139-0010-0120,5,4,1,0,1,1,1,4043,1997,Paved,Year Round,1130 S Hillcrest Drive
101534,0.28,100.0,2023-03-07,2023-02-28,469000,240,0,2023-04-03,449000.0,CASH,B-1327-0001-0010,4,2,1,0,1,1,1,2292,1985,Paved,Year Round,761 E Cobblecreek Drive
101535,0.5,100.0,2023-03-03,2023-02-22,349000,1056,5000,2023-03-31,347000.0,FHA,D-0520-0001-0000,5,2,0,0,0,1,1,2112,1975,Paved,,3134 W Midvalley Road
101540,0.03,0.0,2023-02-28,2023-02-28,289900,0,0,2023-07-31,289900.0,CONV,B-1958-0012-000A,3,2,1,0,0,1,1,1420,2023,Paved,Year Round,3059 N 125 E
101547,0.27,0.0,2023-03-09,2023-03-01,749900,2464,0,2023-04-18,725000.0,CONV,B-1761-0005-0000,6,3,1,0,1,1,1,4937,2005,Paved,,2468 W 625 S
101548,0.0,0.0,2023-09-07,2023-03-01,300000,0,3000,2023-10-06,285000.0,CASH,A-1144-0001-012A-03,2,2,0,0,1,1,1,956,1986,Unimproved,,226 N Pine Tree #A3 Way
101561,0.28,0.0,2023-03-02,2023-03-02,465000,0,0,2023-07-17,482900.0,CONV,A-0990-0014-0000,4,2,1,0,1,1,1,2300,2023,Paved,,"1158 E 4290 Lot 14, Phs 4 Settler's Square N"
101563,0.02,0.0,2023-04-03,2023-03-02,269900,0,3200,2023-04-26,264900.0,CONV,B-1742-0097-0000,3,2,1,0,0,1,1,1352,2005,Paved,Year Round,1148 N Northfield #97 Road
101567,0.03,15.0,2023-03-02,2023-03-01,351990,632,0,2023-03-29,351990.0,CASH,B-1857-1072-0000,3,2,1,0,0,1,1,2187,2023,Paved,Year Round,2955 W Hiatt #1072 Way
101575,0.02,100.0,2023-03-28,2023-03-03,674000,549,0,2023-04-20,660000.0,CASH,A-1204-0035-0000,3,3,1,0,1,1,1,2101,2021,Paved,Year Round,310 N Hwy 143 #23A
101584,0.12,0.0,2023-06-14,2023-03-05,429000,0,0,2023-07-07,429000.0,CASH,B-1895-0036-0000,3,2,0,0,1,1,1,1419,2021,,Year Round,757 S Eastgate S Drive
101585,0.18,0.0,2023-07-07,2023-03-06,499900,1600,0,2023-09-13,494900.0,CASH,B-1999-0058-0000,3,2,0,0,0,1,1,3231,2018,Paved,,196 N York W Drive
101587,0.03,0.0,2023-04-05,2023-03-06,329000,0,0,2023-06-15,328585.0,CONV,B-2018-0013-0000,3,2,1,0,0,1,1,1810,2023,Paved,Year Round,2875 W Cody #13 Road
101588,0.23,0.0,2023-06-08,2023-03-04,425000,0,0,2023-06-28,400000.0,CASH,A-0026-0001-0039 & A-0026-0001-0040,3,2,0,0,1,1,1,1619,2006,Paved,,73 N 775 W
101604,0.41,95.0,2023-03-27,2023-03-07,570000,1836,0,2023-05-12,570000.0,FHA,A-0945-0043-0000,5,3,0,0,1,1,1,3672,2020,Paved,Year Round,544 E 4960 N
101608,0.03,0.0,2023-03-08,2023-03-07,339900,0,355,2023-03-31,339900.0,CASH,B-2021-0043-0000,3,2,1,0,1,1,1,1734,2023,Paved,Year Round,668 E Fiddlers Cove Dr #43
101613,0.46,0.0,2023-03-24,2023-03-08,509990,1946,0,2023-05-05,509990.0,CONV,B-1857-0027-0063,3,2,1,0,0,1,1,3812,2023,Paved,,3502 W Sevy #63 Street
101614,0.49,0.0,2023-04-08,2023-03-07,369000,0,12000,2023-05-23,367000.0,FHA,A-0820-0000-0005,4,2,0,0,0,1,1,2250,2005,Paved,,1637 E Midvalley Rd
101619,0.59,0.0,2023-04-26,2023-03-08,375000,0,0,2023-06-08,355000.0,CONV,A-0879-0000-000A-01,4,2,0,0,0,1,1,1400,1975,Paved,,3616 N Bulldog Road
101620,0.04,0.0,2023-07-29,2023-03-07,144900,0,0,2023-09-13,134000.0,Own Fin,0,3,2,0,0,0,1,1,1680,1992,Paved,Year Round,1225 W Harding Ave. #7 Gentry Mobile Park
101626,0.26,0.0,2023-05-11,2023-03-09,469900,0,5000,2023-06-20,465000.0,CONV,A-0883-0011-0000,4,2,1,0,1,1,1,2118,2022,Paved,,1024 E 4375 N
101642,0.24,100.0,2023-05-16,2023-03-10,517400,1642,7000,2023-07-25,512000.0,CONV,B-1788-0011-0000,5,3,0,0,1,1,1,3306,2005,Paved,Year Round,3659 W 1350 N
101646,0.5,0.0,2023-03-23,2023-03-09,600000,1930,0,2023-04-28,605000.0,CONV,D-1213-000A-0009,3,2,0,0,1,1,1,3860,2015,Paved,,1162 S Laurie Lane
101647,0.62,100.0,2023-05-02,2023-03-11,599900,1617,0,2023-08-30,649000.0,CASH,B-1402-0036-0000,5,3,1,0,2,1,2,4134,1999,Paved,Year Round,881 S 1750 W
101652,0.16,0.0,2023-05-25,2023-03-13,405000,0,0,2023-05-26,400000.0,CONV,B-1615-0022-0000,4,2,1,0,1,1,1,1642,2005,,Year Round,2635 N 475 W
101654,0.27,0.0,2023-05-06,2023-02-24,495000,1867,0,2023-05-12,480000.0,CASH,B-1802-0004-0000,3,2,0,0,1,1,1,3734,2006,Paved,Year Round,1005 E Fenwick Way
101658,0.02,0.0,2023-03-15,2023-03-13,267000,0,0,2023-05-05,260000.0,CONV,B-1386-0096-00AM,2,2,1,0,0,1,1,1425,2020,Paved,,1587 S West Topaz #E Drive
101660,0.26,0.0,2023-03-24,2023-03-15,465000,1455,10000,2023-05-15,465000.0,CONV,B-2020-0004-0000,3,2,0,0,0,1,1,3040,2023,Paved,,4438 W 300 N
101665,0.02,0.0,2023-03-14,2023-03-14,300990,0,0,2023-03-31,300990.0,CONV,B-1857-1068-0000,3,2,0,0,0,1,1,1399,2023,Paved,Year Round,510 S May 1068 Drive
101666,0.02,0.0,2023-03-14,2023-03-14,300990,0,0,2023-03-31,300990.0,CONV,B-1857-1069-0000,3,2,0,0,0,1,1,1399,2023,Paved,Year Round,508 S May 1069 Drive
101669,0.03,0.0,2023-04-14,2023-03-13,299500,0,3000,2023-05-15,299500.0,FHA,B-1825-0077-0000,3,2,1,0,0,1,1,1480,2023,Paved,Year Round,3132 W 1675 #A N
101667,0.02,0.0,2023-03-28,2023-03-13,302500,0,4000,2023-05-05,303500.0,CONV,B-2015-0074-0000,3,2,1,0,0,1,1,1648,2023,Paved,Year Round,3132 W 1675 #C N
101668,0.02,0.0,2023-05-02,2023-03-13,306500,0,3000,2023-08-15,306500.0,CONV,B-2015-0072-0000,4,2,1,0,0,1,1,1480,2023,Paved,Year Round,3132 W 1675 #E N
101670,0.03,0.0,2023-04-22,2023-03-14,397000,0,0,2023-06-01,397000.0,CONV,B-2020-0026-0000,3,2,0,0,0,1,1,1500,2023,Paved,,4450 W 275 N
101673,0.37,80.0,2023-05-24,2023-03-08,609900,2024,10000,2023-06-16,598500.0,CONV,B-1828-0014-0000,5,4,1,0,0,1,1,4047,2017,Paved,,224 S House Rock Drive
101674,0.23,0.0,2023-06-27,2023-03-15,649000,0,0,2023-08-25,615000.0,VA,B-1550-0009-0000,4,2,1,0,1,1,1,2500,2021,Paved,,45 W 2775 N
101676,0.36,100.0,2023-03-16,2023-03-15,615000,1512,0,2023-03-24,610000.0,Other,B-1338-0001-0006,6,3,1,0,1,1,1,4234,1993,Paved,,340 S Kimberley Court
101677,0.09,100.0,2023-05-06,2023-03-15,250000,805,0,2023-05-17,220000.0,CASH,B-1195-0002-0004,4,2,0,0,0,1,1,1624,1984,Paved,,1102 Desert Pine Drive
101679,0.41,0.0,2023-04-09,2023-03-16,399900,0,12000,2023-05-10,399900.0,VA,A-0906-0020-0000,3,2,0,0,0,1,1,1964,1998,Paved,Year Round,4773 N Oregon Trail
101680,0.02,0.0,2023-03-31,2023-03-15,299990,0,0,2023-05-12,289990.0,CASH,B-1857-1037-0000,3,2,0,0,0,1,1,1399,2023,Paved,Year Round,509 S May 1037 Drive
101681,0.26,0.0,2023-05-22,2023-03-14,429000,0,0,2023-06-16,425160.0,FHA,A-1038-0028-0000,3,2,0,0,1,1,1,1804,2023,Paved,Year Round,5010 N Bald Eagle Drive
101683,20.5,97.0,2023-05-01,2023-03-15,490000,1104,15000,2023-05-25,490000.0,CONV,E-0109-0006-0000,3,3,0,0,1,1,1,2466,2003,Unimproved,Year Round,5477 W 4600 N
101686,8.62,0.0,2023-03-16,2023-03-16,750000,0,10000,2023-04-21,740000.0,CONV,E-0235-0001-0010-02,3,2,0,0,1,1,1,2846,2021,Paved,Year Round,3331 S 8200 W
101687,0.03,0.0,2023-07-18,2023-03-15,324900,0,7000,2023-08-24,330000.0,FHA,B-2021-0051-0000,3,2,1,0,1,1,1,1734,2023,Paved,Year Round,668 E Fiddlers Cove #51
101688,0.03,0.0,2023-03-21,2023-03-15,334900,0,0,2023-05-26,334900.0,CONV,B-2021-0052-0000,3,2,1,0,1,1,1,1734,2023,Paved,Year Round,668 E Fiddlers Cove #52
101690,0.22,0.0,2023-04-04,2023-03-15,467500,1578,12000,2023-05-05,469500.0,VA,D-1220-0018-0000,3,2,0,0,1,1,1,3156,2023,Paved,Year Round,1969 W 4675 N
101698,0.03,0.0,2023-03-16,2023-03-15,334900,0,0,2023-05-19,334900.0,CASH,B-2021-0048-0000,3,2,1,0,1,1,1,1734,2023,Paved,Year Round,668 E Fiddlers Cove #48
101700,0.2,100.0,2023-04-25,2023-03-17,350000,712,0,2023-05-30,300000.0,CONV,B-0124-0000-0000,4,1,0,0,1,1,1,1424,1939,Paved,,160 N 900 W
101702,0.0,0.0,2023-07-19,2023-03-18,229000,0,0,2023-08-09,220000.0,CASH,A-1177-0008-000A,1,1,0,0,1,1,1,702,1984,Paved,Year Round,117 E Steam Engine #8A Drive
101703,0.0,0.0,2023-09-30,2023-03-19,319999,0,0,2023-10-20,297000.0,Other,A-1150-0003-0002-121,2,2,0,0,1,1,1,1014,1973,Paved,,226 S Highway 143 Unit F1
101704,0.03,0.0,2023-03-17,2023-03-17,339900,0,0,2023-05-17,339900.0,CONV,B-2021-0049-0000,3,2,1,0,1,1,1,1734,2023,Paved,Year Round,668 E Fiddlers Cove #49
101717,0.27,0.0,2023-04-22,2023-03-20,399900,0,0,2023-05-02,360000.0,CASH,B-1576-0009-0000,3,2,0,0,1,1,1,1539,1998,Paved,,2208 N Wagon Trail Drive
101738,0.67,100.0,2023-12-21,2023-03-22,1099000,1284,0,2024-01-18,1050000.0,CASH,B-1729-0007-0000,5,4,1,0,2,1,1,5100,2005,Paved,Year Round,617 S Cove #7
101742,0.2,90.0,2023-07-31,2023-03-23,289900,672,0,2023-08-14,255000.0,CASH,B-0057-0013-0000,5,1,0,1,0,1,1,1344,1952,Paved,Year Round,375 N 600 W
101743,2.78,0.0,2023-08-04,2023-03-23,489000,0,0,2023-09-05,473000.0,CONV,D-0527-0527-0001,3,2,0,0,1,1,1,1474,1954,Paved,,2750 W Midvalley Road
101750,0.16,0.0,2023-05-14,2023-03-23,400000,0,0,2023-06-02,405000.0,CONV,B-1615-0006-0000,4,2,1,0,1,1,1,2080,2000,Paved,,2587 N 550 W
101751,0.14,100.0,2023-05-24,2023-03-24,999900,1808,0,2023-06-22,900000.0,CONV,A-1193-0005-0000,4,2,1,0,2,1,1,3226,2006,Paved,Year Round,520 S Vasels Road
101755,0.29,100.0,2023-03-27,2023-03-24,339900,976,0,2023-04-21,335000.0,CONV,B-0059-0004-0000,5,1,1,0,1,1,1,2202,1947,Paved,,333 N 400 W
101761,0.35,0.0,2023-03-24,2023-03-24,589900,0,0,2023-04-24,598600.0,Own Fin,D-0535-0009-0000,4,3,1,0,1,1,1,2390,2023,Paved,,2522 W 5190 N
101766,0.39,0.0,2023-07-26,2023-03-24,499999,0,0,2023-09-08,495000.0,CONV,D-1216-0008-0000,4,2,0,0,0,1,1,2652,2019,Paved,Year Round,3651 N Native Dancer Drive
101789,0.03,0.0,2023-04-17,2023-03-27,279900,0,8000,2023-05-12,275000.0,FHA,B-1958-0028-000B,3,2,1,0,0,1,1,1402,2020,Paved,,251 E 3100 N
101793,0.54,95.0,2023-04-03,2023-03-28,310000,432,10000,2023-04-21,330000.0,FHA,A-0779-0077-0001,3,1,1,0,1,1,1,1692,1977,Paved,,1684 E Homestead Boulevard
101795,0.02,0.0,2023-05-06,2023-03-28,299900,0,5000,2023-06-16,280000.0,CONV,B-1386-0034-0000,3,2,1,0,0,1,1,1608,2020,Paved,Year Round,1583 S Quartz Drive #C
101802,0.41,100.0,2023-08-18,2023-03-28,665000,1727,20000,2023-09-01,675000.0,CASH,A-0954-0023-0000,9,4,0,0,0,3,2,4254,2023,Paved,Year Round,3476 N Covered Wagon Drive
101808,0.24,100.0,2023-04-04,2023-03-28,529900,1730,0,2023-05-19,529900.0,CONV,B-1834-0010-0000,6,2,0,1,0,1,1,3460,2017,Paved,Year Round,3757 W 1300 N
101812,0.41,0.0,2023-04-13,2023-03-28,499000,0,0,2023-05-25,484200.0,CASH,A-0909-0024-0000,3,2,0,0,1,1,1,1723,2002,Paved,,4416 N Old Scout Trail
101813,0.12,0.0,2023-04-06,2023-03-29,331000,0,0,2023-05-04,330000.0,CONV,B-1791-0026-0001,3,2,0,0,0,1,1,1290,2005,Paved,Year Round,1434 S Southern View Drive
101816,0.28,100.0,2023-04-13,2023-03-29,599999,1666,10000,2023-05-09,590000.0,VA,B-1750-0029-0000,6,3,0,0,2,1,1,3369,2005,Paved,Year Round,2145 N Forest Circle
101818,4.98,100.0,2023-07-14,2023-03-27,625000,1036,0,2023-08-14,610000.0,CONV,C-1106-0006-0037,4,3,0,0,1,1,1,2646,2008,Unimproved,Year Round,2516 W Pine Canyon Circle
101823,0.16,0.0,2023-05-31,2023-03-30,305900,0,9327,2023-06-28,310900.0,VA,B-1390-0002-0000,2,2,0,0,0,1,1,912,1993,Paved,Year Round,2044 N Chandler Drive
101830,0.23,95.0,2023-03-30,2023-03-30,360000,1039,0,2023-04-19,360000.0,CASH,B-0395-0000-0000,4,2,0,0,1,1,1,2078,1950,Paved,,107 S 400 E
101832,0.25,0.0,2023-05-09,2023-03-30,372000,0,0,2023-05-16,369723.0,CASH,B-2029-0002-00OS,3,2,0,0,0,1,1,1448,2023,Paved,,2771 N Rosie Loop
101833,0.25,0.0,2023-04-07,2023-03-29,508888,0,0,2023-05-08,504000.0,CASH,B-1868-0007-0000,4,2,1,0,0,1,1,1860,2017,Paved,,1757 N 3475 W
101834,0.16,0.0,2023-05-12,2023-03-30,331000,0,4000,2023-06-13,318800.0,FHA,B-1604-0009-0000,3,2,0,0,0,1,1,1050,2013,Paved,,1560 N North Cedar Boulevard
101839,0.43,100.0,2023-06-03,2023-03-31,544000,1549,5000,2023-07-13,550000.0,CONV,A-0956-0141-0000,6,4,0,0,0,1,1,3108,2022,Paved,,4349 N Half Mile E Road
101847,20.0,0.0,2023-11-06,2023-03-31,839000,0,0,2024-02-23,839000.0,Own Fin,E-0076-0003-0000,6,4,0,0,2,2,2,3626,2006,,Year Round,4770 W 6600 N
101851,0.35,100.0,2023-04-22,2023-03-31,725000,2030,0,2023-06-02,710000.0,CASH,B-1402-0013-0000,6,3,0,0,1,1,1,4100,2003,Paved,,960 S 1850 W
101855,0.02,10.0,2023-04-06,2023-03-30,341990,632,0,2023-05-25,341990.0,CONV,B-1857-1074-0000,4,2,1,0,0,1,1,2247,2023,Paved,Year Round,2963 W Hiatt 1074 Way
101856,0.02,15.0,2023-05-08,2023-03-31,334990,632,0,2023-06-24,334990.0,CONV,B-1857-1073-0000,3,2,1,0,0,1,1,2187,2023,Paved,Year Round,2959 W Hiatt #1073 Way
101857,0.02,0.0,2023-03-31,2023-03-20,289990,0,0,2023-03-31,289990.0,CONV,B-1857-1070-0000,3,2,0,0,0,1,1,1300,2023,Paved,Year Round,506 S May 1070 Drive
101863,0.02,0.0,2023-04-01,2023-03-31,269990,0,0,2023-05-12,269990.0,CASH,B-1857-1037-0000,3,2,0,0,0,1,1,1300,2023,Paved,Year Round,511 S May 1038 Drive
101864,0.02,0.0,2023-04-01,2023-03-31,294990,0,0,2023-05-12,294990.0,CASH,B-1857-1039-0000,3,2,0,0,0,1,1,1399,2023,Paved,Year Round,513 S May 1039 Drive
101867,0.42,0.0,2023-04-07,2023-04-02,484900,1549,0,2023-05-05,484900.0,FHA,A-0956-0146-0000,3,2,0,0,0,1,1,3108,2022,Paved,,4277 N Half Mile Road
101873,0.03,0.0,2023-04-08,2023-04-03,349900,0,5000,2023-05-08,345000.0,VA,B-1577-0004-0000,3,2,1,0,0,1,1,1623,2020,Paved,,2089 N 350 #4 W
101879,0.27,0.0,2024-01-06,2023-04-03,442900,0,0,2024-01-29,415000.0,CONV,B-1212-0017-0000,3,2,0,0,1,1,1,1662,2023,Paved,Year Round,2898 W Eagle Drive
101883,0.04,0.0,2023-08-14,2023-04-03,319900,0,0,2023-09-30,0.0,CONV,B-2003-0013-0000,3,2,0,0,1,1,1,1454,2020,Paved,Year Round,1825 N Lund Highway #13
101887,0.38,0.0,2023-04-05,2023-04-04,539900,0,0,2023-05-12,535000.0,CONV,D-1210-0007-00AM,3,2,0,0,1,2,1,2194,2017,Paved,Year Round,3865 N Native Dancer Drive N Drive
101892,0.44,0.0,2023-04-15,2023-04-05,445000,0,10350,2023-05-26,450850.0,CONV,A-0974-0103-0000,4,2,0,0,1,1,1,1800,2015,Paved,,4540 N High Noon St
101903,0.49,0.0,2023-04-24,2023-04-06,290000,0,6800,2023-06-01,285000.0,CONV,A-0900-0023-0000,3,2,0,0,0,1,1,1738,1996,Paved,,4357 N Pioneer Drive
101906,0.43,0.0,2023-04-10,2023-04-05,359900,0,10000,2023-05-09,368000.0,FHA,A-0840-0003-0009,4,2,0,0,0,1,1,1547,1997,Paved,,4488 N Marshall Trail
101921,0.61,100.0,2023-05-15,2023-04-07,424900,1375,10000,2023-06-12,425000.0,CONV,B-0065-0077-0000,5,3,0,0,2,1,1,3102,1968,Paved,,470 E Parkway Drive
101922,10.69,0.0,2023-08-29,2023-04-06,1050000,0,0,2023-11-03,950000.0,CASH,"D-0730-0003-0001, D-0730-0003-0000",4,2,0,0,1,1,1,1996,1990,Paved,,1711 W 3000 N
101923,0.18,50.0,2023-05-22,2023-04-07,265000,1008,0,2023-06-21,260000.0,VA,A-0511-0005-0003,3,1,0,0,1,1,1,2016,1977,Paved,,243 S 700 W
101925,0.26,100.0,2023-05-30,2023-04-06,669000,1902,5000,2023-07-17,665000.0,CONV,B-1790-0050-0000,7,4,1,0,1,2,1,4463,2006,Paved,,2001 N Ashdown Forest Road
101926,0.52,100.0,2023-05-10,2023-04-07,989000,2421,0,2023-06-12,850000.0,CASH,B-1864-0017-0000,5,3,2,0,1,1,1,4690,2015,Paved,,730 E Canyon Ridge
101928,0.52,0.0,2023-05-02,2023-04-07,444990,0,0,2023-06-01,440000.0,CONV,D-0527-0001-0002-31,4,3,0,0,0,1,1,2093,2007,Paved,Year Round,2740 W 5150 N
101932,0.25,0.0,2023-09-16,2023-04-07,399000,0,0,2023-09-29,394000.0,CASH,A-1035-0003-0000,3,2,0,0,0,1,1,1500,2023,Paved,Year Round,4871 N 10 E
101938,0.29,0.0,2023-08-15,2023-04-07,479900,0,9598,2023-10-02,479900.0,CONV,D-1216-0021-0000,3,2,0,0,0,1,1,1794,2023,Paved,Year Round,3648 N Monarch Drive
101949,0.0,100.0,2023-07-14,2023-04-10,329900,1329,0,2023-08-22,329900.0,CASH,B-1151-0001-0004-012,4,3,0,0,0,1,1,2658,1977,Paved,Year Round,911 S Three Fountains Drive
101955,0.31,0.0,2023-05-03,2023-04-11,489900,0,20000,2023-06-12,489900.0,FHA,A-2062-0008-0000,4,2,1,0,1,1,1,2600,2019,,Year Round,1051 W 375 S
101962,0.24,100.0,2023-05-04,2023-04-11,474900,1541,0,2023-06-01,460000.0,CONV,B-1338-0001-0031,4,3,1,0,1,1,1,3853,1993,Paved,,2189 W Mesa Hills Drive
101965,0.18,0.0,2023-06-09,2023-04-11,439000,0,0,2023-08-10,407000.0,CASH,B-1895-0035-0000,3,2,0,0,1,1,1,1419,2021,Paved,Year Round,749 S Eastgate Drive
101968,0.03,0.0,2023-07-25,2023-04-12,324900,0,0,2023-09-01,324900.0,CASH,B-2021-0055-0000,3,2,1,0,1,1,1,1734,2023,Paved,Year Round,668 E Fiddlers Cove #55
101969,0.03,0.0,2023-08-04,2023-04-12,324900,0,2000,2023-08-31,324900.0,FHA,B-2021-0056-0000,3,2,1,0,1,1,1,1734,2023,Paved,Year Round,668 E Fiddlers Cove #56
101983,0.02,0.0,2023-05-22,2023-04-12,255000,0,0,2023-05-25,0.0,CASH,B-1917-0024-0000,3,2,1,0,0,1,1,1365,2007,Paved,Year Round,340 W 1425 #89 N
101986,0.14,100.0,2023-04-19,2023-04-13,390000,432,0,2023-05-25,381000.0,CASH,B-1390-0103-0000,4,1,1,2,0,1,1,1918,1996,Paved,,2215 N 475 East (Chandler Drive)
101992,2.7,0.0,2023-07-06,2023-04-13,405000,0,0,2023-08-25,405000.0,CONV,E-0209-0002-000B-04,3,2,0,0,0,1,1,2100,2005,Paved,,4857 W 1400 S
101996,0.3,100.0,2024-02-07,2023-04-13,798000,1709,0,2024-04-01,775000.0,CONV,B-1398-0006-0000,6,4,0,0,3,1,1,4985,1995,Paved,,687 S Ridge Road
101997,0.54,15.0,2023-04-29,2023-04-13,549990,1223,0,2023-06-27,539990.0,CONV,B-1857-0027-0068,4,2,1,0,0,1,1,3733,2023,Paved,Year Round,3529 W Sevy 68 Circle
101999,0.81,90.0,2023-10-28,2023-04-13,400000,768,0,2023-11-10,375000.0,CASH,E-0842-0008-000E-06,2,2,0,0,0,1,1,1894,2022,,Year Round,3876 S 17975 W W
102000,0.28,0.0,2023-07-30,2023-04-14,427500,0,0,2023-08-08,427500.0,FHA,A-0990-0007-0000,3,2,0,0,0,1,1,1541,2023,Paved,,1087 East 4290 North Lot 7 Phs 4 Settlers Square
102002,0.23,40.0,2023-07-07,2023-04-14,509900,1452,3000,2023-08-01,505000.0,CONV,B-1785-0034-0000,5,2,0,0,0,1,1,2904,2011,Paved,Year Round,63 S Marble Canyon Drive
102006,11.75,90.0,2023-07-18,2023-04-14,1475000,2640,0,2023-08-04,1367000.0,CASH,A-0728-0001-0000,5,3,1,0,2,1,1,5280,2005,Paved,,269 S 100 E Street
102005,0.0,0.0,2023-09-08,2023-04-14,45000,0,0,2023-09-14,35000.0,CASH,0,2,1,0,0,0,1,1,718,1970,Paved,,465 N 800 W #3
102018,0.5,0.0,2023-06-05,2023-04-15,232000,0,0,2023-06-14,0.0,CASH,D-0518-0043-0001-02,3,2,0,0,0,1,1,1404,1995,Paved,Year Round,5243 N 2900 Mid Valley Estates W
102021,0.1,0.0,2023-09-24,2023-04-17,399500,0,10000,2023-10-10,396500.0,CONV,B-2026-003B-0000,4,2,1,0,0,1,1,1976,2023,Paved,Year Round,753 S 1175 W
102028,0.23,0.0,2023-04-22,2023-04-17,329900,0,5000,2023-05-31,329900.0,FHA,B-0065-0127-0000,4,2,0,0,0,1,1,1612,2008,Paved,,349 N Foothill Drive
102032,0.04,0.0,2023-08-21,2023-04-17,330000,0,0,2023-09-25,320000.0,CONV,B-2003-0011-0000,3,2,0,0,1,1,1,1454,2020,Paved,Year Round,1825 N Lund #11
102046,0.28,0.0,2023-04-19,2023-04-19,483000,1539,0,2023-10-05,519238.0,CASH,A-0990-0006-0000,3,2,0,0,0,1,1,3266,2023,Paved,,"1071 E 4290 Lot 6, Phs 4 Settlers Square N"
102048,0.24,0.0,2023-07-30,2023-04-18,269900,0,8070,2023-09-07,269000.0,FHA,B-0065-0094-0000,3,2,0,0,0,1,1,1056,1996,Paved,Year Round,410 N Highland Drive
102049,0.03,0.0,2023-04-19,2023-04-19,289900,0,0,2023-05-24,295000.0,VA,B-1958-0015-000A,3,2,1,0,0,1,1,1420,2023,Paved,Year Round,151 E 3100 N
102053,0.03,0.0,2023-05-05,2023-04-19,285000,0,0,2023-06-09,285000.0,CONV,B-1958-0015-000D,3,2,1,0,0,1,1,1420,2023,Paved,Year Round,157 E 3100 N
102052,0.03,0.0,2023-05-09,2023-04-19,285000,0,0,2023-06-01,286000.0,CONV,B-1958-0015-000C,3,2,1,0,0,1,1,1420,2023,Paved,Year Round,155 E 3100 N
102057,0.54,100.0,2023-07-01,2023-04-19,325000,932,0,2023-08-09,300000.0,CONV,A-0779-0028-0001,6,2,0,0,0,1,1,1864,1977,Paved,Year Round,4729 N Pioneer Drive
102060,0.13,0.0,2023-07-25,2023-04-19,379999,0,5000,2023-09-05,354500.0,CONV,B-1832-0041-000E,3,2,1,0,0,1,1,1600,2019,Paved,,1277 W 1650 S
102062,0.0,0.0,2023-10-17,2023-04-19,139900,0,0,2024-01-17,110000.0,CONV,A-1181-0206-0000,1,1,0,0,1,1,1,420,1972,,Year Round,651 S Snowflake #206
102076,0.41,100.0,2023-08-21,2023-04-20,419900,1238,6000,2023-09-08,419900.0,FHA,A-0906-0078-0000,5,3,0,0,0,1,1,2476,2001,Paved,Year Round,4531 N Utah Trail
102083,0.11,100.0,2023-05-12,2023-04-21,365000,617,0,2023-06-15,350000.0,FHA,B-1562-0003-0000,4,3,1,0,0,1,1,2148,1999,Paved,Year Round,183 E 820 S
102085,0.02,0.0,2023-07-31,2023-04-20,205000,0,5000,2023-08-31,196000.0,CONV,A-0507-0003-0009,2,1,1,0,1,1,1,1116,1985,Paved,Year Round,645 W Old Highway 91 #9
102088,0.08,0.0,2023-06-21,2023-04-21,320000,0,0,2023-06-30,317500.0,CASH,B-1870-0133-0000,3,2,1,0,0,1,1,1387,2022,Paved,,2648 N Clark Parkway
102089,0.08,0.0,2023-06-07,2023-04-21,320000,0,10000,2023-07-11,320000.0,Farm Home,B-1870-0133-0000,3,2,1,0,0,1,1,1387,2022,Paved,,2646 N Clark Parkway
102092,0.3,0.0,2023-04-21,2023-04-21,425000,0,0,2023-09-01,434972.0,CASH,B-2020-0120-0000,3,2,0,0,0,1,1,1745,2023,Paved,Year Round,4616 W 250 Lot 120 N
102096,0.34,100.0,2023-07-25,2023-04-21,900000,722,0,2023-08-23,895000.0,CASH,A-1184-0012-0000,2,3,0,0,2,1,1,2722,1998,Paved,,427 W Bluebell Court
102097,0.41,0.0,2023-05-25,2023-04-21,429900,0,0,2023-05-25,425000.0,CONV,D-0459-0008-0000,3,2,0,0,1,1,1,1445,2018,,Year Round,4726 N 2525 W
102104,0.42,30.0,2024-04-16,2023-04-22,550000,1549,0,2024-06-05,550000.0,FHA,A-0956-0148-0000,6,4,0,0,0,2,2,3108,2022,Paved,,4239 N Half Mile Road Road
102105,0.43,100.0,2023-09-17,2023-04-22,549500,1555,0,2023-10-20,540000.0,CONV,A-0956-0140-0000,6,4,0,0,0,1,1,3012,2023,Paved,,4371 Half Mile Rd Road
102109,0.24,0.0,2023-05-19,2023-04-22,499900,0,400,2023-06-28,475000.0,CASH,B-1801-0024-0000,3,2,0,0,0,1,1,1796,2021,Paved,,4031 W 175 S
102111,0.28,0.0,2023-05-01,2023-04-23,445000,1700,0,2023-06-06,460000.0,CONV,B-1816-0001-0001,3,2,0,0,0,1,1,3400,2021,Paved,Year Round,3262 W 1775 N
102127,0.02,0.0,2023-04-24,2023-04-24,275000,0,0,2023-07-26,275000.0,CONV,B-2013-0032-0000,2,2,1,0,0,1,1,1388,2023,Paved,Year Round,498 W 1225 32 N
102136,0.31,90.0,2023-05-02,2023-04-15,599900,2993,0,2023-05-26,599900.0,CONV,B-1382-0014-0000,7,6,1,0,1,1,1,6725,2003,Paved,Year Round,611 S Rose Hill Road
102140,0.09,100.0,2023-05-27,2023-04-25,357500,1041,0,2023-06-09,362500.0,Own Fin,B-1563-0007-0001,5,4,0,0,1,1,1,2093,1996,,Year Round,292 W 1150 S
102141,0.09,100.0,2023-05-27,2023-04-25,357500,1042,0,2023-06-09,362500.0,Own Fin,B-1563-0007-0000,5,4,0,0,1,1,1,2094,1996,,Year Round,288 W 1150 S
102146,0.24,0.0,2023-05-01,2023-04-26,395000,0,15000,2023-06-05,395000.0,FHA,B-1816-0001-0006,3,2,0,0,0,1,1,1525,2021,Paved,,3158 W 1775 N
102158,0.02,0.0,2023-06-09,2023-04-27,264900,0,0,2023-07-25,264900.0,FHA,B-2040-0015-000E,3,2,1,0,0,1,1,1242,2023,Paved,Year Round,920 S 25 #15 E E
102169,0.45,20.0,2023-05-04,2023-04-27,535735,2275,0,2023-07-21,535734.0,CONV,B-1857-0027-0069,3,2,1,0,0,1,1,4439,2023,Paved,,3541 W Sevy #69 W Street
102171,0.42,10.0,2023-05-01,2023-04-28,419000,1250,0,2023-05-30,415000.0,CONV,A-0969-0003-0000,3,2,0,0,0,1,1,2500,2014,Paved,,5177 N 1425 E;;;5177 Tomahawk N
102177,0.18,0.0,2023-08-11,2023-04-28,450000,0,15000,2023-09-12,455000.0,VA,B-2017-0040-0000,4,2,0,0,0,1,1,1800,2023,Paved,Year Round,2651 W Sterling Lot 40 Drive
102178,0.18,0.0,2023-09-20,2023-04-28,450000,0,0,2023-10-12,442000.0,CASH,B-2017-0041-0000,3,2,0,0,0,1,1,1633,2023,Paved,Year Round,2649 W Sterling Lot 41 Drive
102185,0.02,0.0,2023-06-21,2023-04-28,269900,0,7000,2023-07-27,269900.0,FHA,B-1955-0037-000F,3,2,1,0,1,1,1,1578,2007,Paved,Year Round,1288 N North Cedar #37 Boulevard
102188,0.08,0.0,2023-08-16,2023-04-28,405000,0,0,2023-10-18,405000.0,CASH,B-2009-003A-0019,2,2,0,0,1,1,1,1717,2022,Paved,,2352 W Portal Hill #19 Road
102192,0.43,0.0,2023-05-05,2023-04-25,349900,0,0,2023-06-01,370000.0,VA,D-0621-0001-0012-01,3,2,0,0,0,1,1,1710,1972,,Year Round,2632 W 3350 N
102200,0.73,0.0,2023-05-04,2023-04-29,370000,0,0,2023-06-06,370000.0,CONV,A-0459-0002-0001,2,2,1,0,1,1,1,1735,1976,Paved,Year Round,184 S 200 W
102216,29.01,0.0,2023-05-13,2023-05-02,379500,0,0,2023-05-31,350000.0,CASH,E-0837-0024-0000,1,1,0,0,1,1,1,1190,2004,,Year Round,2868 S 17300 W
102229,1.0,0.0,2023-06-08,2023-05-02,400000,0,0,2023-07-31,380000.0,FHA,D-1191-000C-0004,3,2,0,0,0,1,1,1404,2002,Paved,,716 N 4475 W
102232,0.0,100.0,2023-06-01,2023-05-01,299000,0,0,2023-06-16,280000.0,CASH,A-1144-0001-0005-08,1,1,0,0,1,1,1,885,1975,,Year Round,241 N HWY 143 #4-B
102239,0.28,0.0,2023-10-06,2023-05-03,474900,1512,12000,2023-11-01,481900.0,VA,A-0990-0016-0000,3,2,0,0,1,1,1,3176,2023,Paved,,"1136 East 4290 N Lot 16, Phs 4, Settlers Square"
102243,0.41,0.0,2023-05-12,2023-05-03,450000,0,8000,2023-06-27,450000.0,FHA,A-0938-0111-0000,4,2,0,0,0,1,1,2042,2021,Paved,,4433 N 150 W
102247,0.3,100.0,2023-05-23,2023-05-04,835000,980,0,2023-07-11,830000.0,CONV,B-1811-0046-0000,4,3,1,0,1,2,2,3091,2021,Paved,Year Round,1489 N Knoll Street
102249,0.02,0.0,2023-05-04,2023-05-04,269900,0,0,2023-05-26,263000.0,CASH,B-2040-0015-000H,3,2,1,0,0,1,1,1242,2023,Paved,Year Round,920 S 25 #15H E
102255,0.26,0.0,2023-05-23,2023-05-04,426500,0,0,2023-06-16,426500.0,VA,D-1220-0015-0000,3,2,1,0,0,1,1,2109,2023,Paved,Year Round,1970 W Cliffrose Drive
102259,0.48,95.0,2023-05-17,2023-05-04,459000,1450,0,2023-06-16,455000.0,CONV,A-0061-0001-0000,4,2,1,0,1,1,1,2900,1967,Paved,Year Round,25 S 200 E
102257,0.03,0.0,2023-05-09,2023-05-04,279900,0,0,2023-05-30,273000.0,CASH,B-1958-0044-000C,3,2,1,0,0,1,1,1481,2019,Paved,Year Round,3052 N 275 E
102262,0.18,100.0,2023-10-25,2023-05-04,359000,1032,650,2023-12-05,355000.0,FHA,A-0511-0005-0016,5,2,0,0,1,1,1,2110,1979,Paved,Year Round,257 S 750 W
102268,0.0,0.0,2023-05-20,2023-05-05,495000,0,0,2023-06-16,475000.0,CONV,A-1171-0006-000B,2,2,0,0,1,1,1,1178,1981,Paved,Year Round,561 S VASELS #R6-B Road
102267,0.41,0.0,2023-05-11,2023-05-05,449000,0,0,2023-05-25,449000.0,CASH,A-0938-0110-0000,4,2,0,0,0,1,1,1866,2021,Paved,,4451 N 150 W
102270,3.22,100.0,2023-10-05,2023-05-05,529900,1008,25000,2023-10-27,529900.0,CONV,A-5000-0002-0028,6,3,1,0,2,1,1,3024,2006,Unimproved,Year Round,2133 S High Cedar View Drive
102277,0.17,0.0,2023-06-07,2023-05-05,365000,0,10000,2023-09-11,354900.0,VA,B-1565-0052-0000,4,2,0,0,1,1,1,1480,1997,Paved,,4071 W 25 N
102280,0.97,95.0,2023-07-12,2023-05-05,399900,1104,7200,2023-08-11,363000.0,CONV,D-0938-0001-0013,3,3,0,0,0,1,1,3097,1973,Unimproved,,3854 W 425 N
102281,0.02,0.0,2023-06-24,2023-05-05,279990,0,0,2023-07-14,279990.0,CONV,B-1857-1040-0000,3,2,0,0,0,1,1,1399,2023,Paved,Year Round,517 S May 1040 Drive
102282,0.02,0.0,2023-06-30,2023-05-05,274990,0,0,2023-08-25,274990.0,CONV,B-1857-1042-0000,3,2,0,0,0,1,1,1399,2023,Paved,Year Round,523 S May 1042 Drive
102283,0.02,0.0,2023-06-07,2023-05-05,269990,0,0,2023-07-06,269990.0,CASH,B-1857-1041-0000,3,2,0,0,0,1,1,1300,2023,Paved,Year Round,519 S May 1041 Drive
102288,0.5,5.0,2024-08-01,2023-05-06,489000,1536,0,2024-09-04,485000.0,CONV,D-0463-0025-0000,3,2,0,0,0,1,1,3107,2023,Paved,,4631 N 2600 W
102289,1.13,95.0,2023-05-16,2023-05-05,725000,1008,0,2023-06-08,750000.0,CONV,C-1115-0005-0019,3,2,0,0,1,1,1,2576,1999,,Year Round,1042 &1054 N Aspen Drive
102290,0.59,0.0,2023-06-14,2023-05-06,469999,0,500,2023-07-20,449000.0,CONV,D-1197-000B-0003,4,1,0,1,1,1,1,1791,2005,Paved,Year Round,928 S Laurie Lane
102304,0.08,0.0,2023-05-09,2023-05-08,335000,0,6000,2023-06-06,335000.0,CONV,B-1942-0003-000W,3,2,1,0,0,1,1,1676,2018,Paved,Year Round,463 W 2150 N
102306,0.31,100.0,2023-05-11,2023-05-08,450000,1370,15200,2023-06-30,450000.0,FHA,B-1395-0002-0009,5,3,0,0,2,1,1,2793,1994,Paved,,2169 N Sumack Circle
102308,0.42,0.0,2023-07-07,2023-05-07,489900,1112,12000,2023-09-05,480000.0,Other,A-0956-0147-0000,4,2,1,0,0,1,1,2917,2022,Paved,,4257 N HALF MILE RD Road
102310,0.25,0.0,2023-07-26,2023-05-09,365000,0,10000,2023-08-25,360000.0,FHA,A-0385-0002-0000,4,2,0,0,0,1,1,1404,1978,Paved,Year Round,490 N 200 E
102313,0.17,0.0,2023-05-10,2023-05-09,430000,0,0,2023-07-10,412500.0,CASH,B-1797-0012-0000,4,2,0,0,1,1,1,1705,2005,Paved,,4137 W 250 N
102315,0.25,0.0,2023-05-12,2023-05-09,479900,0,0,2023-05-18,479900.0,Own Fin,A-2061-0016-0000,3,2,0,0,1,1,1,1990,2023,Paved,,1317 W 375 S
102317,0.04,0.0,2023-05-15,2023-05-09,279900,0,0,2023-05-26,279900.0,CASH,B-0705-0005-0000,2,2,0,0,0,1,1,1037,1985,Paved,Year Round,139 N 100 #6 W
102321,0.44,0.0,2023-05-23,2023-05-09,349900,0,4000,2023-06-30,343000.0,CONV,A-0906-0006-0000,3,2,0,0,0,1,1,1141,1997,Paved,,4706 N Oregon Trail
102322,0.29,5.0,2023-05-09,2023-04-21,530000,1681,0,2023-09-29,609121.0,CONV,B-2020-0125-0000,6,3,0,0,0,1,1,3545,2023,Paved,Year Round,4694 W 250 Lot 125 N
102327,0.08,0.0,2023-05-25,2023-05-10,316000,0,0,2023-06-20,299500.0,CONV,B-1870-0015-0000,3,2,1,0,0,1,1,1484,2007,Paved,,1888 W Clark Parkway
102329,0.57,100.0,2023-08-07,2023-05-10,1279000,3373,0,2023-11-06,1200000.0,Own Fin,B-1864-0026-0000,6,4,1,0,2,2,2,6591,2013,Paved,Year Round,682 Cedar View Drive
102336,0.0,0.0,2023-06-10,2023-05-10,375000,0,1000,2023-07-06,350000.0,CASH,A-1173-0038-0000,2,2,0,0,1,1,1,930,1981,,Year Round,407 S Vasels #38
102338,0.42,0.0,2023-05-23,2023-05-10,378000,0,7000,2023-06-27,371000.0,VA,406527,4,2,0,0,0,1,1,1436,1999,Paved,Year Round,4468 N Utah Trail
102344,0.92,0.0,2023-06-09,2023-05-09,389900,0,0,2023-07-25,389000.0,FHA,D-0621-0001-0002,3,2,0,0,1,1,1,1571,1974,Paved,Year Round,2521 W 3500 N
102348,0.67,50.0,2023-06-02,2023-05-10,600000,2179,0,2023-07-21,580000.0,CASH,D-1197-000D-0006,5,2,1,0,1,1,1,4376,2005,,Year Round,1118 S 4175 W
102362,0.03,0.0,2023-05-11,2023-05-11,285000,0,0,2023-06-28,292000.0,CONV,B-1958-0014-000C,3,2,1,0,0,1,1,1420,2023,Paved,Year Round,3071 N 125 E
102366,1.48,100.0,2023-06-10,2023-05-11,799900,864,0,2023-06-26,730000.0,CASH,D-1024-0003-0002,3,3,0,0,1,1,1,3611,2009,Unimproved,Year Round,633 E Cedar Highlands Drive
102369,1.25,100.0,2023-07-14,2023-05-11,325000,768,0,2023-08-08,300000.0,CONV,E-0670-0001-0016,4,2,0,0,1,1,1,1536,1984,,Year Round,2162 S 9500 W
102377,0.28,0.0,2023-05-12,2023-05-12,467500,0,7500,2023-09-29,484400.0,VA,A-0990-0017-0000,4,2,1,0,0,1,1,2300,2023,Paved,,"1124 E 4290 N Lot 17, Phs 4, Settlers Square"
102383,0.16,0.0,2023-05-26,2023-05-12,394000,0,6000,2023-06-28,390000.0,CONV,B-1999-0044-0000,3,2,0,0,0,1,1,1400,2019,Paved,Year Round,2847 Sterling Drive
102395,0.03,0.0,2023-06-05,2023-05-12,289900,0,0,2023-06-26,297000.0,CONV,B-1958-0014-000D,3,2,1,0,0,1,1,1420,2023,Paved,Year Round,3073 N 125 E
102398,0.03,0.0,2023-05-19,2023-05-12,289900,0,0,2023-06-15,295000.0,CONV,B-1958-0014-000A,3,2,1,0,0,1,1,1420,2023,Paved,Year Round,3067 N 125 E
102399,0.03,0.0,2023-06-09,2023-05-12,285000,0,0,2023-08-01,285000.0,CONV,B-1958-0014-000B,3,2,1,0,0,1,1,1420,2023,Paved,Year Round,3069 N 125 E
102412,0.02,0.0,2023-06-21,2023-05-12,274990,0,0,2023-07-14,274990.0,CASH,B-1857-1043-0000,3,2,0,0,0,1,1,1399,2023,Paved,Year Round,525 S May 1043 Drive
102413,0.02,0.0,2023-07-11,2023-05-13,274990,0,0,2023-08-14,274990.0,CASH,B-1857-1044-0000,3,2,0,0,0,1,1,1399,2023,Paved,Year Round,529 S May 1044 Drive
102414,0.02,0.0,2023-06-21,2023-05-13,279990,0,0,2023-07-14,279990.0,CASH,B-1857-1046-0000,3,2,0,0,0,1,1,1399,2023,Paved,Year Round,537 S May 1046 Drive
102415,0.02,0.0,2023-06-30,2023-05-13,264990,0,0,2023-08-04,264990.0,CONV,B-1857-1045-0000,3,2,0,0,0,1,1,1300,2023,Paved,Year Round,535 S May 1045 Drive
102419,1.25,0.0,2023-07-03,2023-05-15,320000,0,0,2023-08-09,310000.0,CONV,A-0639-0043-0000,1,1,0,0,1,1,1,840,2020,,Year Round,415 E 270 N
102424,0.5,5.0,2023-05-16,2023-05-15,489000,1428,10000,2023-06-19,489000.0,CONV,D-0463-0027-0000,3,2,0,0,0,1,1,2894,2023,Paved,,4671 N 2600 W
102427,0.42,20.0,2023-06-07,2023-05-13,449000,1600,0,2023-06-26,430000.0,CONV,A-0941-0037-0000,3,2,1,0,0,1,1,3200,2006,Paved,Year Round,1785 E 5030 (td Circle) N
102432,0.04,0.0,2023-07-21,2023-05-15,332000,0,0,2023-08-15,330500.0,CASH,B-2003-0025-0000,3,2,0,0,1,1,1,1454,2021,Paved,,1825 N Lund Hwy #25
102433,0.02,0.0,2023-05-22,2023-05-15,265000,0,10000,2023-06-22,270000.0,FHA,B-2015-0005-0000,2,2,1,0,0,1,1,1289,2022,Paved,Year Round,3129 W 1650 #B N
102434,0.47,0.0,2023-06-01,2023-05-15,330000,0,10000,2023-07-26,320000.0,CONV,A-0693-0694-0695,1,1,0,0,0,1,1,1446,1895,Paved,,10 N 100 E
102436,0.03,0.0,2023-05-15,2023-05-12,339900,0,100,2023-09-18,340000.0,FHA,B-2021-0061-0000,3,2,1,0,1,1,1,1734,2023,Paved,Year Round,668 E Fiddlers Cove #61
102437,0.03,0.0,2023-05-12,2023-05-12,339900,0,0,2023-06-09,334900.0,CONV,B-2021-0047-0000,3,2,1,0,1,1,1,1734,2023,Paved,Year Round,668 E Fiddlers Cove Dr #47
102441,2.5,50.0,2023-05-24,2023-05-16,535000,795,18000,2023-06-26,535000.0,CONV,D-0532-0018-0000,5,2,0,0,1,1,1,2385,1979,,Year Round,2528 W 5300 N
102444,0.25,0.0,2023-09-09,2023-05-16,515000,0,0,2023-10-05,515000.0,CONV,A-1035-0004-0000,5,3,1,0,0,1,1,2541,2023,Paved,Year Round,4883 E 10 E
102445,0.25,0.0,2023-06-13,2023-05-16,419900,0,0,2023-07-14,419900.0,CONV,A-1035-0031-0000,3,2,0,0,0,1,1,1423,2023,Paved,Year Round,4852 N 10 E
102446,0.5,0.0,2023-05-22,2023-05-16,285000,0,3000,2023-06-26,260000.0,FHA,A-0877-0001-0020,3,2,0,0,0,1,1,1096,2005,,Year Round,339 W Spanish Trails Drive
102447,0.49,0.0,2023-06-02,2023-05-16,490000,0,0,2023-07-07,490000.0,CONV,D-1210-0020-00AM,3,2,0,0,1,1,1,2000,2021,Paved,Year Round,3930 N Monarch Drive
102453,0.3,100.0,2023-12-19,2023-05-17,449900,1706,0,2024-01-12,449900.0,CONV,B-1208-0002-0001,4,3,1,0,2,1,1,3463,1988,Paved,,759 E Cobblecreek Drive
102457,0.02,15.0,2023-06-09,2023-05-16,329990,632,0,2023-07-28,329990.0,CONV,B-1857-1022-0000,3,2,1,0,0,1,1,2187,2023,Paved,Year Round,2988 W Ezra #1022 Drive
102458,0.02,15.0,2023-07-12,2023-05-17,339990,632,0,2023-08-14,339990.0,CONV,B-1857-1023-0000,4,2,1,0,0,1,1,2247,2023,Paved,Year Round,2982 W Ezra #1023 Drive
102459,0.26,100.0,2023-10-23,2023-05-16,435000,885,5000,2023-11-14,430000.0,CONV,B-1400-0014-0000,5,3,0,0,0,1,1,2771,2008,Paved,,95 S 2125 W
102464,0.0,0.0,2023-06-22,2023-05-17,299000,0,0,2023-07-26,282000.0,CONV,B-1976-0020-0049,3,2,1,0,0,1,1,1566,2008,Paved,,1177 N Northfield #49
102482,0.04,0.0,2023-08-04,2023-05-19,125000,0,0,2023-09-05,125000.0,FHA,A-0504-0003-0003-01,1,1,0,0,0,1,1,400,1984,Paved,Year Round,301 Beth Street
102491,0.41,100.0,2023-07-28,2023-05-19,448500,1140,13100,2023-08-18,448500.0,FHA,A-0906-0042-0000,5,3,0,0,0,1,1,2318,1999,Paved,,4523 N Oregon Trail
102511,0.83,100.0,2023-09-08,2023-05-22,799000,1476,15000,2023-10-06,750000.0,CONV,C-1135-0004-0016-10,5,3,0,0,2,1,1,4103,1999,,Year Round,1012 N 725 W
102516,0.0,0.0,2023-06-18,2023-05-22,115000,0,0,2023-07-25,105000.0,CONV,A-1172-0023-0000,0,1,0,0,1,1,1,320,1974,Paved,Year Round,226 S Hwy 143 #9B
102517,0.23,0.0,2023-08-25,2023-05-23,565000,0,0,2023-09-29,560000.0,CONV,B-2016-0001-0000,4,3,0,0,0,1,1,2504,2023,Paved,,2167 S 3369 Spring W
102519,0.5,0.0,2023-05-30,2023-05-18,474900,0,0,2023-07-06,474900.0,CONV,D-1209-000E-0002,4,2,0,0,1,1,1,1928,2006,Paved,,1030 S 4425 W
102521,7.07,0.0,2023-05-26,2023-05-22,650000,0,0,2023-07-03,625000.0,CONV,D-0211-0001-0002,3,2,0,0,0,1,1,3000,2010,Unimproved,Year Round,4354 N 2100 E
102527,0.11,0.0,2023-07-12,2023-05-23,349900,0,0,2023-09-21,349900.0,CASH,B-1203-0007-000S,3,2,0,0,1,1,1,1500,2023,Paved,Year Round,961 S 25 W
102528,0.25,0.0,2023-05-24,2023-05-23,409000,0,0,2023-06-26,400000.0,VA,B-1832-0048-0000,3,2,0,0,0,1,1,1539,2014,Paved,,1344 W 1700 S
102529,0.11,0.0,2023-09-07,2023-05-23,349900,0,0,2023-11-01,342000.0,CASH,B-1203-0007-000N,3,2,0,0,1,1,1,1500,2023,Paved,Year Round,955 S 25 W
102534,0.29,0.0,2023-05-29,2023-05-22,559900,0,0,2023-06-07,549000.0,CASH,B-1769-0012-0000,3,2,1,0,1,1,1,2405,2006,Paved,Year Round,1130 E Fiddlers Canyon Road
102538,0.03,0.0,2023-07-06,2023-05-24,299900,0,0,2023-07-21,294900.0,CONV,B-1848-0003-0020,3,2,1,0,0,1,1,1672,2019,Paved,,3081 W 1725 #20 N
102540,0.39,0.0,2023-12-08,2023-05-23,534900,1749,0,2023-12-20,515000.0,FHA,B-2012-0309-0000,3,2,0,0,0,1,1,3523,2023,Paved,,1877 S Oak Springs Road
102547,0.46,30.0,2023-06-11,2023-05-24,1100000,625,0,2023-07-10,990000.0,CASH,A-1192-0004-0000,3,3,0,0,1,1,1,2832,2005,Paved,,256 W Ridge View Street
102550,1.3,0.0,2023-06-02,2023-05-24,285000,0,16200,2023-07-26,280000.0,FHA,D-0456-0444-0000,4,2,0,0,1,1,1,1444,1999,,Year Round,5511 N 3500 W
102551,0.0,0.0,2023-08-29,2023-05-24,215000,0,0,2023-09-26,212000.0,CASH,A-1172-0049-0000,1,1,1,0,1,1,1,612,1973,Paved,,226 S Highway 143 143 #19-a
102553,0.33,100.0,2023-10-09,2023-05-25,1090000,812,0,2023-10-13,985000.0,CASH,A-1192-0002-0000,3,3,0,1,2,1,1,3019,2005,Paved,,232 W Ridge View Street
86783,0.0,0.0,2022-08-25,2019-07-07,340000,0,0,2022-09-30,327000.0,CONV,A-1173-0038-0000,2,2,0,0,1,1,1,930,1981,Paved,,407 S Vasels (fka Brian Head Blvd) GS #38
90719,0.8,0.0,2022-01-16,2020-08-03,1900000,0,0,2022-01-28,1600000.0,CASH,B-1729-0008-0000,5,5,1,0,2,1,1,6524,2007,Paved,,617 S Cove Drive #8
92014,0.12,0.0,2022-01-26,2020-11-20,419900,0,0,2022-02-24,419900.0,VA,B-1895-0036-0000,3,2,0,0,1,1,1,1419,2021,Paved,Year Round,757 S Eastgate Drive Lot. 36 Crescent Heights
92249,0.02,0.0,2021-01-05,2020-12-29,240000,0,0,2022-03-09,265000.0,CONV,B-2013-0005-0000,3,2,1,0,0,1,1,1500,2022,Paved,Year Round,498 W 1225 #5 N
92252,0.02,0.0,2021-01-13,2020-12-30,229000,0,0,2022-03-11,245000.0,CONV,B-2013-0002-0000,2,2,1,0,0,1,1,1388,2022,Paved,Year Round,498 W 1225 #2 N
92253,0.02,0.0,2021-03-23,2020-12-30,229000,0,0,2022-03-04,0.0,CASH,B-2013-0004-0000,2,2,1,0,0,1,1,1388,2021,Paved,Year Round,498 W 1225 #4 N
92427,0.15,0.0,2021-10-26,2021-01-19,369900,0,0,2022-01-25,365000.0,CONV,B-1939-0019-000A,4,2,0,0,0,1,1,1464,2021,Paved,Year Round,214 W Mountain View Drive Lot. 19A Under Construction (Left Side)
92435,0.02,0.0,2021-01-25,2021-01-21,249900,0,0,2022-04-29,270000.0,CONV,B-2013-0006-0000,3,2,1,0,0,1,1,1500,2022,Paved,Year Round,498 W 1225 #6 N
92438,0.02,0.0,2021-01-25,2021-01-21,244900,0,0,2022-04-29,265000.0,CONV,B-2013-0008-0000,3,2,1,0,0,1,1,1500,2022,Paved,Year Round,498 W 1225 #8 N
92439,0.02,0.0,2021-01-25,2021-01-21,244900,0,0,2022-04-29,265000.0,CONV,B-2013-0009-0000,3,2,1,0,0,1,1,1500,2022,Paved,Year Round,498 W 1225 #9 N
92440,0.02,0.0,2021-02-08,2021-01-21,229900,0,0,2022-05-12,245000.0,CONV,B-2013-0010-0000,2,2,1,0,0,1,1,1388,2022,Paved,Year Round,498 W 1225 #10 N
92555,5.0,0.0,2021-04-06,2021-02-03,585000,0,0,2022-02-22,600000.0,Own Fin,D-1214-0012-000A,4,4,1,0,2,1,1,4035,1999,Paved,,5874 N 2300 W
92710,0.02,0.0,2022-08-05,2021-02-18,309900,0,0,2022-08-22,305000.0,CONV,B-2013-0018-0000,3,2,1,0,0,1,1,1500,2022,Paved,Year Round,498 W 1225 #18 N
92715,0.02,0.0,2022-08-23,2021-02-18,305900,0,0,2022-09-30,305900.0,CONV,B-2013-0020-0000,3,2,1,0,0,1,1,1500,2022,Paved,Year Round,498 W 1225 #20 N
92718,0.02,0.0,2022-09-30,2021-02-18,299000,0,0,2022-10-21,295000.0,CONV,B-2013-0022-0000,3,2,1,0,0,1,1,1500,2022,Paved,Year Round,498 W 1225 #22 N
92965,0.12,0.0,2021-06-01,2021-03-10,59900,0,0,2023-12-01,54000.0,CASH,B-1322-0004-0000,2,1,0,0,0,1,1,850,1984,Paved,,1700 N Main Street Unit 4
93631,0.1,0.0,2021-12-31,2021-04-30,399900,0,0,2022-01-27,388000.0,CONV,B-1895-0045-0000,3,2,0,0,1,1,1,1419,2018,Paved,,2365 W Crescent Heights Drive
93798,0.08,0.0,2021-12-22,2021-05-11,481600,0,0,2022-01-31,481600.0,CONV,B-2009-003A-0022,3,2,0,0,1,1,1,1760,2021,Paved,,2352 W Portal Hill Unit#22 Road
93804,0.08,0.0,2022-02-28,2021-05-11,491600,0,0,2022-04-15,492275.0,CONV,B-2009-003A-0020,3,2,0,0,1,1,1,1760,2021,Paved,,2352 W Portal Hill #20 Road
94025,1.02,100.0,2022-02-01,2021-05-25,1600000,2359,26000,2022-03-11,1550000.0,CONV,A-1194-0001-0000,5,4,0,0,2,1,1,4405,2007,Paved,,251 Pinehurst + lot 2 Brooke Hill
94125,0.27,0.0,2021-06-02,2021-06-01,343900,0,0,2022-01-06,0.0,CASH,A-0883-0018-0000,3,2,0,0,0,1,1,1743,2022,Paved,,1128 E 4375 N Lot 18 Settlers Square Phs 2
94126,1.5,100.0,2022-05-03,2021-06-02,525000,1066,0,2022-05-06,517000.0,CONV,A-0916-0004-0017,5,3,0,0,1,1,1,3028,2005,Paved,,2389 E Village Green Road
94304,0.39,100.0,2022-02-24,2021-06-14,699900,1332,0,2022-04-01,678000.0,CONV,B-1114-0002-0001-01,3,2,2,2,1,1,1,4580,1994,Paved,Year Round,1635 W 546 S
94546,0.26,0.0,2021-06-28,2021-06-25,369900,0,0,2022-01-28,383929.0,CONV,A-0883-0012-0000,3,2,0,0,1,1,1,1743,2022,Paved,,1032 E 4375 North Lot 12 Settlers Square Phs 2
94547,0.26,0.0,2021-06-28,2021-06-25,324900,0,0,2022-01-11,339525.0,CASH,A-0883-0014-0000,3,2,0,0,1,1,1,1467,2022,Paved,,1066 E 4375 North Lot 14 Settlers Square Phs 2
94561,0.3,0.0,2021-06-30,2021-06-30,349900,0,0,2022-01-11,371407.0,CONV,A-0883-0010-0000,3,2,0,0,1,1,1,1636,2022,Paved,,4372 N Half Mile Road Lot 10 Settlers Square Phs 2
94572,9.62,100.0,2022-02-24,2021-07-01,675000,1080,0,2022-04-05,640000.0,CONV,E-0281-0001-0001,4,3,0,0,0,1,1,2160,1997,Paved,,4633 S Old HWY 91
94671,2.53,90.0,2021-11-15,2021-07-07,590000,1550,1000,2022-01-11,585000.0,CONV,E-0209-0001-0009-08,4,4,0,0,1,1,1,3100,2000,Paved,Year Round,902 S 4700 W
94709,0.19,0.0,2021-12-14,2021-07-09,309000,936,2500,2022-02-09,300000.0,CONV,B-1100-0003-0000,2,1,0,0,1,1,1,1962,1955,Paved,Year Round,549 S 450 W
94790,0.29,100.0,2022-01-04,2021-07-16,409000,740,0,2022-02-04,409000.0,CONV,B-1066-0002-0003,5,3,0,0,2,1,1,3171,1970,Paved,,108 S Ridge Road
94904,0.35,90.0,2022-02-16,2021-07-26,950000,1616,0,2022-05-15,920000.0,CONV,B-1338-0001-0061,7,4,0,0,2,2,1,6212,1994,Paved,,2234 W Vista Del Sol
94918,24.37,0.0,2021-12-01,2021-07-27,925000,0,0,2022-01-06,900000.0,CASH,D-0777-0078-0080,3,2,0,0,1,1,1,1560,1972,Paved,Year Round,1860 N 3100 W
94925,0.71,0.0,2022-07-05,2021-07-27,250000,0,9616,2022-07-27,235000.0,CONV,C-0638-0024-0000,2,1,0,0,1,1,1,1110,1975,,Seasonal,2018 E 2100 S
94942,0.5,0.0,2021-07-30,2021-07-28,395000,0,0,2022-01-14,407600.0,CONV,D-0462-0009-0000,4,2,0,0,0,1,1,1649,2021,Paved,,4338 N 2525 W
95055,0.43,0.0,2021-11-30,2021-08-05,379000,0,0,2022-01-04,380000.0,FHA,134,3,2,0,0,0,1,1,1342,2021,Paved,,4350 N Gold Dust Trail Street
95073,0.26,0.0,2021-08-10,2021-08-06,480000,2018,0,2022-01-26,480000.0,CASH,B-1111-0001-014B-09,3,2,0,0,0,1,1,4036,2021,Paved,Year Round,255 E ROUNTREE DR
95203,20.0,0.0,2021-12-30,2021-08-16,799900,0,0,2022-04-04,730000.0,CASH,E-0261-0019-0000,4,4,0,0,1,1,1,3998,1990,,Year Round,3448 S 6500 W W
95230,0.03,0.0,2022-01-03,2021-08-17,295900,0,0,2022-02-02,295000.0,CONV,B-1958-0005-000D,3,2,1,0,0,1,1,1402,2016,Paved,,238 E 3025 N
95280,0.23,100.0,2021-12-07,2021-08-21,389900,1144,0,2022-01-06,392000.0,CONV,B-0005-0021-0008,4,3,0,0,1,1,1,2288,1984,Paved,,304 N 1600 W
95285,0.01,0.0,2021-09-27,2021-08-23,285000,0,0,2022-01-14,277500.0,CASH,A-1176-0001-0010 & 0011,2,2,0,0,2,1,1,1150,1984,Paved,,464 N Hwy 143 #a111 & #a110
95299,0.33,0.0,2021-08-23,2021-08-20,424900,1641,12000,2022-02-22,452052.0,CONV,A-0883-0006-0000,3,2,0,0,0,1,1,3459,2022,Paved,,1093 E 4375 North Lot 6 Settlers Square Phs 2
95340,0.21,0.0,2022-04-06,2021-08-26,250000,0,7000,2022-05-24,244500.0,FHA,A-0114-0003-0000,3,2,0,0,0,1,1,1272,1994,Paved,,257 S Main Street
95361,2.48,0.0,2021-12-10,2021-08-27,720000,0,0,2022-02-01,610000.0,CASH,A-0491-0001-0000,3,2,1,0,2,1,1,3173,2006,Paved,,47 W 400 S
95367,0.0,0.0,2022-05-28,2021-08-27,220000,0,0,2022-06-15,220000.0,CASH,A-1197-000E-0302,1,1,0,0,1,1,1,478,1984,Paved,Year Round,223 Hunter Ridge #e302
95403,0.24,90.0,2022-02-12,2021-09-01,699000,1519,0,2022-03-16,675000.0,VA,B-1716-0012-0000,6,3,1,0,2,1,1,4017,2002,Paved,,620 S 2125 W
95495,0.04,0.0,2021-11-03,2021-09-08,307900,0,0,2022-02-28,307900.0,CONV,B-2003-0039-0000,3,2,0,0,1,1,1,1454,2021,Paved,,1825 N Lund Highway #39
95552,0.32,0.0,2021-09-13,2021-09-07,555000,0,0,2022-02-28,586806.0,CONV,B-2011-0007-0000,5,3,0,0,1,1,1,2490,2022,Paved,,2214 S Canyon Circle
95557,0.47,0.0,2021-10-04,2021-09-13,450000,0,0,2022-01-07,445000.0,CONV,A-0780-0000-000G-09,4,2,0,0,1,1,1,1891,2021,Paved,Year Round,1573 E Sunrise Drive
95561,0.11,0.0,2021-12-28,2021-09-13,240000,0,2500,2022-01-26,241250.0,FHA,B-1161-0002-0002,3,1,0,0,1,1,1,1100,1982,Paved,,463 W Bramblewood Drive
95563,0.16,0.0,2021-12-22,2021-09-13,459900,1416,0,2022-01-14,489900.0,CONV,B-1975-0022-0000,3,2,0,0,0,1,1,2832,2021,Paved,,3429 W 375 S
95574,0.02,0.0,2021-09-14,2021-09-14,300000,0,0,2022-03-04,275000.0,CONV,B-2013-0003-0000,3,2,1,0,0,1,1,1500,2021,Paved,Year Round,498 W 1225 #3 N
95610,10.0,0.0,2021-12-06,2021-09-16,495000,0,4000,2022-01-11,440000.0,CONV,D-0610-0003-0001,3,2,0,0,0,1,1,1008,1996,,Year Round,2915 N 3800 W
95612,0.08,0.0,2022-07-08,2021-09-15,486000,0,0,2022-08-15,486000.0,CONV,B-2009-003A-0010,3,2,0,0,1,1,1,1680,2021,Paved,,2352 W Portal Hill #10
95613,0.08,0.0,2021-11-29,2021-09-15,429100,0,0,2022-03-21,429100.0,CASH,B-2009-003A-0021,3,2,0,0,1,1,1,1457,2021,Paved,,2352 W Portal Hill #21
95614,0.08,0.0,2023-02-28,2021-09-16,435000,0,0,2023-03-28,415000.0,CONV,B-2009-003A-0013,3,2,0,0,1,1,1,1732,2021,Paved,,2352 W Portal Hill #13
95661,0.1,0.0,2021-12-06,2021-09-20,290000,0,0,2022-01-03,285000.0,CONV,B-1942-010B-0000,3,2,0,0,0,1,1,1155,2020,Paved,,2155 N 550 W
95662,0.1,0.0,2022-01-22,2021-09-20,290000,0,0,2022-03-01,290000.0,CONV,B-1942-010A-0000,3,2,0,0,0,1,1,1155,2020,Paved,,2157 N 550 W
95677,0.57,0.0,2021-09-24,2021-09-22,439000,1466,0,2022-01-11,439000.0,CONV,D-462-16,3,3,0,0,0,1,1,2932,2021,Paved,,4443 N 2525 W
95707,0.51,0.0,2022-01-21,2021-09-24,99000,0,0,2022-01-31,90000.0,CASH,C-1115-0005-0037,0,0,1,0,1,1,1,400,1999,,Year Round,943 N Aspen
95717,0.31,0.0,2021-09-27,2021-09-27,409900,0,0,2022-03-10,431749.0,CONV,A-0883-0004-0000,4,2,0,0,1,1,1,1912,2022,Paved,,"1161 E 4375 North Lot 4, Settlers Square Phs 2"
95731,0.02,0.0,2021-12-15,2021-09-28,260000,0,10000,2022-02-28,270000.0,Other,B-0143-0002-0000,2,2,1,0,0,1,1,1405,2021,Paved,,457 N 400 #2 W
95732,0.02,0.0,2021-12-03,2021-09-28,260000,0,0,2022-02-17,260000.0,CONV,B-0143-0003-0000,2,2,1,0,0,1,1,1406,2021,Paved,,457 N 400 #3 W
95733,0.02,0.0,2021-11-17,2021-09-28,260000,0,7000,2022-02-18,267000.0,Other,B-0143-0004-0000,2,2,1,0,0,1,1,1406,2021,Paved,,457 N 400 #4 W
95735,0.02,0.0,2021-11-29,2021-09-28,260000,0,0,2022-02-17,260000.0,CONV,B-0143-0005-0000,2,2,1,0,0,1,1,1406,2021,Paved,,457 N 400 #5 W
95736,0.02,0.0,2021-11-05,2021-09-28,260000,0,8600,2022-02-24,268600.0,FHA,B-0143-0006-0000,2,2,1,0,0,1,1,1406,2021,Paved,,457 N 400 #6 W
95738,0.02,0.0,2021-12-13,2021-09-28,260000,0,4000,2022-02-28,264000.0,CONV,SG-1361-C-1,2,2,1,0,0,1,1,1406,2021,Paved,,457 N 400 #8 W
95741,0.24,100.0,2022-01-20,2021-09-28,499900,1367,3000,2022-02-25,490000.0,CONV,B-1208-0005-0004,5,3,0,0,0,2,2,2734,1984,,Year Round,2127 N Buckboard Drive
95747,0.3,100.0,2021-09-28,2021-09-28,409900,0,0,2022-03-14,428714.0,CONV,A-0883-0024-0000,3,2,0,0,0,1,1,1886,2022,Paved,,1215 E Southern Homestead Blvd Lot 24 Settlers Square Phs 2
95755,5.0,0.0,2021-12-02,2021-09-29,495000,0,0,2022-01-29,495900.0,CONV,D-0502-0010-0000,4,2,0,0,0,1,1,2460,2021,,Year Round,2584 W 5500 N
95762,0.37,100.0,2022-03-07,2021-09-30,439900,1271,6000,2022-04-07,439000.0,FHA,A-0140-0001-0000,4,2,1,0,1,1,1,2542,1964,Paved,Year Round,83 Pioneer Avenue
95767,0.47,0.0,2022-03-04,2021-09-30,289000,0,3000,2022-04-12,292000.0,FHA,A-1002-0001-0000,1,1,1,0,0,1,1,795,2021,Paved,,5590 N 500 E
95772,0.03,0.0,2021-11-10,2021-10-01,272000,0,0,2022-01-10,272000.0,CASH,B-1472-000F-0004,3,2,1,0,1,1,1,1515,1996,Paved,,195 E Fiddlers Cyn #24 Road
95773,0.32,0.0,2021-10-01,2021-10-01,355900,0,0,2022-02-25,358963.0,CONV,A-0883-0008-0000,3,2,0,0,0,1,1,1467,2022,Paved,,"4404 N Utah Trail Lot 8, Settlers Square, Phs 2"
95774,4.85,0.0,2022-04-05,2021-10-01,589000,0,0,2022-06-02,585000.0,CONV,D-0506-0009-0000,3,2,0,0,1,1,1,1700,2003,Paved,Year Round,2226 W 5875 N
95784,0.42,80.0,2022-02-06,2021-10-01,720000,2795,0,2022-03-30,720000.0,CONV,A-0954-0028-0000,5,3,0,0,1,1,1,5395,2008,Paved,Year Round,411 W 3380 N
95820,0.4,0.0,2022-01-17,2021-10-07,249999,0,0,2022-02-16,240000.0,CONV,A-1214-000H-0010,1,1,0,0,1,1,1,776,1979,,Seasonal,528 Toboggan Lane
95835,2.98,90.0,2022-01-10,2021-10-07,1325000,2444,0,2022-03-02,1200000.0,CONV,D-1139-0010-0103,6,3,1,0,2,1,1,5142,1998,Paved,Year Round,1173 S Panorama Dr
95837,2.32,100.0,2021-12-30,2021-10-08,849900,1786,0,2022-02-02,836400.0,CONV,D-0734-0001-0000,5,4,0,0,1,1,2,4519,1993,Paved,,2824 N 2300 W
95845,0.5,5.0,2021-10-28,2021-10-08,449000,1550,0,2022-01-28,455000.0,CONV,D-462-0005-0000,3,2,2,0,0,1,1,3100,2021,Paved,,4418 N 2525 W
95853,0.27,0.0,2021-12-08,2021-10-09,405000,0,0,2022-01-28,409500.0,FHA,A-0883-0017-0000,4,2,1,0,0,1,1,2126,2022,Paved,,1108 E 4375 North Lot 17 Settlers Square Phs 2
95864,0.37,100.0,2022-04-25,2021-10-04,979000,2338,0,2022-05-10,975000.0,CONV,A-0410-0001-0000,4,3,0,0,0,1,1,4676,2020,Paved,,434 W 300 N
95875,0.16,0.0,2022-02-17,2021-10-12,379900,0,0,2022-03-22,380000.0,CONV,B-1565-0014-0000,2,2,0,0,1,1,1,1539,2004,Paved,,136 N 4000 W
95912,0.12,0.0,2021-12-30,2021-10-15,344900,0,0,2022-02-01,347000.0,CONV,B-1202-0002-000N,3,2,0,0,1,1,1,1550,2019,Paved,,876 S 25 W
95913,0.92,0.0,2022-03-15,2021-10-15,300000,0,0,2022-04-22,305000.0,CONV,D-0621-0001-0043,3,1,1,0,1,1,1,1932,1994,Unimproved,Year Round,2632 W 3500 N
95943,0.41,0.0,2022-01-05,2021-10-20,389000,0,0,2022-02-11,389000.0,CONV,A-0974-0118-0000,3,2,0,0,0,1,1,1559,2021,Paved,,4333 N Gold Dust Trail
95950,0.04,0.0,2021-10-21,2021-10-20,307900,0,0,2022-02-11,306900.0,CONV,B-2003-0042-0000,3,2,0,0,1,1,1,1454,2021,Paved,,1825 N Lund Highway #42
95971,0.02,0.0,2022-01-04,2021-10-21,279900,0,0,2022-02-03,280000.0,CONV,B-1386-0045-0000,2,2,1,0,0,1,1,1424,2019,Paved,,1560 S Topaz Drive Unit A
95978,0.0,0.0,2021-10-29,2021-10-21,179900,0,0,2022-01-06,170000.0,CONV,A-1178-0103-0000,0,1,0,0,0,1,1,464,1983,Paved,Year Round,150 W Ridge View #103
95989,0.32,30.0,2021-10-25,2021-10-22,537920,1641,0,2022-03-31,558558.0,CASH,A-0883-0025-0000,5,3,0,0,1,1,1,3591,2022,Paved,,1187 E Southern Homestead Blvd Lot 25 Settlers Square Phs 2
95993,0.26,100.0,2022-01-11,2021-10-25,599900,1838,0,2022-01-31,565000.0,CASH,B-1714-0022-0000,5,3,0,0,0,1,1,3730,2004,Paved,,763 E Nichols Canyon
95994,0.13,0.0,2021-10-26,2021-10-22,295000,0,3000,2022-04-20,295000.0,CONV,B-1791-0007-0000,3,2,0,0,0,1,1,1290,2005,Paved,,1441 S Northern View Drive
96005,0.04,0.0,2021-10-26,2021-10-26,304900,0,0,2022-03-04,304900.0,Other,B-2003-0040-0000,3,2,0,0,0,1,1,1454,2021,Paved,,1825 N Lund Highway #40
96042,0.18,100.0,2022-01-05,2021-10-29,390000,929,0,2022-02-11,360000.0,C for Deed,B-0045-0053-0000,5,1,0,1,0,1,1,1858,1951,Paved,Year Round,36 N 1150 W
96056,0.41,15.0,2022-02-15,2021-11-01,369900,432,6000,2022-03-23,380000.0,CONV,A-0906-0045-0000,3,2,1,0,1,1,1,2461,1999,Paved,,4575 N Oregon Trail
96061,40.0,100.0,2021-11-30,2021-11-02,899000,1414,0,2022-01-13,889000.0,CONV,E-0323-0006-0005,3,3,0,0,2,1,1,3628,1994,,Year Round,410 S 1200 W
96063,0.25,100.0,2022-01-01,2021-11-02,330000,408,0,2022-02-04,325000.0,FHA,B-1153-0014-0003-02,3,1,1,0,1,1,1,1988,1977,Paved,Year Round,2197 W Skyview Drive
96067,0.03,0.0,2021-11-10,2021-11-02,310000,0,0,2022-01-25,310000.0,CONV,B-1958-0018-000D,3,2,1,0,0,1,1,1420,2021,Paved,Year Round,3075 N 175 E
96068,0.03,0.0,2021-11-15,2021-11-02,305000,0,0,2022-01-25,303000.0,CONV,B-1958-0018-000C,3,2,1,0,0,1,1,1420,2021,Paved,Year Round,3073 N 175 E
96070,0.33,0.0,2022-03-11,2021-11-04,799000,0,0,2022-04-27,799000.0,VA,B-1811-0008-0000,3,3,0,0,1,1,1,2920,2021,Paved,,1482 N Knoll Street
96075,0.88,0.0,2021-11-29,2021-11-03,310000,0,0,2022-01-28,320000.0,FHA,A-0878-0003-0022,4,2,0,0,1,1,1,1554,1994,,Year Round,255 W Thoroughbred Way
96079,0.18,100.0,2022-02-25,2021-11-04,350000,918,0,2022-03-25,335000.0,CONV,B-0045-0073-0000,3,2,0,0,2,1,1,2028,1951,Paved,,67 N 1150 W
96087,0.36,100.0,2022-02-10,2021-11-04,1100000,2810,0,2022-06-14,1200000.0,CONV,B-1184-0002-0000,6,3,0,0,1,1,1,5413,2022,,Year Round,2090 S Estate Drive
96090,8.13,0.0,2021-12-28,2021-11-04,509900,0,0,2022-02-01,485000.0,CONV,D-0534-0002-0001-01,4,2,0,0,0,1,1,1809,1997,Paved,Year Round,4941 N 1700 W
96091,0.0,0.0,2021-12-01,2021-11-05,535000,0,2500,2022-01-03,555000.0,CONV,A-1205-0008-000D,2,2,0,0,1,1,1,1759,2006,Paved,Year Round,270 S Hwy 143 #8d
96098,0.29,0.0,2022-02-02,2021-11-05,450000,0,0,2022-03-07,450000.0,CONV,"A-1144-0001-0002-091,  A-1144-0001-0002-09, A-1144",2,0,0,2,1,1,1,1512,1972,,Year Round,134 N Lee Street
96108,0.18,0.0,2022-02-07,2021-11-05,269900,0,0,2022-03-07,274900.0,CONV,A-0511-0005-0034,2,1,0,0,1,1,1,992,1983,Paved,,242 S 800 W
96112,0.02,0.0,2021-11-20,2021-11-06,310000,0,3000,2022-01-04,305000.0,CONV,B-1869-0011-000D,3,2,1,0,0,1,1,1570,2007,Paved,Year Round,1177 N Northfield #28 Road
96123,0.32,0.0,2021-11-06,2021-11-05,440000,1353,0,2022-02-02,440000.0,CONV,A-0883-0003-0000,3,2,0,0,0,1,1,2881,2022,Paved,,1173 E 4375 North Lot 3 Settlers Square Phs 2
96133,0.3,40.0,2021-11-15,2021-11-09,599900,2650,0,2022-01-14,620000.0,CONV,B-1746-0004-0000,3,2,0,0,1,1,1,5139,2003,Paved,,2426 W 546 S
96135,0.23,100.0,2022-01-12,2021-11-10,599900,1337,0,2022-03-17,575000.0,CONV,B-1725-0003-0000,4,3,1,0,2,1,1,3185,2002,Paved,,2166 W 700 S
96137,0.27,0.0,2021-11-10,2021-11-10,405000,0,0,2022-03-30,417917.0,CASH,A-0883-0026-0000,3,2,0,0,0,1,1,1633,2022,Paved,,1175 E Southern Homestead Blvd Lot 26 Settlers Square Phs 2
96142,0.04,0.0,2021-11-10,2021-11-10,307900,0,0,2022-02-23,309400.0,FHA,B-2003-0054-0000,3,2,0,0,1,1,1,1454,2021,Paved,,1825 N Lund Highway #54
96146,0.03,0.0,2021-11-29,2021-11-10,310000,0,0,2022-01-25,310000.0,CONV,B-1958-0018-000A,3,2,1,0,0,1,1,1420,2021,Paved,Year Round,3069 N 175 E
96149,0.31,0.0,2021-11-09,2021-11-09,440000,1353,0,2022-03-14,440000.0,CASH,A-0883-0009-0000,3,2,0,0,0,1,1,2881,2022,Paved,,1039 E 4375 North Lot 9 Settlers Square Phs 2 N
96154,0.04,0.0,2022-03-10,2021-11-11,319000,0,0,2022-03-31,319000.0,CONV,B-2003-0052-0000,3,2,0,0,1,1,1,1454,2021,Paved,,1825 N Lund Highway #52
96155,0.04,0.0,2021-11-18,2021-11-11,310500,0,0,2022-04-08,312450.0,VA,B-2003-0053-0000,3,2,0,0,1,1,1,1454,2021,Paved,,1825 N Lund Highway #53
96156,0.03,0.0,2021-12-01,2021-11-11,139000,0,0,2022-02-08,130000.0,CASH,A-0504-0003-0003-32,1,1,0,0,0,1,1,396,2018,Paved,Year Round,332 Kari Foothills RV Park
96157,0.03,0.0,2022-07-25,2021-11-11,85000,0,0,2022-08-01,82000.0,CASH,A-0504-0003-0003-07,1,1,0,0,1,1,1,300,2018,Paved,Year Round,307 Beth Foothills RV Park
96160,2.4,100.0,2021-11-29,2021-11-12,769000,1477,0,2022-01-10,748000.0,CONV,D-0456-1007-0000,5,5,0,0,1,1,1,4489,2005,Unimproved,,4970 N 4225 W
96163,0.25,0.0,2021-11-29,2021-11-11,426500,1569,0,2022-01-03,426500.0,CASH,B-1834-0017-0000,3,2,0,0,1,1,1,3138,2021,Paved,Year Round,3769 W 1250 N
96170,0.04,0.0,2021-11-12,2021-11-12,307900,0,0,2022-03-24,308050.0,CONV,B-2003-0051-0000,3,2,0,0,1,1,1,1454,2021,Paved,,1825 N Lund Highway #51
96172,0.17,0.0,2021-11-30,2021-11-12,397500,0,0,2022-01-13,400000.0,Other,B-1582-0025-0000,3,2,0,0,1,1,1,1630,2004,Paved,,127 N 4125 W
96187,0.52,0.0,2022-03-11,2021-11-15,469000,0,0,2022-04-20,469000.0,CONV,A-0639-0063-0001,6,3,0,0,0,1,1,2696,2000,Paved,,310 S 100 W
102953,0.04,0.0,2023-09-16,2023-06-24,310000,0,0,2023-09-29,310000.0,CASH,B-2005-0016-0000,3,2,1,0,0,1,1,1623,2021,Paved,,287 W 1425 #16 N
96197,0.16,0.0,2021-12-28,2021-11-16,416500,0,0,2022-01-31,416500.0,CASH,D-1219-0031-0000,3,2,1,0,0,1,1,2066,2021,Paved,Year Round,1819 W 4700 N
96214,0.31,0.0,2021-11-18,2021-11-18,445000,0,0,2022-04-14,466897.0,CASH,A-0883-0036-0000,4,2,0,0,0,1,1,1912,2022,Paved,,"1188 E Southern Homestead Lot 36, Phs 2 Settlers Sq"
96215,0.03,0.0,2021-11-26,2021-11-17,310000,0,0,2022-01-04,300000.0,CONV,B-1958-0006-000F,3,2,1,0,0,1,1,1402,2017,Paved,Year Round,206 E 3025 N
96219,0.0,100.0,2022-02-23,2021-11-18,335000,0,0,2022-03-30,314000.0,CONV,A-1177-0007-000A,1,1,0,0,1,1,1,704,1984,Paved,Year Round,117 E Steam Engine #7a
96222,0.61,0.0,2021-12-06,2021-11-19,474900,0,0,2022-01-10,463000.0,CONV,D-1209-000G-0003,4,2,1,0,1,1,1,1689,2010,Paved,,1065 S 4375 W
96230,0.0,0.0,2022-02-16,2021-11-19,169000,0,0,2022-03-18,163600.0,CONV,A-1176-000B-0101,0,1,0,0,1,1,1,420,1984,Paved,Year Round,464 N Highway 143 unit B101 143 #b101
96234,0.32,0.0,2021-12-03,2021-11-18,435000,0,0,2022-02-11,435000.0,VA,A-0883-0007-0000,4,2,1,0,0,1,1,2314,2022,Paved,,1075 E 4375 North Lot 7 Settler's Square Phs 2
96236,0.26,0.0,2021-11-29,2021-11-20,415000,0,0,2022-02-11,415000.0,CASH,A-0883-0013-0000,3,2,0,0,0,1,1,1769,2022,Paved,,1048 E 4375 North Lot 13 Settlers Square Phs 2
96241,0.03,0.0,2022-01-17,2021-11-22,305000,0,0,2022-03-18,307000.0,CONV,B-1958-0018-000B,3,2,1,0,0,1,1,1420,2021,Paved,Year Round,3071 N 175 E
96244,0.47,0.0,2022-02-10,2021-11-22,299999,0,3000,2022-04-21,298000.0,VA,A-0997-0003-0000,1,1,0,0,0,1,1,795,2021,,Year Round,5540 N 500 E
96254,0.55,0.0,2022-01-03,2021-11-22,435000,0,0,2022-02-24,435000.0,CONV,D-1207-000B-0002,3,2,0,0,1,1,1,1620,2005,Paved,,835 S 4300 W
96261,0.06,0.0,2021-11-24,2021-11-24,359000,0,0,2022-02-15,352000.0,CASH,B-1995-0003-0044,3,2,0,0,1,1,1,1453,2016,Paved,Year Round,1476 N 500 W
96262,0.34,0.0,2022-02-24,2021-11-24,649000,0,0,2022-03-31,630000.0,CONV,B-1607-0021-0000,3,3,1,0,0,1,1,3428,1999,Paved,,2358 W 546 S
96283,0.03,0.0,2021-12-02,2021-11-29,335000,0,0,2022-01-07,345000.0,CONV,B-1848-0003-0001,3,2,1,0,1,1,1,1672,2019,Paved,,3084 W 1750 #1 N
96288,0.02,0.0,2021-12-02,2021-11-29,275000,0,0,2022-01-04,275000.0,CONV,B-1955-0015-000C,3,2,1,0,1,1,1,1578,2008,Paved,Year Round,1295 N North Cedar #15 Boulevard
96290,0.21,0.0,2021-12-03,2021-11-29,362500,0,0,2022-02-02,362500.0,CONV,B-1873-0020-0000,3,2,1,0,0,1,1,1817,2022,Paved,Year Round,44 E 820 S
96292,0.11,0.0,2021-12-22,2021-11-29,362500,0,0,2022-02-03,349375.0,CONV,B-1873-0007-0000,3,2,1,0,0,1,1,1817,2022,Paved,Year Round,56 E 820 S
96293,0.11,0.0,2021-12-02,2021-11-29,362500,0,0,2022-01-28,362500.0,CASH,B-1873-0007-0001,3,2,1,0,0,1,1,1817,2021,Paved,Year Round,58 E 820 S
96299,0.02,0.0,2021-12-16,2021-11-30,300000,0,5000,2022-04-08,305000.0,FHA,B-1985-0002-0037,3,2,1,0,0,1,1,1561,2016,Paved,,1677 N Main Street #37 Meadow Crest #37
96315,0.18,100.0,2021-12-07,2021-12-02,379900,1177,6196,2022-01-07,411000.0,CONV,B-1098-0026-0000,6,3,0,0,0,1,1,2354,1999,Paved,Year Round,685 W 500 S
96318,0.38,100.0,2021-12-14,2021-12-02,499000,1935,0,2022-02-09,499000.0,CONV,B-1113-0012-0006-01,5,3,0,0,1,1,1,3876,2002,Paved,,1932 W 150 S
96319,0.43,0.0,2021-12-18,2021-12-02,435000,1549,0,2022-02-16,525000.0,CONV,A-0974-0121-0000,3,2,0,0,0,1,1,3108,2021,Paved,,4285 N Gold Dust Trail Street
96324,0.0,0.0,2021-12-14,2021-12-02,339000,0,0,2022-01-27,325000.0,CONV,A-1148-0001-0003-227,2,2,0,0,1,1,1,980,1974,,Year Round,356 S Hwy 143 #N-21 (N5)
96326,0.21,0.0,2022-02-04,2021-12-02,410000,0,0,2022-04-29,410000.0,FHA,B-1999-0002-0000,3,2,0,0,1,1,1,1400,2019,Paved,,207 N 2875 W
96331,0.6,60.0,2021-12-07,2021-12-03,390000,1133,0,2022-02-04,393000.0,FHA,A-0977-0022-0000,4,3,0,0,0,1,1,2179,2007,Paved,,4916 N Albert Drive
96332,0.5,0.0,2022-01-13,2021-12-03,444600,0,0,2022-02-25,440000.0,CONV,D-1209-000D-0001,3,2,0,0,0,1,1,1550,2021,Paved,Year Round,1180 S 4475 W
96334,0.36,100.0,2022-01-06,2021-12-02,629900,0,0,2022-02-07,640000.0,CONV,A-1144-0001-0002-05,2,3,0,0,1,2,1,2850,1984,Paved,Year Round,238 N Aoki Michi
96335,0.13,0.0,2021-12-08,2021-12-04,275000,0,500,2022-01-07,285000.0,CONV,B-1101-0004-0000,3,2,0,0,1,1,1,1099,1993,Paved,,561 S 225 W
96342,0.49,0.0,2022-02-17,2021-12-07,570000,0,0,2022-03-21,570000.0,CONV,D-1210-0014-00AM,3,3,0,0,0,1,1,2504,2022,Paved,,3967 N Monarch Drive
96346,0.27,0.0,2021-12-07,2021-12-06,415000,0,0,2022-01-28,415000.0,CONV,A-0883-0015-0000,4,2,0,0,0,1,1,1912,2022,Paved,,1072 E 4375 North Lot 15 Settlers Square Phs 2
96349,0.46,0.0,2022-02-19,2021-12-07,480000,0,0,2022-04-08,485000.0,CASH,A-0907-0013-0000,3,2,0,0,0,1,1,1800,2022,Paved,Year Round,4241 N Tomahawk (Lot 13) Drive
96354,0.0,0.0,2021-12-10,2021-12-07,325000,0,4000,2022-01-18,340000.0,CONV,A-1173-0006-0000,2,1,0,1,1,1,1,930,1981,Paved,,407 S Vasels (fka Brian Head Blvd) #6
96358,0.36,50.0,2022-03-11,2021-12-08,549000,1702,0,2022-04-01,540000.0,CONV,D-1210-0010-00AM,4,2,0,0,0,1,1,3404,2018,Paved,,3905 N Native Dancer Drive
96359,0.24,0.0,2022-01-22,2021-12-08,535000,0,0,2022-02-11,535000.0,CONV,B-1425-0012-0000,3,2,0,0,1,1,1,1951,2004,Paved,,774 S Ridge Road
96360,0.42,100.0,2021-12-14,2021-12-08,499000,1663,2000,2022-01-17,499000.0,CONV,A-0974-0001-0000,6,3,0,0,0,1,1,3327,2008,Paved,Year Round,4591 N Half Mile Road Road
96361,0.02,0.0,2022-03-22,2021-12-08,295000,0,0,2022-05-04,290000.0,CASH,B-1976-0023-0073,3,2,1,0,0,1,1,1346,2010,Paved,Year Round,1177 N Northfield #73 Road
96362,2.49,0.0,2022-01-19,2021-12-08,529999,0,0,2022-02-07,515000.0,CASH,D-0504-0001-0015-018,3,2,0,0,1,1,1,1882,2011,Unimproved,Year Round,2496 W 6000 N
96366,0.18,100.0,2022-01-18,2021-12-09,425000,1125,0,2022-02-18,426000.0,CONV,B-1013-0023-0000,5,3,0,0,0,1,1,2250,1961,Paved,,593 S Sunset Drive
96372,0.48,90.0,2022-01-15,2021-12-09,700000,1348,0,2022-02-28,620000.0,CONV,A-0917-0012-0000,6,3,1,0,1,2,1,4483,2005,Paved,Year Round,5169 N Hillcrest N Circle
96374,0.61,100.0,2021-12-13,2021-12-08,395000,688,0,2022-01-27,415000.0,CONV,B-0065-0077-0000,5,3,0,0,2,1,1,2360,1968,Paved,,470 E Parkway Drive
96375,0.18,0.0,2022-01-05,2021-12-10,350000,0,5000,2022-04-15,350000.0,FHA,B-1381-0001-0002,3,2,0,0,0,1,1,1387,1993,Paved,,410 W 1045 N
96376,0.24,0.0,2022-03-01,2021-12-13,480000,0,0,2022-06-01,480000.0,CONV,B-1842-0003-0000,3,2,0,0,0,1,1,1837,2022,Paved,,3351 Spring W
96377,0.19,0.0,2022-02-16,2021-12-13,565000,0,0,2022-06-08,550000.0,CONV,B-2016-0003-0000,3,3,0,0,0,1,1,2504,2022,Paved,,3341 Spring Circle W
96381,1.0,0.0,2022-01-21,2021-12-10,469900,0,0,2022-04-11,491304.0,CONV,E-0258-0003-0000,3,2,0,0,0,1,1,1600,2021,Paved,,5189 W 3400 S
96385,0.0,0.0,2021-12-16,2021-12-10,249900,0,0,2022-01-19,249900.0,CONV,A-1176-000B-0215,1,1,0,0,1,1,1,701,1986,Paved,,464 N Hwy 143 #B215
96386,0.53,0.0,2022-02-17,2021-12-11,345000,0,0,2022-03-24,345000.0,CONV,D-0527-0001-0002-08,3,2,0,0,1,1,1,1620,1996,Paved,Year Round,2735 W 5075 N
96387,0.0,0.0,2021-12-29,2021-12-11,274999,0,0,2022-01-25,270000.0,CONV,A-1178-0217-0000,1,1,0,0,1,1,1,846,1983,,Year Round,150 W Ridgeview Unit# 217 Street
96388,0.25,0.0,2021-12-20,2021-12-12,475000,0,0,2022-02-04,485000.0,CONV,B-1732-0005-0000,3,2,0,0,1,1,1,1862,2006,Paved,Year Round,2283 W Crestview Circle
96389,0.26,0.0,2021-12-10,2021-12-10,418000,0,0,2022-03-18,418000.0,CONV,A-0883-0027-0000,3,2,0,0,0,1,1,1779,2022,Paved,,1167 E Southern Homestead Lot 27 Settlers Square Phs 2 Boulevard
96400,0.26,0.0,2021-12-14,2021-12-13,440000,0,0,2022-04-06,440000.0,FHA,A-0883-0029-0000,4,2,1,0,0,1,1,2118,2022,Paved,,1131 E Southern Homestead Settlers Square Phs 2 Lot 29
96404,0.52,0.0,2022-01-31,2021-12-08,239900,0,0,2022-02-10,232000.0,CASH,A-0876-0000-000T-07,3,1,0,0,0,1,1,1408,1996,Paved,Year Round,4324 N Maple Lane
96405,0.02,100.0,2021-12-30,2021-12-14,226900,544,0,2022-02-04,228000.0,VA,B-1380-0027-0000,2,1,1,0,0,1,1,1088,1993,Paved,,99 N 1850 #27 W
96408,0.03,0.0,2021-12-17,2021-12-15,319900,0,0,2022-01-20,325000.0,CONV,B-1577-0004-0000,3,2,1,0,0,1,1,1623,2020,,Year Round,2089 N 350 #4 W
96415,0.03,0.0,2022-02-18,2021-12-15,310000,0,0,2022-03-31,315000.0,CONV,B-1958-0025-000H,3,2,1,0,0,1,1,1420,2021,Paved,Year Round,3074 N 175 E
96418,0.34,0.0,2022-01-10,2021-12-13,535000,0,0,2022-03-01,535000.0,CONV,D-1210-0006-0000,4,2,1,0,0,1,1,2484,2013,Paved,,3843 Native Dancer Drive
96421,0.0,0.0,2021-12-19,2021-12-16,335000,0,2000,2022-01-21,350000.0,CASH,A-1173-0068-0000,2,1,0,1,1,1,1,963,1981,,Year Round,407 S Vasels Rd #68 #68
96422,1.03,100.0,2021-12-20,2021-12-16,550000,1504,0,2022-02-11,570000.0,CONV,D-1190-000B-0002,6,4,0,0,1,1,1,4350,1995,Paved,Year Round,4304 W 575 N
96423,0.0,100.0,2022-01-20,2021-12-16,279900,514,0,2022-02-10,279900.0,CASH,B-1151-0001-0004-127,3,3,1,0,0,1,1,1542,1974,Paved,Year Round,923 S Three Fountains #153 Drive
96424,0.26,0.0,2021-12-16,2021-12-15,365000,0,0,2022-03-24,365272.0,CASH,A-0883-0028-0000,3,2,0,0,0,1,1,1546,2022,Paved,,1153 E Southern Homestead Blvd Lot 28 Settlers Square Phs 2
96425,0.27,100.0,2022-01-21,2021-12-16,785000,1708,0,2022-02-28,755000.0,CONV,B-1619-0014-0000,6,4,0,0,2,2,2,4533,2003,Paved,Year Round,614 S 400 E
96426,0.11,100.0,2022-02-07,2021-12-16,340000,968,0,2022-02-15,335000.0,CASH,B-1562-0005-0000,5,3,0,0,0,1,1,1936,1999,Paved,,219 E 820 S
96427,0.03,0.0,2022-01-07,2021-12-16,325000,0,0,2022-02-01,315000.0,CASH,B-1976-0019-0062,3,2,1,0,0,1,1,1848,2009,,Year Round,1177 N Northfield #62
96428,0.58,100.0,2022-01-17,2021-12-16,340000,900,0,2022-02-14,345000.0,CONV,A-0779-0036-0001,5,2,0,0,1,1,1,1800,1977,Paved,,4673 N Enoch Road
96429,0.36,100.0,2022-05-18,2021-12-16,699900,1865,0,2022-06-22,685000.0,CASH,A-2056-0013-0000,5,3,1,0,1,1,1,3730,2005,Paved,Year Round,320 S 1125 W
96430,0.88,100.0,2022-01-21,2021-12-16,397400,1008,4000,2022-03-04,390000.0,FHA,A-0878-0003-0008,5,3,0,0,1,1,1,3192,1977,Paved,Year Round,3650 N Driftwood Lane
96432,0.02,0.0,2021-12-20,2021-12-17,255000,0,0,2022-01-14,254700.0,CONV,B-1891-0007-0000,3,2,1,0,0,1,1,1365,2007,Paved,,370 W 1425 #7 N
96436,0.12,0.0,2021-12-24,2021-12-17,348500,0,6000,2022-01-31,354500.0,CONV,A-2060-0014-0000,3,2,0,0,0,1,1,1345,2018,Paved,,2269 W 450 S
96445,0.52,100.0,2022-02-21,2021-12-18,565000,1521,0,2022-04-04,565000.0,CONV,D-1209-000D-0014,5,3,0,0,1,1,1,3042,2016,Paved,,822 S 4475 W
96446,0.03,0.0,2021-12-31,2021-12-19,300000,0,6750,2022-02-09,307000.0,CONV,B-1958-0038-000F,3,2,1,0,0,1,1,1402,2020,Paved,Year Round,265 E 3100 N
96451,0.0,0.0,2021-12-22,2021-12-18,565000,0,0,2022-01-31,585000.0,CONV,A-1205-0009-000D,2,2,0,0,1,1,1,1759,2006,Paved,,270 S Hwy 143 #9D
96458,2.62,100.0,2022-05-31,2021-12-20,525000,1196,0,2022-07-18,525000.0,VA,E-0209-0001-0006-14,4,2,0,0,1,1,1,2392,1998,Paved,,1168 S 4700 W
96459,0.0,0.0,2021-12-22,2021-12-20,290000,0,0,2022-01-28,290000.0,CONV,A-1150-0002-0002-12,2,1,0,0,1,1,1,736,1970,Paved,,356 S Highway 143 #C4
96461,0.38,100.0,2022-01-03,2021-12-20,419000,1272,0,2022-02-07,409750.0,Other,B-1151-0004-0002-17,5,2,0,1,2,1,1,2544,1983,Paved,,1293 W 1020 S
96465,0.06,0.0,2022-01-21,2021-12-22,335000,0,0,2022-04-11,331250.0,CONV,B-1995-0003-0030,3,2,0,0,0,1,1,1550,2022,Paved,Year Round,1461 N 400 W
96466,0.06,0.0,2022-01-21,2021-12-22,335000,0,0,2022-04-11,331250.0,CONV,B-1995-0003-0031,3,2,0,0,0,1,1,1550,2022,Paved,,1459 N 400 W
96476,0.16,10.0,2021-12-29,2021-12-23,399500,1169,0,2022-02-10,385000.0,CONV,B-1803-0002-0000,3,2,0,0,0,1,1,2338,2008,Paved,Year Round,99 N 4275 W
96480,0.09,0.0,2022-01-10,2021-12-23,347900,0,0,2022-02-15,347900.0,CASH,A-2060-0036-0000,3,2,0,0,0,1,1,1345,2017,Paved,,2232 W 475 S
96481,0.24,100.0,2021-12-31,2021-12-27,575000,1874,0,2022-01-31,575000.0,CONV,B-1747-0005-0000,6,3,0,0,1,2,1,3759,2005,Paved,,3836 W 1475 N
96485,0.46,0.0,2021-12-29,2021-12-27,390000,300,0,2022-02-04,397500.0,CONV,A-0662-0003-0000,3,2,0,0,1,1,1,1956,1971,Paved,Year Round,60 S 100 W
96486,0.03,0.0,2022-01-04,2021-12-27,305000,0,0,2022-04-04,305000.0,CONV,B-1958-0025-000F,3,2,1,0,0,1,1,1420,2022,Paved,Year Round,3070 N 175 E
96487,0.23,100.0,2022-01-13,2021-12-27,474900,418,0,2022-01-27,482000.0,CASH,B-1114-0003-0005-03,4,2,1,0,1,1,1,3118,1993,Paved,,2020 W 265 S
96488,0.62,100.0,2022-03-15,2021-12-27,799950,996,0,2022-04-14,815000.0,VA,A-1138-0012-0001,3,2,0,0,1,1,1,1992,2017,,Year Round,237 Circle Drive
96491,0.21,0.0,2022-03-10,2021-12-27,289000,0,0,2022-04-22,279500.0,CASH,B-0006-0021-0000,3,1,0,0,0,1,1,1025,1953,Paved,Year Round,225 N 1400 W
96493,0.09,0.0,2021-12-31,2021-12-28,327277,0,0,2022-01-31,327500.0,CASH,B-1870-0105-000S,3,2,1,0,0,1,1,1577,2016,Paved,,2727 N Clark Parkway
96501,0.16,0.0,2022-01-06,2021-12-29,350000,0,1100,2022-02-08,362000.0,CONV,B-1096-0001-0000,3,2,0,0,0,1,1,1385,1952,Paved,,397 W 400 S
96502,1.33,0.0,2022-01-28,2021-12-30,449900,0,0,2022-03-14,410000.0,CONV,A-0507-0009-0000,3,2,0,0,0,1,1,1500,1997,Paved,Year Round,618 W Old Highway 91
96503,0.8,0.0,2022-03-31,2021-12-30,499000,0,0,2022-04-27,459000.0,CONV,E-0843-0002-0001-114,3,2,1,0,1,1,1,1800,2018,,Year Round,3915 S Artifact Drive
96505,1.23,0.0,2021-12-31,2021-12-30,469900,0,0,2022-01-25,465000.0,CONV,D-0456-1230-0000,3,2,1,0,1,1,1,1600,2021,,Year Round,5863 N 3425 W
96507,0.0,0.0,2022-01-02,2021-12-30,215000,0,0,2022-01-28,215000.0,CONV,A-1150-0001-0003-08A,1,1,0,0,1,1,1,670,1974,Paved,Year Round,89 E Steam Engine #8A Drive
96509,0.08,0.0,2022-03-10,2021-12-31,72000,0,0,2022-03-31,66000.0,CONV,B-1567-0014-0000,3,1,0,0,0,1,1,938,1971,Paved,Year Round,465 N 800 W Unit 8
96510,1.02,0.0,2022-01-10,2021-12-31,375000,0,0,2022-02-15,357000.0,CONV,E-0258-0049-0001,4,3,0,0,1,1,1,2104,2000,Paved,Year Round,3215 S 5225 W
96522,5.0,0.0,2022-02-15,2022-01-03,225000,0,0,2022-03-14,212500.0,CASH,E-0234-0016-0000,3,1,0,0,0,1,1,1040,1973,Unimproved,,1706 S 8100 W
96523,0.43,100.0,2022-01-07,2022-01-03,450000,1272,0,2022-02-22,456000.0,VA,A-0840-0003-0011,4,3,0,0,2,1,1,2561,1997,Paved,,4469 N Old Scout Trail
96526,0.2,100.0,2022-01-27,2022-01-03,324900,970,6945,2022-03-07,312000.0,CONV,B-1135-0074-0000,4,2,0,0,1,1,1,1940,0,Paved,,1190 S 860 W W
96533,0.1,0.0,2022-01-07,2022-01-03,364900,0,0,2022-02-03,350000.0,CONV,B-1895-0043-0000,2,2,0,0,0,1,1,1488,2018,Paved,,2351 W 775 S;;;2351 Crescent Heights W
96538,0.03,0.0,2022-05-17,2022-01-04,320000,0,0,2022-08-02,319900.0,CONV,B-1958-0025-000D,3,2,1,0,0,1,1,1420,2022,Paved,Year Round,3066 N 175 E
96542,0.03,0.0,2022-01-24,2022-01-05,329900,0,0,2022-03-15,329900.0,CONV,B-1179-0035-0000,3,2,1,0,1,1,1,1716,2020,Paved,Year Round,1549 N Northfield RD. Unit # 35
96549,0.0,0.0,2022-01-09,2022-01-06,375000,0,0,2022-02-04,375000.0,CONV,A-1173-0047-0000,2,1,0,1,1,1,1,930,1981,Paved,Year Round,407 S Vasels Rd #47
96550,0.46,0.0,2022-01-23,2022-01-06,405000,0,0,2022-02-18,410000.0,CONV,A-0974-0034-0000,3,2,0,0,0,1,1,1435,2019,Paved,Year Round,4357 N Prospector Lane
96552,0.3,0.0,2022-01-25,2022-01-05,738575,0,0,2022-02-07,738575.0,CASH,B-2007-0042-00AM,3,2,1,0,1,1,1,2234,2021,Paved,,865 S Cliffs Drive
96553,0.04,0.0,2022-01-06,2022-01-06,313900,0,0,2022-05-16,313900.0,CONV,B-2003-0056-0000,3,2,0,0,1,1,1,1454,2022,Paved,,1825 N Lund Highway #56
96555,0.04,0.0,2022-01-06,2022-01-06,311900,0,0,2022-05-17,311900.0,CONV,B-2003-0057-0000,3,2,0,0,0,1,1,1454,2022,Paved,,1825 N Lund Highway #57
96557,0.04,0.0,2022-01-06,2022-01-06,311900,0,0,2022-05-27,314850.0,CONV,B-2003-0055-0000,3,2,0,0,0,1,1,1454,2022,Paved,,1825 N Lund Highway #55
96558,0.04,0.0,2022-01-06,2022-01-06,311900,0,0,2022-05-25,321575.0,FHA,B-2003-0058-0000,3,2,0,0,0,1,1,1454,2022,Paved,,1825 N Lund Hwy #58
96559,0.29,100.0,2022-02-09,2022-01-06,285000,220,0,2022-03-10,290000.0,CONV,B-0028-0001-0000,3,1,0,0,2,1,1,1507,1953,Paved,,373 N 400 W
96561,1.11,100.0,2022-01-11,2022-01-05,549900,1587,0,2022-02-08,549900.0,CASH,D-0741-0002-0002,4,3,0,0,2,1,1,3174,1998,Paved,,2873 N 2300 W
96564,0.03,0.0,2022-01-11,2022-01-05,395000,0,0,2022-03-15,395000.0,CONV,B-2006-0004-0001,2,2,0,0,1,1,1,1606,2021,Paved,Year Round,908 S Lincoln #1
96565,0.03,0.0,2022-03-14,2022-01-05,386795,0,0,2022-04-01,386795.0,CONV,B-2006-0004-0002,2,2,1,0,0,1,1,1675,2021,Paved,Year Round,908 S Lincoln #2
96566,0.03,0.0,2022-02-16,2022-01-05,413811,0,0,2022-03-15,413841.0,CONV,B-2006-0004-0003,3,2,1,0,0,1,1,1792,2021,Paved,Year Round,908 S Lincoln #3
96567,0.03,0.0,2022-05-27,2022-01-05,413811,0,0,2022-06-21,413811.0,CONV,B-2006-0004-0004,3,2,1,0,0,1,1,1792,2021,Paved,Year Round,908 S Lincoln #4
96568,0.03,0.0,2022-10-03,2022-01-05,386795,0,0,2022-10-07,385000.0,CASH,B-2006-0004-0005,2,2,1,0,0,1,1,1675,2021,Paved,Year Round,908 S Lincoln #5
96578,0.42,10.0,2022-01-19,2022-01-07,450000,0,0,2022-06-17,450000.0,CONV,124,3,2,0,0,0,1,1,1457,2022,Paved,,4237 N Gold Dust Trail Street
96584,0.02,100.0,2022-01-12,2022-01-07,305000,0,0,2022-02-10,314000.0,CONV,B-1386-0038-0000,3,2,1,0,0,1,1,1608,2019,Paved,Year Round,1563 S Topaz #C Drive
96586,0.16,0.0,2022-01-18,2022-01-10,385000,0,0,2022-03-01,395000.0,CONV,B-1615-0001-0000,4,2,1,0,0,1,1,1558,2006,Paved,,2665 N 550 W
96591,0.02,0.0,2022-01-12,2022-01-07,340000,0,0,2022-02-17,337000.0,FHA,B-2005-0017-0000,3,2,1,0,0,1,1,1623,2021,Paved,Year Round,287 W 1425 N #17
96594,0.44,0.0,2022-01-20,2022-01-10,640000,0,12500,2022-05-18,640000.0,CONV,A-2065-0009-0000,4,3,0,0,1,1,1,2541,2022,Paved,,1583 W Flint Circle
96597,1.02,0.0,2022-02-28,2022-01-11,430000,1782,0,2022-04-05,425000.0,FHA,E-0258-0005-0000,4,2,0,0,0,1,1,3564,1993,Paved,,3427 S 5175 W
96600,0.37,80.0,2022-01-11,2022-01-11,425000,1200,5000,2022-02-11,430000.0,CONV,B-1812-0025-0000,3,3,0,0,0,1,1,2400,2017,Paved,,1221 E Ashdown Forest Road
96608,0.02,0.0,2022-01-13,2022-01-12,288000,0,0,2022-02-10,290000.0,CONV,B-1955-0004-000A,3,2,1,0,1,1,1,1578,2007,Paved,,1295 N Cedar #4 Boulevard
96620,0.03,0.0,2022-01-19,2022-01-12,299900,0,0,2022-02-28,312000.0,CONV,B-1958-0038-000A,3,2,1,0,0,1,1,1402,2020,Paved,,275 E 3100 N
96624,0.08,0.0,2022-02-17,2022-01-12,285000,0,0,2022-03-14,285000.0,FHA,B-0360-0002-000A-02,2,2,0,0,0,1,1,1073,1998,Paved,,334 S 400 E #2
96625,0.04,0.0,2022-01-17,2022-01-12,329000,0,0,2022-02-18,341000.0,CASH,B-2003-0038-0000,3,2,0,0,1,1,1,1476,2021,Paved,,1825 N Lund #38
96627,7.59,0.0,2022-01-14,2022-01-12,799900,0,0,2022-02-11,800000.0,CONV,E-0235-0001-0008-07,4,2,1,0,2,1,1,3033,2018,Paved,,8459 W 2800 S
96631,0.49,0.0,2022-01-18,2022-01-13,449900,0,0,2022-02-28,449900.0,CONV,A-0955-0003-0000,4,2,0,0,1,1,1,2024,2017,Paved,,4874 N 300 E
96633,0.03,0.0,2022-01-17,2022-01-12,285000,0,0,2022-02-28,285000.0,CONV,B-1386-0013-0000,2,2,1,0,0,1,1,1420,2019,Paved,Year Round,1595 S 1450 W
96635,0.64,100.0,2022-01-23,2022-01-14,989000,2116,0,2022-02-22,975000.0,VA,B-1764-0013-0000,7,3,1,1,1,1,1,4384,2022,Paved,,2710 W Carmel Estates Lot 13 Drive
96641,0.24,0.0,2022-01-16,2022-01-14,459900,0,0,2022-03-15,455000.0,CONV,B-1801-0007-0000,4,2,0,0,0,1,1,1856,2006,,Year Round,157 S 4100 W
96648,0.13,0.0,2022-03-09,2022-01-14,429900,0,0,2022-03-21,419000.0,CASH,B-1832-0041-000E,3,2,1,0,0,1,1,1600,2019,Paved,,1277 W 1650 S
96651,0.0,0.0,2022-01-18,2022-01-11,449900,0,0,2022-03-07,445000.0,CONV,A-1150-0002-0001-011,2,2,0,0,1,1,1,1260,1973,Paved,Year Round,312 S Highway 143 #1A (Aspens #1A)
96653,9.77,0.0,2022-04-15,2022-01-15,860000,0,0,2022-05-31,840000.0,CONV,D-0534-0002-0013,4,3,0,0,0,1,1,2118,2018,Paved,,5432 N 1700 W
96654,0.1,0.0,2022-03-09,2022-01-15,269900,0,0,2022-03-30,272300.0,FHA,A-2060-0006-0000,3,2,0,0,1,1,1,1475,2005,Paved,Year Round,2254 W 450 S
96655,0.33,100.0,2022-01-17,2022-01-15,1099000,812,0,2022-02-09,1125000.0,CONV,A-1192-0002-0000,3,2,0,2,2,1,1,3019,2005,Paved,,232 W Ridge View Street
96659,0.5,0.0,2022-01-21,2022-01-17,350000,0,0,2022-02-25,350000.0,CONV,D-1189-000B-0014,3,2,0,0,0,1,1,1248,1994,Paved,,4188 W 525 N
96661,0.53,0.0,2022-01-19,2022-01-17,399900,0,0,2022-02-28,395000.0,FHA,D-0527-0001-0002-20,3,2,1,0,1,1,1,1714,1997,Paved,,2730 W 4850 N
96663,0.23,100.0,2022-01-18,2022-01-17,545000,1600,0,2022-03-30,545000.0,CONV,B-1866-0041-0000,5,3,0,0,1,1,1,3200,2014,Paved,,4002 W 175 S
96972,0.39,0.0,2022-02-23,2022-02-14,629999,0,0,2022-02-23,625000.0,CASH,B-2001-0034-0000,4,3,0,0,0,1,1,2345,2022,Paved,,2988 W 2025 S Circle
96973,0.27,0.0,2022-02-14,2022-02-14,422000,0,6000,2022-05-10,425292.0,CONV,B-2020-0096-0000,3,2,0,0,0,1,1,1650,2022,Paved,,4568 W 275 (Lot 96) N
96974,0.26,0.0,2022-06-25,2022-02-11,445000,0,0,2022-07-27,445000.0,CASH,B-2020-0099-0000,4,2,0,0,0,1,1,1857,2022,Paved,,4628 W 275 (Lot 99) N
96975,0.26,50.0,2022-03-18,2022-02-14,469000,1176,0,2022-06-14,469000.0,CASH,B-2020-0108-0000,3,2,1,0,0,1,1,2595,2022,Paved,,4629 W 275 (Lot 108) N
96976,0.3,10.0,2022-03-03,2022-02-14,494000,1655,0,2022-06-02,516530.0,CONV,B-2020-0109-0000,3,2,0,0,0,1,1,3519,2022,Paved,,4611 W 275 (Lot 109) N
96978,0.02,0.0,2022-03-10,2022-02-14,344900,0,6000,2022-04-30,350900.0,Utah Hsng,B2021-0002-0000,3,2,1,0,1,1,1,1734,2022,Paved,,668 E Fiddlers Cove Drive #2
96979,0.02,0.0,2022-04-06,2022-02-14,349900,0,0,2022-05-13,349900.0,CASH,B-2021-0003-0000,3,2,1,0,1,1,1,1734,2022,Paved,,668 E Fiddlers Cove Drive #3
96980,0.02,0.0,2022-02-17,2022-02-14,349900,0,0,2022-04-29,349900.0,CONV,B-2021-0004-0000,3,2,1,0,1,1,1,1734,2022,Paved,,668 E Fiddlers Cove Drive #4
96981,0.02,0.0,2022-03-02,2022-02-14,349900,0,0,2022-06-30,349900.0,CASH,B-2021-0005-0000,3,2,1,0,1,1,1,1734,2022,Paved,,668 E Fiddlers Cove Drive #5
96982,0.02,0.0,2022-02-17,2022-02-14,344900,0,0,2022-04-29,344900.0,CONV,B-2021-0006-0000,3,2,1,0,1,1,1,1734,2022,Paved,,668 E Fiddlers Cove Drive #6
96983,0.02,0.0,2022-02-16,2022-02-14,344900,0,0,2022-06-13,344900.0,CASH,B-2021-0007-0000,3,2,1,0,1,1,1,1734,2022,Paved,,668 E Fiddlers Cove Drive #7
96984,0.02,0.0,2022-02-21,2022-02-14,349900,0,0,2022-05-25,349900.0,CONV,B-2021-0009-0000,3,2,1,0,1,1,1,1734,2022,Paved,,668 E Fiddlers Cove Drive #9
96985,0.02,0.0,2022-03-11,2022-02-14,344900,0,0,2022-07-08,344900.0,CONV,B-2021-0010-0000,3,2,1,0,1,1,1,1734,2022,Paved,,668 E Fiddlers Cove Drive #10
96986,0.02,0.0,2022-03-18,2022-02-14,344900,0,0,2022-06-30,344900.0,CONV,B-2021-0011-0000,3,2,1,0,1,1,1,1734,2022,Paved,,668 E Fiddlers Cove Drive #11
96987,0.02,0.0,2022-06-24,2022-02-14,354900,0,0,2022-07-14,354900.0,CONV,B-2021-0012-0000,3,2,1,0,1,1,1,1734,2022,Paved,,668 E Fiddlers Cove Drive #12
96990,0.26,0.0,2022-02-15,2022-02-14,400000,0,0,2022-05-03,400000.0,CASH,A-0883-0030-0000,3,2,0,0,0,1,1,1636,2022,Paved,,1109 E Southern Homestead Blvd Settlers Square Phs 2 Lot 30
96991,0.26,40.0,2022-02-15,2022-02-14,517675,1639,0,2022-08-01,533086.0,CONV,A-1034-0006-0000,4,3,0,0,1,1,1,3457,2022,Paved,,"1077 E Southern Homestead Blvd Phs 3, Lot 6 Settlers Square"
96993,0.28,0.0,2022-02-16,2022-02-14,440000,0,0,2022-04-19,445000.0,CONV,A-0883-0037-0000,5,2,1,0,1,1,1,2300,2022,Paved,,4318 N Alpal Trail Settlers Square Phs 2 Lot 37
96994,0.02,0.0,2022-02-15,2022-02-14,349900,0,0,2022-04-18,349900.0,CONV,B-2021-0001-0000,3,2,1,0,1,1,1,1734,2022,Paved,,668 E Fiddlers Cove Drive #1
97016,0.15,0.0,2022-02-22,2022-02-16,365000,0,0,2022-07-20,367200.0,CONV,B-2017-0002-000E,3,2,1,0,0,1,1,1673,2022,Paved,,2632 W Meadow (Lot 2 E) Street
97019,0.2,0.0,2022-02-18,2022-02-16,410000,0,0,2022-06-27,424480.0,CONV,B-2017-0026-0000,3,2,0,0,0,1,1,1412,2022,Paved,,176 N Strathmore (Lot 26) Lane
97021,0.2,0.0,2022-02-27,2022-02-16,440000,0,0,2022-06-17,421194.0,CONV,B-2017-0027-0000,4,2,0,0,0,1,1,1695,2022,Paved,,192 N Strathmore (Lot 27) Lane
97022,0.21,0.0,2022-03-28,2022-02-16,485000,0,0,2022-07-08,495900.0,CONV,B-2017-0028-0000,5,2,1,0,0,1,1,2300,2022,Paved,,204 N Strathmore (Lot 28) Lane
97024,0.15,0.0,2022-02-16,2022-02-16,365000,0,0,2022-08-29,371500.0,CONV,B-2017-0003-000W,3,2,1,0,0,1,1,1673,2022,Paved,,2624 W Meadow (Lot 3 W) Street
97025,0.15,0.0,2022-02-16,2022-02-16,365000,0,0,2022-08-29,371500.0,CONV,B-2017-0003-000E,3,2,1,0,0,1,1,1673,2022,Paved,,2616 W Meadow (Lot 3 E) Street
97026,0.14,0.0,2022-02-16,2022-02-16,365000,0,0,2022-08-29,371500.0,CONV,B-2017-0004-000W,3,2,1,0,0,1,1,1673,2022,Paved,,2592 W Meadow (Lot 4 W) Street
97027,0.14,0.0,2022-02-16,2022-02-16,365000,0,0,2022-08-29,371500.0,CONV,B-2017-0004-000E,3,2,1,0,0,1,1,1673,2022,Paved,,2584 W Meadow (Lot 4 E) Street
97028,0.0,0.0,2022-04-26,2022-02-16,399000,0,0,2022-05-18,380000.0,CASH,A-1150-0001-0003-09B,1,1,0,1,1,1,1,1678,1981,Paved,,89 E Steam Engine Dr. #9b
97030,0.18,100.0,2022-04-05,2022-02-16,385000,1013,0,2022-05-04,385000.0,FHA,A-0511-0005-0005,4,1,0,1,1,1,1,2026,1975,Paved,Year Round,273 S 700 W
97031,1.19,100.0,2022-02-25,2022-02-16,1670000,1654,0,2022-03-31,1570000.0,CONV,A-1194-0003-0000 & A-1194-0004-0000,6,2,1,2,2,1,1,4284,2008,Paved,Year Round,237 W Pinehurst Street
97034,0.2,0.0,2022-06-17,2022-02-17,490000,0,0,2022-07-27,480000.0,CONV,B-2016-0011-0000,3,2,0,0,0,1,1,1837,2020,Paved,,3354 Spring Circle W
97041,0.0,0.0,2022-02-23,2022-02-17,659900,0,0,2022-03-28,650000.0,CONV,A-1144-0001-012D-04,3,1,0,2,1,1,1,2050,1986,,Year Round,226 N Pine Tree #D-4 Way
97051,0.59,100.0,2022-03-14,2022-02-17,1100000,1680,0,2022-04-22,1075000.0,CONV,B-1761-0033-0000,8,5,0,0,1,1,1,5916,2008,Paved,Year Round,667 S Azalea Circle
97057,0.19,0.0,2022-02-23,2022-02-18,300000,0,0,2022-03-21,305000.0,CASH,B-1210-014B-0000,3,2,0,0,0,1,1,1154,2020,Paved,,554 W 2350 N
97060,0.02,0.0,2022-02-21,2022-02-18,299900,0,0,2022-03-28,310000.0,CONV,B-1181-000H-0002,3,2,1,0,0,1,1,1499,2019,Paved,,404 W 1325 #H-2 N
97061,0.0,0.0,2022-03-02,2022-02-18,170000,0,0,2022-03-29,170000.0,CONV,A-1176-000B-0102,0,1,0,0,1,1,1,420,1986,Paved,,464 N Highway 143 #B102
97063,0.21,90.0,2022-04-29,2022-02-18,349900,716,0,2022-05-13,320000.0,CASH,B-0307-0000-0000,4,2,0,0,0,1,1,1823,1939,Paved,,76 E 200 S
97067,0.24,80.0,2022-03-08,2022-02-19,445000,1196,10125,2022-04-11,445000.0,CONV,B-1111-0001-014B-11,4,3,0,0,0,1,1,2462,1992,Paved,Year Round,239 Rountree Drive
97069,0.03,0.0,2022-04-23,2022-02-19,125000,0,0,2022-05-23,10.0,Other,B-1695-0001-0000,3,2,0,0,0,1,1,1080,2001,Paved,,844 W 1200 N
97071,0.0,0.0,2022-02-21,2022-02-19,169000,0,0,2022-04-06,169000.0,CONV,a-1176-0001-0001,0,1,0,0,1,1,1,420,1984,Paved,,464 N Highway unit A101 Timberbrook Village unit A101
97072,0.23,100.0,2022-02-23,2022-02-19,609000,1653,0,2022-03-22,602000.0,CONV,B-1831-0010-0000,5,3,1,0,2,1,1,3338,2007,Paved,Year Round,2361 N Wonser Lane
97075,0.22,0.0,2022-02-22,2022-02-19,325000,0,0,2022-03-24,325000.0,CASH,B-1881-0006-0001,3,1,0,1,0,1,1,1159,2007,Paved,Year Round,4254 W Canterbury
97077,0.41,100.0,2022-03-03,2022-02-21,350000,0,0,2022-05-02,356400.0,CONV,A-0775-0009-0008,3,2,0,0,0,1,1,1370,1979,Paved,,4955 N Pioneer Drive
97078,0.02,0.0,2022-02-23,2022-02-21,217000,0,2000,2022-03-08,225000.0,CASH,B-1960-0009-000H,3,2,1,0,0,1,1,1258,2007,Paved,,920 S 25 #9h E
97080,0.04,0.0,2022-02-24,2022-02-21,334000,0,2000,2022-03-24,329000.0,CONV,B-2003-0036-0000,3,2,0,0,1,1,1,1454,2021,Paved,,1825 N Lund #36
97086,0.0,0.0,2022-02-26,2022-02-22,395000,0,0,2022-03-29,375000.0,CONV,A-1175-0010-0000,1,2,0,0,1,1,1,1240,1984,Paved,Year Round,102 S Alpine #A-10 Lane
97088,0.15,0.0,2022-02-22,2022-02-22,300000,0,5000,2022-03-22,305000.0,CONV,B-1210-019B-0000,3,2,0,0,0,1,1,1154,2020,Paved,Year Round,448 W 2350 N
97164,0.24,100.0,2022-03-05,2022-03-01,399900,1176,0,2022-04-04,410000.0,CONV,B-0001-0009-0077,5,3,0,0,1,1,1,2352,1977,Paved,,350 W 1045 N
97167,0.02,0.0,2022-03-04,2022-03-01,215000,0,0,2022-04-01,225000.0,CASH,B-1323-0035-0000,2,1,1,0,0,1,1,988,1984,Paved,Year Round,101 N 1850 #35 W
97170,0.11,0.0,2022-03-01,2022-03-01,350924,0,0,2022-03-01,350924.0,CONV,B-1203-0008-000N,3,2,0,0,1,1,1,1500,2022,Paved,Year Round,945 S 25 W
97174,0.0,0.0,2022-03-28,2022-03-01,79000,0,2000,2022-05-17,75000.0,CONV,0000-0000-0000,3,1,0,0,0,1,1,925,1973,Paved,,1700 N Main Unit 50 Street
97176,0.35,100.0,2022-03-26,2022-03-01,409000,890,0,2022-04-28,385000.0,CONV,B-0275-0000-0000,5,1,0,0,1,1,1,2302,1926,Paved,Year Round,259 S 100 W
97177,0.03,0.0,2022-03-02,2022-03-02,395000,0,0,2022-03-02,395000.0,CONV,B-2006-0004-0006,2,2,0,0,1,1,1,1606,2021,Paved,Year Round,908 S Lincoln #6
97181,0.2,5.0,2022-03-09,2022-03-02,435990,1315,0,2022-04-05,450000.0,CONV,D-1219-0029-0000,3,2,0,0,0,1,1,2630,2016,Paved,Year Round,1867 W 4700 N
97185,0.25,0.0,2022-03-08,2022-03-02,500000,0,0,2022-03-23,520000.0,CONV,D-1216-0029-0000,4,2,0,0,0,1,1,2050,2018,Paved,Year Round,3764 N Monarch Drive
97187,0.02,0.0,2022-03-04,2022-03-03,319900,0,0,2022-03-29,325000.0,FHA,B-1181-000L-0005,3,2,1,0,0,1,1,1499,2020,Paved,,404 W 1325 #L-5 N
97190,0.5,0.0,2022-03-02,2022-03-02,598020,0,0,2022-03-02,598020.0,CONV,D-1213-000C-0002,5,3,1,0,1,1,1,2589,2021,Paved,Year Round,1234 S 4425 W
97191,0.0,100.0,2022-03-04,2022-03-01,365000,1328,0,2022-04-05,365000.0,CONV,B-1151-0001-0004-022,3,3,0,0,2,1,1,2656,1977,Paved,Year Round,919 Three Fountains Drive
97194,0.03,0.0,2022-03-15,2022-03-03,359900,0,0,2022-06-07,349900.0,CONV,B-1179-0007-0000,3,2,1,0,1,1,1,1734,2020,Paved,Year Round,1549 N Northfield Unit 7 Road
97196,0.26,10.0,2022-03-02,2022-03-02,449475,1511,0,2022-08-15,453752.0,CONV,A-1034-0002-0000,3,2,0,0,1,1,1,3209,2022,Paved,,"1025 E Southern Homestead Blvd Lot 2, Phs 3, Settlers Square"
97197,0.41,0.0,2022-03-07,2022-03-03,389000,0,0,2022-03-25,389000.0,CONV,A-0906-0049-0000,3,2,1,0,0,1,1,1550,1998,Paved,Year Round,4772 N Utah Trail
97206,0.0,0.0,2022-03-07,2022-03-04,375000,0,0,2022-04-11,376000.0,CASH,A-1153-0041-0000,1,1,0,1,1,1,1,827,1980,Paved,Year Round,385 S Vasles #41 Road
97212,0.04,100.0,2022-03-22,2022-03-04,375000,575,0,2022-04-19,362000.0,VA,B-1898-0014-0000,4,3,1,0,0,1,1,2075,2010,Paved,Year Round,173 E Fiddlers Canyon #14
97226,0.03,0.0,2022-03-14,2022-03-07,312999,0,0,2022-04-13,313000.0,CONV,B-1958-0040-000C,3,2,1,0,0,1,1,1402,2019,Paved,Year Round,3057 N 275 E
97227,0.28,0.0,2022-04-29,2022-03-07,460000,0,6500,2022-05-26,466500.0,CONV,A-0883-0035-0000,4,2,1,0,1,1,1,2118,2022,Paved,,1178 E Southern Homestead Settlers Square Phs 2 Lot 35
97228,0.0,0.0,2022-03-27,2022-03-09,299000,0,0,2022-04-26,290000.0,CONV,A-1150-0001-0003-06A,1,1,0,0,1,1,1,670,1974,Paved,,89 E Steam Engine #6a
97233,0.42,0.0,2022-03-22,2022-03-03,425900,0,0,2022-04-29,425900.0,FHA,A-0974-0054-0000,3,2,0,0,0,1,1,1435,2019,Paved,Year Round,4406 N Prospector Lane
97234,0.0,0.0,2022-03-09,2022-03-08,239000,0,0,2022-04-25,240000.0,CONV,A-1150-0003-0002-013,1,2,0,0,1,1,1,774,1973,Paved,Year Round,226 S Highway 143 Chalet Village #a-3
97237,0.06,80.0,2022-04-17,2022-03-07,380000,494,0,2022-05-27,380000.0,CONV,B-1625-0047-0000,4,2,0,0,1,1,1,1706,2006,Paved,,378 N Pachea Trail
97238,0.2,0.0,2022-04-13,2022-03-08,335000,0,5800,2022-05-12,335800.0,VA,B-1013-0043-0000,3,2,0,0,0,1,1,1257,1975,Paved,Year Round,64 W Paradise
97241,0.18,90.0,2022-03-16,2022-03-09,399000,860,0,2022-03-31,389000.0,CASH,B-0799-0002-0000,4,2,0,0,1,1,1,2150,1953,Paved,,160 Mcarthur Avenue
97242,0.17,100.0,2022-03-10,2022-03-08,360000,912,0,2022-04-12,380000.0,CONV,B-0011-0020-0001,4,2,0,0,1,1,1,1824,1973,Paved,,1137 Lunt Circle
97248,18.0,100.0,2022-03-11,2022-03-09,425000,0,0,2022-03-23,448500.0,CASH,B-1839-0001-0000,3,2,0,0,0,1,1,2180,2014,Paved,Year Round,21 S 2875 W
97249,0.24,0.0,2022-03-15,2022-03-09,499900,0,0,2022-04-19,516000.0,VA,B-1798-0022-0000,3,2,0,0,1,1,1,1800,2019,Paved,,4038 W 100 S
97250,0.18,5.0,2022-05-02,2022-03-07,499900,1500,0,2022-06-01,489000.0,CASH,B-1568-0003-0002,3,2,0,0,0,1,1,3000,2022,Paved,Year Round,2855 W Hawk Drive
97260,0.06,100.0,2022-03-23,2022-03-10,365000,0,0,2022-05-02,365000.0,FHA,B-1808-0025-0000,3,2,0,0,1,1,1,1526,2006,Paved,Year Round,1485 N 400 W
97261,0.28,0.0,2022-03-09,2022-03-09,415000,0,0,2022-05-24,415000.0,FHA,A-0883-0033-0000,3,2,0,0,0,1,1,1743,2022,Paved,,1162 E Southern Homestead Settlers Square Phs 2 Lot 33
97262,0.48,0.0,2022-03-15,2022-03-10,489000,1548,0,2022-04-15,487500.0,CONV,A-0955-0007-0000,3,2,0,0,1,1,1,3096,2018,Paved,,4859 N Sagewood Lane
97271,0.24,0.0,2022-05-07,2022-03-11,489900,0,0,2022-06-02,484900.0,CONV,D-1220-0001-0000,3,2,0,0,1,1,1,1804,2022,Paved,Year Round,1946 W 4675 N
97274,0.28,0.0,2022-03-11,2022-03-11,460000,0,0,2022-06-03,460000.0,CONV,A-0883-0031-0000,5,2,1,0,0,1,1,2300,2022,Paved,,1116 E Southern Homestead Blvd Settlers Square Phs 2 Lot 31
97276,0.25,100.0,2022-03-21,2022-03-11,490000,1279,0,2022-05-05,490000.0,CONV,B-1395-0003-0007,5,3,0,0,0,1,1,2651,1994,Paved,Year Round,2168 N Sumack Circle
97280,0.3,50.0,2022-03-17,2022-03-11,442000,1092,0,2022-04-22,439500.0,CONV,B-0065-0032-0000,4,3,0,0,1,1,1,2566,1981,Paved,Year Round,158 N Highland Drive
97281,0.0,0.0,2022-03-12,2022-03-11,339500,0,0,2022-03-31,340000.0,CONV,A-1150-0004-0025,2,1,0,0,1,1,1,865,1971,Paved,,356 S Highway 143 #h-27 (H4)
97284,0.28,100.0,2022-03-13,2022-03-11,409900,1170,0,2022-04-08,399000.0,CONV,B-1135-0089-0001,3,3,0,0,0,1,1,2338,1995,Paved,,1198 S Interstate
97286,0.02,0.0,2022-03-14,2022-03-12,175000,0,0,2022-04-15,200000.0,CASH,A-1182-000A-0108,0,1,0,0,1,1,1,458,1991,Paved,Year Round,286 W Eagles Roost #A-108
97292,0.04,0.0,2022-03-16,2022-03-12,345900,0,0,2022-03-31,345900.0,CASH,B-2005-0012-0000,3,2,1,0,0,1,1,1623,2021,Paved,Year Round,287 W 1425 #12 N
97298,0.09,0.0,2022-03-16,2022-03-14,289900,0,0,2022-04-11,315000.0,FHA,B-1474-0028-0000,3,2,0,0,1,1,1,1326,1997,Paved,,1351 N Meadowbrook Drive
97307,0.08,0.0,2022-03-16,2022-03-15,350000,0,0,2022-04-05,355000.0,CASH,B-1870-0106-000S,3,2,1,0,0,1,1,1577,2020,Paved,Year Round,2728 N Clark Parkway
97309,0.21,0.0,2022-12-05,2022-03-14,359700,0,0,2023-03-09,358000.0,CASH,B-0065-0090-0000,3,2,0,0,0,1,1,1394,2022,Paved,Year Round,310 N Bulloch Place (360 E.)
97313,0.25,100.0,2022-03-28,2022-03-15,385000,1020,6000,2022-04-29,385000.0,CONV,A-0383-0003-0000,3,2,0,0,1,1,1,2040,1977,Paved,Year Round,275 E 400 N
97317,0.0,0.0,2022-03-17,2022-03-14,230000,0,743,2022-05-13,230000.0,CONV,A-1150-0002-0001-119,1,1,0,0,1,1,1,508,1973,Paved,,312 S Highway 143 #10a
97318,0.13,0.0,2023-01-30,2022-03-14,459900,0,0,2023-02-24,459000.0,CASH,B-1895-0025-0000,3,2,0,0,1,1,1,1730,2022,Paved,Year Round,2380 W Clubhouse Loop (750 South) Lot.25 W
97320,0.04,0.0,2022-03-25,2022-03-15,360000,0,0,2022-05-09,354000.0,CONV,B-1386-0018-0000,4,2,1,0,0,1,1,1957,2019,Paved,,1580 S 1450 #A W
97322,0.26,100.0,2022-03-23,2022-03-15,459900,1335,0,2022-04-19,505000.0,CONV,B-1620-0015-0000,5,4,0,0,0,1,1,2685,2004,Paved,Year Round,201 N 2475 W Circle
97324,0.24,100.0,2022-06-07,2022-03-15,484900,1344,0,2022-07-11,472000.0,CONV,B-1140-0001-0002,4,2,0,0,2,1,1,2688,1965,Paved,Year Round,335 S 900 W
97328,0.5,0.0,2022-05-25,2022-03-16,360000,0,0,2022-06-30,352500.0,FHA,D-0527-0001-0002-30,3,2,0,0,1,1,1,1232,1996,Paved,,5160 N 2800 W
97331,0.46,97.0,2022-07-05,2022-03-16,799500,2265,7750,2022-08-03,760000.0,CONV,B-1338-0001-0017,6,4,1,0,2,1,1,4566,2003,Paved,,211 S Sunset Pointe
97332,0.28,100.0,2022-05-23,2022-03-16,715000,1740,0,2022-06-23,689900.0,CONV,B-1745-0001-0000,5,3,0,0,1,1,1,3722,2004,Paved,Year Round,"1378 N Fairway Dr,"
97336,0.58,0.0,2022-03-21,2022-03-16,360000,0,0,2022-04-21,370000.0,CONV,A-0878-0003-0026,3,2,0,0,1,1,1,1316,1988,Paved,Year Round,91 W Thoroughbred Way
97340,0.02,0.0,2022-03-17,2022-03-17,305000,0,7000,2022-04-12,282000.0,Utah Hsng,B-1917-0050-0000,3,2,1,0,0,1,1,1365,2010,Paved,,340 W 1425 #63 N
97346,0.22,0.0,2022-03-18,2022-03-17,449000,0,0,2022-04-22,452150.0,CONV,B-1379-0064-0000,3,2,0,0,1,1,1,1875,2003,Paved,Year Round,718 W Greens Lake
97353,0.17,0.0,2022-03-23,2022-03-17,310000,0,0,2022-04-22,313000.0,CONV,B-1482-0010-0000,3,2,0,0,0,1,1,1200,1996,Paved,,1098 N Cedar Boulevard
97354,0.02,0.0,2022-03-23,2022-03-17,260000,0,0,2022-04-20,266000.0,CASH,B-1742-0022-0000,3,2,1,0,0,1,1,1365,2004,Paved,,1148 N Northfield Rd #22
97362,0.23,85.0,2022-03-26,2022-03-18,550000,1606,0,2022-04-27,554750.0,CONV,B-1866-0043-0000,5,3,0,0,1,1,1,3212,2013,Paved,Year Round,3956 W 175 S
98630,0.27,0.0,2022-07-27,2022-06-09,480000,0,0,2022-10-31,482763.0,VA,B-2020-0111-0000,4,2,1,0,1,1,1,2218,2022,Paved,,4569 W 275 (Lot 111) N
98634,0.47,100.0,2022-06-22,2022-06-09,572000,1530,5000,2022-07-19,570000.0,CONV,A-0938-0051-0000,5,3,0,0,1,1,1,3060,2005,Paved,Year Round,22 W 4600 N
98635,0.26,0.0,2022-06-19,2022-06-08,465000,0,0,2022-06-28,465000.0,CASH,B-2020-0021-0000,4,2,0,0,1,1,1,1864,2022,Paved,,4451 W 300 N
98641,0.0,0.0,2022-06-25,2022-06-08,299000,0,0,2022-07-29,295000.0,CONV,B-1869-0016-000C,3,2,1,0,0,1,1,1431,2007,Paved,Year Round,1177 N Northfield #3 Road
98650,1.0,0.0,2022-07-06,2022-06-09,270000,0,2500,2022-08-05,260000.0,CONV,E-0171-0001-0022,3,2,0,0,0,1,1,1400,1999,Unimproved,,6590 W 1100 N
98651,1.0,0.0,2022-07-26,2022-06-09,285900,0,5000,2022-08-31,286000.0,FHA,E-0171-0001-0021,3,2,0,0,0,1,1,1440,1999,Unimproved,,6678 W 1100 N
98654,0.42,0.0,2022-07-07,2022-06-10,499900,0,0,2022-08-01,499900.0,CONV,D-0759-0006-0005,4,2,0,0,1,1,1,1895,2002,Paved,Year Round,2474 N 2200 W
98659,5.0,100.0,2022-06-24,2022-06-06,399000,0,0,2022-07-29,399000.0,CONV,D-0502-0001-0007,3,2,0,0,1,1,1,1440,1978,Unimproved,,2680 W 5700 N
98662,0.19,100.0,2022-07-08,2022-06-10,425000,1134,7900,2022-08-08,425000.0,VA,B-1124-0018-0000,4,2,0,0,1,1,1,2262,1960,Paved,,667 W 400 S
98680,0.28,10.0,2022-06-16,2022-06-11,453000,1513,0,2022-10-26,453000.0,CONV,A-1034-0011-0000,3,2,0,0,0,1,1,3204,2022,Paved,,"1062 E Southern Homestead Blvd Lot 11, Phs 3, Settlers Square"
98681,0.28,0.0,2022-08-02,2022-06-11,470000,0,0,2022-11-08,472982.0,CASH,A-1034-0012-0000,4,2,1,0,0,1,1,2118,2022,Paved,,"1044 E Southern Homestead Blvd Lot 12, Phs 3, Settlers Square"
98682,0.28,0.0,2022-09-21,2022-06-11,445000,0,0,2022-11-01,445000.0,CONV,A-1034-0013-0000,3,2,0,0,0,1,1,1769,2022,Paved,,"1030 E Southern Homestead Blvd Lot 13, Phs 3, Settlers Square"
98683,0.28,0.0,2022-08-23,2022-06-11,425000,0,0,2022-11-14,425000.0,CONV,A-1034-0014-0000,3,2,0,0,0,1,1,1743,2022,Paved,,"1024 E Southern Homestead Blvd Lot 14, Phs 3, Settlers Square"
98686,0.47,100.0,2022-06-21,2022-06-11,650000,1071,4500,2022-07-22,650000.0,CONV,B-1340-0004-0015,5,3,1,0,1,1,1,3228,1992,Paved,,827 E Cottontail Circle
98691,0.5,0.0,2022-11-14,2022-06-13,679000,2040,0,2022-11-23,630000.0,CONV,D-1213-000D-0003,3,2,1,0,1,1,1,4040,2022,Paved,,1274 S 4475 W
98696,0.42,100.0,2022-10-05,2022-06-13,550000,1956,6000,2022-10-28,533000.0,CONV,A-0969-0006-0000,7,3,0,0,0,1,1,3912,2008,Paved,Year Round,5222 N Tomahawk Drive
98699,0.04,0.0,2022-08-11,2022-06-13,125000,0,0,2022-09-15,122000.0,FHA,A-0504-0003-0002-28,1,1,0,0,0,1,1,616,1994,Paved,Year Round,228 Raquel
98701,2.5,90.0,2022-10-05,2022-06-13,875000,1950,0,2022-10-28,791500.0,CONV,E-0209-0002-000A-07,7,4,1,0,2,1,3,5440,2004,Paved,,1495 S 4700 W
98711,0.02,0.0,2022-08-09,2022-06-13,250000,0,0,2022-09-12,255000.0,CONV,B-1960-0009-000D,3,2,1,0,0,1,1,1258,2007,Paved,Year Round,920 S 25 #9d E
98722,0.0,0.0,2022-12-04,2022-06-14,475000,0,0,2022-12-16,462500.0,CASH,A-1150-0002-0001-122,4,1,0,2,1,1,1,1588,1973,,Year Round,312 S Hwy 143 #11B
98724,0.03,0.0,2022-07-07,2022-06-14,320000,0,0,2022-07-29,318000.0,CASH,B-1976-0009-0090,3,2,1,0,0,1,1,1704,2015,Paved,,1177 N Northfield Rd #90
98731,0.41,0.0,2022-07-07,2022-06-14,475000,0,0,2022-08-09,450000.0,CONV,A-0938-0105-0000,4,2,0,0,1,1,1,1749,2018,Paved,,4541 Millard Lane
98738,0.32,100.0,2022-06-26,2022-06-14,850000,148,0,2022-08-03,840000.0,CONV,A-1144-0001-0002-04,2,3,0,0,3,1,1,1780,2021,Paved,,204 E Aoki Michi
98741,0.42,100.0,2022-09-21,2022-06-14,799000,1508,0,2022-10-21,780000.0,CONV,B-1607-0014-0000,5,4,3,0,2,1,2,5715,2001,Paved,,2341 W Cody S Drive
98743,0.26,0.0,2022-08-01,2022-06-15,475000,0,0,2022-09-01,455000.0,VA,A-0881-0006-0000,3,2,1,0,0,1,1,1800,2022,Paved,Year Round,4572 N Pearly Lane
98754,0.53,100.0,2022-07-01,2022-06-15,430000,1156,500,2022-07-20,423000.0,CONV,A-0878-0011-0002,4,2,1,0,0,1,1,2312,2002,Paved,Year Round,4098 N Driftwood Lane
98760,0.28,100.0,2022-08-28,2022-06-15,949000,755,0,2022-09-06,800000.0,CONV,A-1217-000B-0003,4,3,1,0,1,1,1,3021,2007,Paved,Year Round,242 N Blue Jay Way
98761,0.12,0.0,2022-10-06,2022-06-15,399000,0,10000,2022-10-25,395000.0,CONV,B-1832-0045-000E,3,2,1,0,0,1,1,1600,2019,Paved,,1421 W 1650 S
98770,0.02,0.0,2022-09-20,2022-06-16,354900,0,0,2022-10-20,354900.0,CONV,B-2021-0028-0000,3,2,1,0,1,1,1,1734,2022,Paved,,668 E Fiddlers Cove Drive #28
98771,0.02,0.0,2022-07-14,2022-06-16,354900,0,0,2022-10-31,354900.0,CONV,B-2021-0025-0000,3,2,1,0,1,1,1,1734,2022,Paved,,668 E Fiddlers Cove Drive #25
98772,0.02,0.0,2022-10-19,2022-06-16,349900,0,0,2022-11-04,341000.0,CASH,B-2021-0026-0000,3,2,1,0,1,1,1,1734,2022,Paved,,668 E Fiddlers Cove Drive #26
98773,0.02,0.0,2022-11-02,2022-06-16,349900,0,0,2022-11-18,339900.0,CASH,B-2021-0027-0000,3,2,1,0,1,1,1,1734,2022,Paved,,668 E Fiddlers Cove Drive #27
98774,0.28,100.0,2022-10-06,2022-06-16,799000,1120,0,2022-10-28,785000.0,CONV,A-1144-0001-0002-38,4,3,0,0,1,1,1,2856,2005,,Year Round,216 N Rue Jolley
98775,0.3,100.0,2022-07-04,2022-06-16,1040000,2300,0,2022-08-11,1030000.0,CONV,B-1764-0026-0000,6,4,1,0,2,1,1,4600,2015,Paved,,2621 W Carmel Estates Drive
98776,0.03,0.0,2022-10-07,2022-06-15,385000,0,0,2022-12-05,353000.0,Other,B-2006-0001-0005,2,2,1,0,0,1,1,1659,2020,Paved,Year Round,875 S Lincoln #5
98784,0.24,0.0,2022-08-10,2022-06-14,449900,0,10000,2022-09-08,450000.0,VA,B-1151-0003-0022,4,3,0,0,0,1,1,2052,1975,Paved,,907 S Cedar Knolls
98793,0.0,0.0,2022-08-08,2022-06-17,212000,0,0,2022-11-30,185000.0,Own Fin,A-1181-0101-0000,1,1,0,0,1,1,1,429,1972,Unimproved,,651 S Snowflake #101
98798,0.5,95.0,2022-09-20,2022-06-17,533000,363,0,2022-10-11,500000.0,CASH,A-0693-0001-0000,3,2,0,0,1,1,1,2210,1999,Paved,Year Round,85 N 200 E
98801,0.15,0.0,2022-06-25,2022-06-17,345000,0,0,2022-08-12,335000.0,CASH,A-0269-0000-0000,3,2,0,0,3,1,1,2118,1951,Paved,Year Round,79 N 200 W
98813,1.0,20.0,2022-07-01,2022-06-17,630000,1639,0,2022-10-28,718911.0,CONV,D-0617-0001-0000,3,2,0,0,0,1,1,3278,2022,Paved,Year Round,2318 W 3750 lot 1 N
98822,0.0,0.0,2022-09-15,2022-06-17,199000,0,0,2022-10-14,199000.0,CONV,A-1150-0002-0001-121,1,1,0,0,1,1,1,508,1973,,Year Round,312 S Hwy 143 #11A
98836,0.56,100.0,2023-11-11,2022-06-12,595000,1080,0,2023-12-08,560000.0,CONV,C-1115-0007-0009-01,3,2,0,0,2,1,1,2464,2021,,Seasonal,636 W Kokopelli Loop
98840,0.17,35.0,2022-06-23,2022-06-20,360000,1160,0,2022-07-01,335000.0,CASH,B-1098-0029-0000,3,1,0,0,2,1,1,2320,1959,Paved,,522 S 580 W
98844,0.35,0.0,2022-06-22,2022-06-20,520000,0,0,2022-07-22,530000.0,CONV,D-1210-0008-00AM,4,3,0,0,0,1,1,2272,2018,Paved,,3877 N Native Dancer Drive Drive
98845,0.34,0.0,2023-05-20,2022-06-20,429900,0,0,2023-07-14,427500.0,CONV,B-0065-0085-0000,3,2,0,0,1,1,1,1638,2022,Paved,Year Round,403 N Highland Drive Lot. 2 Block 9 Highland Park
98847,0.2,100.0,2023-02-25,2022-06-20,349000,816,2000,2023-03-31,320000.0,VA,B-0057-0016-0000,3,2,1,0,1,1,1,2176,1954,Paved,Year Round,342 N 700 W
98853,2.62,100.0,2022-11-11,2022-06-20,499000,960,0,2023-01-12,490000.0,CASH,E-0209-0001-0007-03,3,3,0,0,1,1,1,3400,1950,Unimproved,,5179 W 1000 S
98859,0.53,100.0,2023-03-16,2022-06-21,315000,912,0,2023-04-10,300000.0,CONV,A-0350-0000-0000,2,2,0,0,1,1,1,1824,1951,Paved,Year Round,72 W 300 N
98860,0.0,0.0,2023-03-01,2022-06-21,239900,0,0,2023-03-24,217000.0,CASH,A-1150-0001-0003-04A,1,1,0,0,1,1,1,670,1982,Paved,Year Round,89 E Steam Engine #4a
98862,0.46,0.0,2022-09-13,2022-06-21,399900,0,0,2022-10-21,387500.0,CONV,A-0974-0070-0000,4,2,0,0,0,1,1,1900,2020,Paved,Year Round,858 E Stagecoach Lane
98866,0.17,100.0,2022-07-05,2022-06-13,415000,300,0,2022-07-20,390000.0,CASH,B-1098-0017-0000,3,2,1,0,1,1,1,1259,1958,,Year Round,547 S 640 W
98868,0.26,0.0,2022-06-28,2022-06-22,279000,0,5500,2022-07-27,295000.0,FHA,A-0506-0002-0007,3,2,0,0,0,1,1,1341,1996,Paved,,490 W Old Hwy 91
98871,1.07,0.0,2022-07-08,2022-06-22,725000,0,0,2022-08-04,715000.0,CONV,B-1824-0028-0000,3,2,1,0,1,1,1,2593,2022,Paved,,1678 S 4450 W
98874,0.1,0.0,2022-07-06,2022-06-22,397000,0,0,2022-07-21,392500.0,CASH,B-1895-0009-0000,3,2,0,0,1,1,1,1419,2016,Paved,Year Round,2391 W Crescent Heights Drive
98876,0.41,0.0,2022-07-01,2022-06-21,415000,0,14525,2022-08-04,415000.0,FHA,A-0938-0071-0000,4,2,0,0,0,1,1,1757,2006,Paved,,4645 N Pearly Ln
98877,1.06,0.0,2022-06-24,2022-06-18,499999,0,1000,2022-07-08,520000.0,CONV,E-0171-0002-0048,3,2,0,0,1,1,1,1734,2022,Paved,,1302 N 6900 W
98880,0.16,0.0,2022-06-24,2022-06-17,315000,0,1500,2022-07-28,315000.0,CONV,B-1803-0023-0000,3,2,0,0,0,1,1,1238,2009,Paved,Year Round,128 N 4275 W
98890,0.29,0.0,2022-06-29,2022-06-22,499999,0,0,2022-06-29,490000.0,CASH,B-1832-0057-0000,3,2,0,0,1,1,1,1702,2015,,Year Round,1417 W 1700 S S
98892,0.02,0.0,2022-07-11,2022-06-21,325500,0,5000,2022-07-29,325500.0,CONV,B-1386-0076-0000,3,3,1,0,1,1,1,1620,2020,Paved,Year Round,1510 W Topaz #c;;;1510 1550 #c S Drive
98900,0.0,0.0,2022-11-08,2022-06-24,26400,0,0,2022-11-28,25000.0,CASH,VIN S22033EE,1,1,0,0,0,1,1,1068,1965,Paved,,80 W 900 #10 N
98906,0.39,100.0,2022-07-29,2022-06-23,950000,1856,0,2022-09-19,925000.0,CONV,B-1764-0022-0000,6,3,1,0,1,1,1,3855,2018,Paved,,2679 W Carmel Estates Drive
98910,0.0,0.0,2022-06-28,2022-06-23,587500,0,2500,2022-07-20,580000.0,CASH,A-1144-0001-012D-02,4,3,0,0,1,1,1,1900,1983,,Year Round,226 N Pine Tree #D2 Way
98911,1.34,100.0,2022-07-12,2022-06-23,727200,1521,0,2022-08-05,700000.0,CONV,A-0746-0003-0000,4,3,0,0,1,1,1,3079,2006,Paved,,5373 N Enoch Rd Road
98934,0.24,0.0,2022-06-27,2022-06-24,435200,0,3000,2022-07-22,445000.0,CASH,A-0026-0001-0041,3,2,0,0,1,1,1,1700,2006,Paved,,79 N 775 W
98941,0.47,0.0,2022-07-25,2022-06-24,303900,0,0,2022-08-31,298000.0,VA,A-1002-0003-0000,1,1,1,0,0,1,1,800,2022,,Year Round,5562 N 500 E
98942,0.47,0.0,2022-07-15,2022-06-24,303900,0,10000,2022-08-24,310000.0,Utah Hsng,A-1002-0002-0000,1,1,1,0,0,1,1,800,2022,,Year Round,5574 N 500 E
98951,0.03,100.0,2022-07-05,2022-06-27,360000,605,10800,2022-08-03,358750.0,CONV,B-1898-0002-0000,4,3,1,0,0,1,1,2075,2007,Paved,Year Round,173 E Fiddlers Canyon #2 Road
98959,0.03,100.0,2022-06-27,2022-06-27,315000,0,0,2022-08-01,315000.0,CASH,B-1958-0026-000B,3,2,1,0,0,1,1,1420,2022,Paved,Year Round,169 E 3100 N
98967,0.27,0.0,2022-08-09,2022-06-24,459900,0,0,2022-09-30,459900.0,CONV,B-1832-0056-0000,3,2,0,0,0,1,1,1653,2014,Paved,,1379 W 1700 S
98978,35.25,100.0,2022-08-10,2022-06-28,1300000,0,0,2022-09-08,1200000.0,CASH,A-0500-0002-0000,5,2,0,0,1,1,1,2450,1910,Paved,,1398 W 200 S
98980,0.1,0.0,2022-07-20,2022-06-27,260000,0,0,2022-08-16,260000.0,FHA,B-1474-0046-0000,3,2,0,0,0,1,1,1180,1995,Paved,,658 W 1350 N
98993,0.51,0.0,2022-10-29,2022-06-28,314900,0,0,2022-11-30,300000.0,CASH,A-0779-0010-0005,3,2,0,0,1,1,1,1406,2003,Paved,Year Round,4486 N Pioneer Drive
98996,0.03,0.0,2022-08-15,2022-06-28,309990,0,0,2022-09-29,299990.0,CONV,B-1577-0033-0000,4,2,1,0,0,1,1,1635,2022,Paved,,384 W 2050 North
98997,0.03,0.0,2022-07-29,2022-06-28,309990,0,0,2022-09-14,309990.0,CONV,B-1577-0032-0000,4,2,1,0,0,1,1,1635,2022,Paved,Year Round,390 W 2050 #32 N
98998,0.03,0.0,2022-08-26,2022-06-28,314990,0,0,2022-12-30,309990.0,CASH,B-1577-0035-0000,4,2,1,0,0,1,1,1631,2022,Paved,,379 W 2050 #35 N
99000,1.02,0.0,2022-07-01,2022-06-28,399900,0,0,2022-08-15,404500.0,VA,E-0258-0019-0001,4,2,1,0,0,1,1,2100,2006,,Year Round,3390 S 5175 W
103216,0.03,0.0,2023-07-12,2023-07-12,285000,0,0,2023-09-26,285900.0,CONV,B-1958-0016-000B,3,2,1,0,0,1,1,1420,2023,Paved,Year Round,158 E 3100 N
99002,0.24,30.0,2022-08-01,2022-06-29,575000,1950,0,2022-10-07,565000.0,CASH,B-1801-0029-0000,4,3,0,0,1,1,1,3900,2007,Paved,,4111 W 175 S
99006,0.25,100.0,2022-09-01,2022-06-29,549000,1478,6500,2022-09-30,516000.0,CONV,B-1831-0028-0000,5,3,0,0,1,1,1,2956,2009,Paved,,2329 N Wonser Lane
99020,0.0,0.0,2022-07-05,2022-06-29,435000,0,0,2022-08-05,432000.0,CONV,A-1172-0057-0000,3,1,0,1,1,1,1,1312,1985,Paved,Year Round,226 S HWY 143 #27
99027,0.03,0.0,2022-09-09,2022-06-28,315990,0,0,2022-09-29,309990.0,CONV,B-1577-0038-0000,4,2,1,0,0,1,1,1631,2022,Paved,Year Round,395 W 2050 #38 N
99029,0.12,0.0,2022-08-10,2022-06-30,329900,0,2500,2022-09-06,310000.0,CONV,B-1791-0004-0001,3,2,0,0,0,1,1,1289,2007,Paved,,1409 S Northern View
99032,0.03,0.0,2022-07-15,2022-07-01,319900,0,0,2022-08-18,313000.0,CASH,B-1898-0036-0000,3,1,1,1,0,1,1,1545,2018,Paved,,173 E Fiddlers Canyon #36 Road
99033,0.52,100.0,2022-08-10,2022-06-30,899900,1862,0,2022-09-09,875000.0,CASH,D-1213-000E-0017,7,3,1,0,1,2,1,4658,2017,Paved,Year Round,4311 W 1325 S
99048,0.19,5.0,2022-08-01,2022-07-01,509500,1510,0,2022-09-14,506500.0,CONV,B-2002-0036-0000,3,2,0,0,1,1,1,3020,2019,Paved,,192 N Hartford Drive
99050,0.16,45.0,2022-11-21,2022-07-01,370000,1434,8400,2022-12-15,378000.0,CONV,B-1742-0003-0000,4,3,0,0,1,1,1,2906,2004,Paved,,1148 N Northfield #3 Road
99062,0.14,100.0,2022-07-27,2022-07-01,300000,850,8700,2022-08-31,290000.0,CONV,B-0091-0000-0000,3,1,1,0,0,1,1,1700,1951,Paved,Year Round,589 W 200 N
99066,0.91,0.0,2023-01-23,2022-07-01,819900,0,0,2023-02-07,770000.0,Owner 1st,A-5000-0008-0019,4,2,1,0,1,1,1,2525,2017,,Year Round,1131 E High Valley View Circle
99069,0.62,100.0,2022-07-07,2022-07-02,699000,480,20000,2022-07-27,700000.0,CASH,A-1138-0011-0000,4,2,0,0,1,1,1,2633,2006,,Year Round,301 W Fir Street
99071,0.03,0.0,2022-07-12,2022-07-02,319990,0,0,2022-08-11,313990.0,CONV,B-1577-0045-0000,4,2,1,0,0,1,1,1631,2022,Paved,Year Round,288 W 2050 #45 N
99074,1.72,100.0,2022-07-24,2022-07-02,1395000,0,0,2022-08-18,1250000.0,CASH,A-1144-0001-0002-33,3,0,0,4,1,1,1,4340,2009,Paved,,401 N Aoki Michi
99076,0.55,0.0,2022-07-07,2022-07-03,350000,0,0,2022-08-16,350000.0,CONV,A-0900-0029-0000,3,2,0,0,0,1,1,1311,1997,,Year Round,4370 N Pioneer Drive
99078,0.31,100.0,2022-10-14,2022-07-02,825000,938,0,2022-11-08,710000.0,CASH,A-1144-0001-0002-37,4,3,0,0,2,1,1,2510,2006,Unimproved,Year Round,494 N Jensen St.
99081,0.25,0.0,2022-07-16,2022-07-05,425000,732,0,2022-08-19,425000.0,CONV,B-1620-0004-0000,3,2,0,0,0,1,1,2114,1999,Paved,,2462 W Meadow Street
99096,0.24,100.0,2022-07-22,2022-07-06,410000,735,5000,2022-08-25,395000.0,FHA,B-1620-0010-0000,3,2,1,0,1,1,1,2039,1999,Paved,Year Round,148 N 2475 Circle W
99097,0.28,100.0,2022-08-17,2022-07-06,395000,1300,0,2022-10-03,365000.0,CONV,B-1153-0014-0004,6,2,0,1,1,1,1,2600,1974,Paved,Year Round,2220 W Meadow Street
99099,0.05,0.0,2022-12-26,2022-07-06,339900,0,0,2023-02-16,339900.0,CASH,B-1472-00A4-0058,3,2,0,0,0,1,1,1616,2002,Paved,,195 E Fiddlers Canyon #58 Road
99107,0.1,0.0,2022-07-22,2022-07-06,375000,0,0,2022-08-25,368000.0,CONV,B-1873-0003-0000,3,2,1,0,1,1,1,1781,2006,Paved,,31 E 820 S
99111,1.0,100.0,2022-09-06,2022-07-06,459900,1512,0,2022-09-23,430000.0,Own Fin,D-0793-0003-0000,5,3,0,0,2,1,1,3024,1978,,Year Round,2045 N 3100 W
99115,0.09,0.0,2022-09-17,2022-07-06,315000,0,0,2022-10-26,315000.0,CONV,B-1814-0002-000E,3,2,1,0,1,1,1,1648,2006,Paved,Year Round,4067 W 300 N N Circle
99120,0.31,10.0,2022-10-18,2022-07-06,524900,1416,10400,2022-11-01,521000.0,CONV,B-1872-0075-0000,4,2,1,0,1,1,1,3376,2013,Paved,Year Round,2084 S Talon Circle
99121,0.26,0.0,2022-09-10,2022-07-07,469900,1508,7200,2022-09-30,469900.0,CONV,D-1210-0038-00AM,3,2,0,0,0,1,1,3016,2018,Paved,Year Round,2247 W Secretariat Way
99130,20.0,0.0,2022-08-09,2022-07-07,550000,0,0,2022-08-12,550000.0,CASH,E-0234-0003-0001,3,2,0,0,0,1,1,1792,1974,,Year Round,8650 W 2200 S
99136,0.21,0.0,2023-05-18,2022-07-08,437000,0,6000,2023-06-16,436000.0,CONV,B-2017-0018-0000,3,2,0,0,0,1,1,1633,2022,Paved,,"40 N Strathmore (Lot 18, Phase 4) Lane"
99144,0.02,0.0,2022-10-20,2022-07-08,115000,0,1500,2022-11-28,115000.0,Other,VIN 1=UH0501A VIN 2=UH0501B,3,2,0,0,0,1,1,1248,1983,Paved,Year Round,1129 N 875 #72 W
99145,0.78,80.0,2022-10-06,2022-07-08,650000,2216,10000,2022-11-18,615000.0,CONV,B-1135-0086-0005,6,4,0,0,1,1,1,4432,2003,Paved,,595 W Greens Lake Drive
99150,0.42,0.0,2022-07-13,2022-07-08,285000,0,5000,2022-08-23,290000.0,FHA,A-0879-0000-000A-03,2,2,0,0,0,1,1,1179,1993,Paved,,781 W Cottonwood Circle
99161,0.55,0.0,2022-08-11,2022-07-08,439000,0,1000,2022-09-06,452000.0,CONV,A-0944-0001-0000,3,2,0,0,0,1,1,1489,2018,Paved,Year Round,3616 N 250 E
99179,0.03,0.0,2022-08-09,2022-07-11,298000,0,0,2022-10-01,289000.0,CASH,B-1542-0000-0000,3,2,0,0,0,1,1,1402,2020,Paved,Year Round,3066 N 275 E
99180,0.96,0.0,2022-09-28,2022-07-11,630000,1638,0,2022-11-09,615000.0,CONV,D-0616-0617-0000,3,2,2,0,0,1,1,3276,2022,Paved,Year Round,2359 W 3750 lot 15 N
99184,4.55,0.0,2022-09-28,2022-07-12,649000,0,0,2022-11-30,629000.0,CONV,E-0185-0017-0001,3,2,0,0,1,1,1,3275,2007,Unimproved,,6079 W 600 N
99186,0.25,10.0,2022-08-03,2022-07-12,574900,1764,10000,2022-09-06,574900.0,CONV,B-1424-0019-0000,3,2,0,0,1,1,1,3588,1996,Paved,,2194 W 460 S
99188,0.31,0.0,2022-07-28,2022-07-12,545000,0,0,2022-08-30,545000.0,CASH,B-1750-0028-0000,4,2,1,0,1,1,1,2100,2005,Paved,Year Round,2104 N Ashdown Forest Road
99194,0.32,0.0,2023-01-12,2022-07-12,499000,1636,15000,2023-02-09,500000.0,CONV,B-1790-0035-0000,4,3,1,0,0,1,1,3703,2021,Paved,Year Round,1127 E Ashdown Forest Road
99201,0.41,100.0,2022-11-21,2022-07-13,459000,1012,0,2022-12-07,428000.0,CASH,A-0840-0009-0004,3,3,0,0,1,1,1,2622,1998,Paved,Year Round,4731 Quickdraw Lane
99207,0.02,0.0,2023-01-19,2022-07-13,279990,0,0,2023-02-17,279990.0,CONV,B-1857-1005-0000,3,2,0,0,0,1,1,1300,2022,Paved,Year Round,475 S May 1005 Drive
99208,0.24,100.0,2022-10-05,2022-07-13,435000,750,7000,2022-11-04,425000.0,CONV,B-1103-0079-0000,4,3,0,0,1,1,1,3144,1973,Paved,Year Round,224 E Altamira Drive
99211,0.0,0.0,2022-08-25,2022-07-13,335000,0,0,2022-09-12,308000.0,CASH,A-1150-0003-0002-210,2,2,0,0,1,1,1,864,1975,Paved,,226 S HWY 143 #H-6
99217,0.42,0.0,2022-07-18,2022-07-13,359900,0,5000,2022-08-12,364900.0,FHA,A-0780-0000-000G-02,3,2,0,0,1,1,1,1991,1997,Paved,,1461 E Sunrise Drive
99218,0.09,0.0,2022-09-15,2022-07-13,324900,0,0,2022-11-01,320000.0,CONV,B-1867-0004-000W,3,2,0,0,1,1,1,1303,2007,Paved,,474 W 2100 N
99229,2.05,100.0,2023-06-30,2022-07-13,899900,0,0,2023-08-03,845000.0,CONV,D-1218-0003-0000,4,3,1,0,2,1,1,3423,2008,Paved,,3786 W Hillcrest Drive
99230,0.04,0.0,2022-08-27,2022-07-13,352500,0,0,2022-09-08,345000.0,CASH,B-2003-0038-0000,3,2,1,0,1,1,1,1476,2021,Paved,,1825 N Lund #38
99231,0.0,0.0,2022-11-10,2022-07-14,177500,0,0,2022-11-14,171250.0,CASH,B-1805-000A-0015,3,2,0,0,0,1,1,866,1992,Paved,,576 W 1045 #a-15 N
99235,5.1,10.0,2022-08-24,2022-07-14,449900,1624,0,2022-09-22,414000.0,Utah Hsng,E-1592-0002-0077,4,2,1,1,0,1,1,4106,1994,Unimproved,,4484 N 2700 W
99240,0.3,0.0,2023-04-28,2022-07-12,749999,2234,0,2023-07-26,735000.0,VA,B-1770-0018-0000,4,3,0,0,1,1,1,5474,2006,Paved,Year Round,1301 N PARKSIDE E Drive
99241,45.42,100.0,2022-07-14,2022-07-14,1100000,1628,0,2022-07-29,1100000.0,CASH,D-0602-0004-0000,5,3,0,0,2,1,1,4229,1997,Unimproved,,4689 N 4440 W
99243,0.36,60.0,2022-09-28,2022-07-14,624900,1966,0,2022-11-08,590000.0,CASH,B-1400-0016-0000,5,3,1,0,1,1,1,4213,2002,Paved,,98 S 2125 W
99255,0.09,0.0,2022-07-19,2022-06-29,250000,0,0,2022-08-24,250000.0,CONV,B-1566-0003-0000,2,1,0,0,0,1,1,900,2007,Paved,Year Round,2462 W Pachea Trail
99262,0.35,100.0,2022-07-22,2022-07-15,322900,416,7900,2022-09-06,330000.0,FHA,B-1153-0014-0003-01,5,1,0,2,2,1,1,2040,1977,Paved,Year Round,2210 W Skyview Drive
99264,0.92,0.0,2022-10-02,2022-07-14,230000,0,5000,2022-11-02,210000.0,CONV,D-0300-0029-0000,2,1,0,0,0,1,1,1200,2002,Unimproved,Seasonal,4583 S Cedar Mountain Rd
99271,0.47,0.0,2022-07-16,2022-07-16,375000,0,0,2022-09-16,340000.0,CONV,A-1211-0088-0000,1,1,0,0,1,1,1,1646,1973,,Year Round,391 N Elk CBME unit C lot 88 Drive
99275,0.26,0.0,2022-09-24,2022-07-19,555000,0,0,2022-10-24,540000.0,CASH,B-2020-0033-0000,3,2,0,0,0,1,1,2547,2022,Paved,,4320 W 270 N
99278,0.03,0.0,2022-08-29,2022-07-18,204000,0,0,2022-09-02,198000.0,CASH,A-1182-000A-0101,1,1,1,0,1,1,1,750,1991,Paved,,286 W Eagles Roost #A-101
99291,0.2,0.0,2022-07-22,2022-07-19,329900,0,0,2022-09-06,329900.0,Other,B-1158-0002-0003,3,1,0,1,1,1,1,1200,1978,Paved,Year Round,1756 N 380 W
99293,0.3,100.0,2022-08-02,2022-07-15,379000,592,7500,2022-09-01,372500.0,CONV,B-1135-0023-0000,4,3,0,0,1,2,1,1796,1993,Paved,Year Round,1201 S 860 W
99296,0.11,0.0,2022-07-29,2022-07-19,225000,0,6000,2022-08-29,210000.0,FHA,B-1893-0016-0001,2,1,0,0,0,1,1,765,2007,Paved,Year Round,1917 N 1600 North Access Road
99297,0.35,0.0,2022-09-16,2022-07-18,319900,0,10000,2022-10-14,314450.0,CONV,B-0065-0107-0000,4,2,1,0,1,1,1,2178,1983,Paved,,450 Hillside Place
99303,0.0,0.0,2022-10-02,2022-07-19,309000,0,1500,2022-11-17,292000.0,CONV,A-1175-0005-0000,2,2,0,0,1,1,1,1068,1984,Paved,,102 S Alpine #A-5 Lane
99319,0.16,90.0,2022-09-02,2022-07-20,369999,1199,6000,2022-10-11,360000.0,FHA,B-1120-0009-0000,5,2,0,0,1,1,1,2398,1960,Paved,,425 Kayenta Circle
99320,0.23,100.0,2022-12-10,2022-07-20,639900,1313,15000,2023-01-03,640000.0,CONV,B-1760-0005-0000,6,3,1,0,1,1,1,3933,2005,,Year Round,3822 W 1400 N
99324,0.29,0.0,2023-07-29,2022-07-22,445000,0,0,2023-09-15,435000.0,CASH,B-2020-0034-0000,3,2,0,0,1,1,1,1896,2022,Paved,,4308 W 275 N
99329,0.16,0.0,2022-08-11,2022-07-22,399900,0,350,2022-09-02,384500.0,CASH,B-1582-0036-0000,3,2,0,0,1,1,1,1654,2001,Paved,,4172 W 150 N
99343,0.13,0.0,2022-08-16,2022-07-21,398900,0,0,2022-10-03,398900.0,FHA,B-1832-0009-0001,3,2,1,0,1,1,1,1690,2006,Paved,Year Round,1328 W 1525 S
99354,0.46,100.0,2022-10-13,2022-07-22,428000,1312,10000,2022-11-28,420000.0,CONV,A-0007-0004-0000,4,2,0,0,1,1,1,2624,1950,Paved,,15 S Canyon Drive
99358,0.53,0.0,2022-09-14,2022-07-22,270000,0,0,2022-11-03,260000.0,FHA,A-0878-0011-0001,3,2,0,0,0,1,1,1200,1994,Paved,,256 W Sheltie Lane
99359,20.0,0.0,2022-10-10,2022-07-22,825000,728,0,2022-10-14,800000.0,CASH,E-0234-0003-0000,3,1,0,1,3,1,1,3272,1990,,Year Round,8592 W 2200 S
99360,0.74,0.0,2022-12-05,2022-07-22,375000,0,3000,2023-01-13,360000.0,CONV,A-0178-0003-0000,3,1,0,0,1,1,1,1183,1946,Paved,,33 S 200 W
99366,0.47,100.0,2022-08-24,2022-07-23,393000,600,0,2022-09-27,385000.0,CONV,D-0143-0000-0000,2,1,0,0,1,1,1,1645,1926,Paved,,155 W Main Street
99368,0.23,0.0,2022-08-06,2022-07-23,349900,0,2500,2022-09-09,349900.0,CONV,B-0005-0017-0000,3,2,0,0,1,1,1,1478,1957,Paved,,391 N 1400 W
99374,0.03,0.0,2022-08-20,2022-07-25,310990,0,0,2022-09-22,299990.0,CONV,B-1577-0070-0000,4,2,1,0,0,1,1,1635,2022,Paved,Year Round,316 W 2025 #70 N
99375,0.03,0.0,2022-08-10,2022-07-25,310990,0,0,2022-09-14,309990.0,CONV,B-1577-0071-0000,4,2,1,0,0,1,1,1635,2022,Paved,Year Round,308 W 2025 #71 N
99376,0.03,0.0,2022-08-20,2022-07-25,318990,0,0,2022-09-30,315990.0,CONV,B-1577-0072-0000,4,2,1,0,0,1,1,1631,2022,Paved,Year Round,302 W 2025 #72 N
99381,0.61,100.0,2022-11-11,2022-07-25,475000,1100,0,2022-12-09,460000.0,CASH,A-0362-0000-0000,4,2,0,0,1,1,1,2200,1920,Paved,,307 N 300 W
99392,0.25,0.0,2022-08-23,2022-07-26,399999,0,0,2022-09-02,395000.0,CASH,B-2020-0029-0000,3,2,0,0,0,1,1,1583,2022,,Year Round,4406 W 275 North Street
99402,0.29,100.0,2022-07-29,2022-07-26,425000,1843,6500,2022-08-23,429500.0,CONV,B-1066-0002-0004,4,3,0,0,1,2,2,3281,1973,Paved,Year Round,75 S Ridge Road
99407,0.26,0.0,2023-04-14,2022-07-26,429900,0,0,2023-05-02,422000.0,CASH,B-1424-0027-0000,3,2,0,0,1,1,1,1639,1997,Paved,,2119 W 460 S
99408,0.75,100.0,2022-08-06,2022-07-26,475000,1503,0,2022-08-26,440000.0,CONV,E-1152-0000-0000,5,3,0,0,0,1,1,3006,2003,Paved,,260 N 100 W
99409,2.7,0.0,2022-08-13,2022-07-26,549999,0,0,2022-10-13,547444.19,VA,E-0209-0002-000B-08,4,1,0,3,1,1,1,2796,1995,Paved,,5009 W 1400 S
99416,0.03,0.0,2022-08-06,2022-07-27,279000,0,1000,2022-09-06,275000.0,CONV,A-1182-000C-0104,2,1,1,0,1,1,1,750,1991,,Year Round,286 W Eagles Roost #C-104 Street
99418,0.41,0.0,2022-08-04,2022-07-27,675000,0,0,2022-08-19,700000.0,CONV,B-1874-0002-0000,4,3,1,0,0,1,1,3998,2005,Paved,,2204 N Bridge Water E Road
99419,0.19,0.0,2022-08-02,2022-07-27,316888,0,8000,2022-10-03,320000.0,FHA,B-0001-0009-0019-19,4,2,0,0,1,1,1,1593,1986,Paved,Year Round,79 W 1725 N N
99425,0.08,0.0,2022-12-31,2022-07-27,440000,0,0,2023-02-02,415000.0,CASH,B-2009-003A-0032,3,2,0,0,1,1,1,1648,2022,Paved,Year Round,2352 W Portal Hill #32 Road
100862,0.23,0.0,2022-12-23,2022-12-13,325000,0,0,2023-01-03,305000.0,CASH,A-0700-0001-0000,2,1,0,0,0,1,1,1067,1997,Paved,Year Round,150 E Center Street
100880,0.26,0.0,2022-12-22,2022-12-16,455000,0,10000,2023-01-19,463350.0,CONV,B-2020-0105-0000,5,2,1,0,0,1,1,2300,2022,Paved,,4673 W 275 (Lot 105) N
100881,0.5,0.0,2023-01-18,2022-12-16,350000,0,0,2023-02-03,300000.0,CASH,D-0518-0039-0013,3,2,0,0,0,1,1,1346,1995,Paved,Year Round,5126 N 2900 W
100882,0.03,0.0,2023-02-14,2022-12-16,289900,0,0,2023-02-22,287000.0,CONV,B-1958-0021-0000A,3,2,1,0,0,1,1,1420,2023,Paved,Year Round,3029 N 175 E
100883,0.03,0.0,2023-03-08,2022-12-16,285000,0,0,2023-04-07,283000.0,CONV,B-1958-0021-000E,3,2,1,0,0,1,1,1420,2023,Paved,Year Round,3037 N 175 E
100884,0.24,0.0,2023-04-03,2022-12-16,449900,0,5000,2023-05-12,440000.0,FHA,B-1788-0010-0000,3,2,1,0,0,1,1,1845,2022,Paved,,3645 W 1350 N
100886,0.03,0.0,2023-02-15,2022-12-16,285000,0,0,2023-03-22,280000.0,CONV,B-1958-0021-000C,3,2,1,0,0,1,1,1420,2023,Paved,Year Round,3033 N 175 E
100887,0.03,0.0,2023-02-15,2022-12-16,285000,0,0,2023-03-01,283000.0,CONV,B-1958-0021-000B,3,2,1,0,0,1,1,1420,2023,Paved,Year Round,3031 N 175 E
100899,0.26,0.0,2023-02-13,2022-12-17,459700,0,0,2023-03-07,459700.0,CASH,B-2020-0044-0000,3,2,0,0,0,1,1,1794,2022,Paved,Year Round,4453 W 275 N
100907,0.28,0.0,2023-06-21,2022-12-19,419900,0,5000,2023-07-27,419900.0,CONV,A-0883-0020-0000,3,2,0,0,0,1,1,1633,2021,Paved,,1168 E 4375 N
100909,0.0,0.0,2023-02-07,2022-12-20,284000,0,0,2023-02-28,274000.0,Other,B-1976-0020-0048,3,2,1,0,0,1,1,1566,2008,Paved,,1177 N Northfield #48 Road
100920,0.49,0.0,2023-02-08,2022-12-21,569000,0,0,2023-02-27,554000.0,CASH,E-1400-0004-0000,4,2,1,0,1,1,1,2143,2022,Paved,Year Round,2402 W 4390 N
100921,0.0,0.0,2023-03-22,2022-12-21,167000,0,0,2023-03-31,81000.0,CASH,A-1197-000A-0215,0,1,0,0,1,1,1,375,1984,Paved,Year Round,223 Hunter Ridge #1215 Road
100922,0.19,0.0,2022-11-30,2022-11-24,330000,0,0,2022-12-19,302862.0,CONV,B-1833-0007-0000,4,2,0,0,0,1,1,1437,2006,Paved,,420 W 2000 N
100926,0.22,25.0,2023-01-23,2022-12-22,320000,1008,5000,2023-02-24,295000.0,CONV,B-1141-0000-0000,3,1,0,0,1,1,1,2016,1955,Paved,Year Round,396 S 900 W
100929,0.04,0.0,2023-02-09,2022-12-22,260000,0,0,2023-03-28,245000.0,CASH,B-0705-0002-0000,2,2,0,0,0,1,1,1037,1985,Paved,,139 N 100 #3 W
100936,0.45,95.0,2023-01-25,2022-12-23,225000,1152,0,2023-02-03,225000.0,CASH,A-0369-0003-0000,4,2,0,0,1,1,1,2304,1980,Paved,,138 W 400 N
100944,0.07,0.0,2023-06-06,2022-11-28,54900,0,0,2023-07-27,45000.0,Owner 1st,UT003286850,3,2,0,0,0,1,1,850,1974,Paved,Year Round,1027 N Main Street #55
100949,0.48,0.0,2023-04-26,2022-12-28,339900,0,5000,2023-05-26,315000.0,VA,D-0518-0035-0001,3,2,0,0,1,1,1,1512,2000,Paved,Year Round,5288 N 3100 W. (Lund Hwy)
100956,0.33,0.0,2023-03-24,2022-12-31,518695,1223,0,2023-05-31,508695.0,CONV,B-1857-0027-0062,4,2,1,0,0,1,1,3733,2023,Paved,Year Round,3504 W Sevy 62 Circle
100958,0.55,0.0,2023-04-11,2023-01-01,599000,0,0,2023-05-10,595000.0,CONV,D-1210-0019-00AM,4,3,0,0,1,1,1,2345,2022,Paved,,3944 N Monarch Drive
100960,0.26,15.0,2023-04-13,2023-01-03,495900,1655,0,2023-04-17,490000.0,CONV,B-2020-0106-0000,3,2,0,0,0,1,1,3519,2022,Paved,Year Round,4657 W 275 (Lot 106 Phase 1) N
100961,0.22,80.0,2023-04-01,2023-01-02,394900,1188,0,2023-05-04,379000.0,CONV,B-0065-0055-0000,5,2,0,0,2,1,1,2376,1965,Paved,Year Round,236 N Highland Drive
100966,2.64,0.0,2023-01-16,2023-01-03,698000,0,15000,2023-02-24,688000.0,CONV,E-0209-0001-0007-08,4,2,1,0,1,1,1,2662,2022,,Year Round,4979 W 1000 S
100967,0.24,0.0,2023-01-16,2023-01-03,370000,0,0,2023-02-16,365000.0,CONV,B-1379-0060-0000,3,2,0,0,0,1,1,1565,1993,Paved,Year Round,1418 S 625 W
100968,0.53,0.0,2023-02-13,2023-01-03,375000,0,8000,2023-03-22,375000.0,CONV,D-0527-0001-0002-101,3,2,0,0,1,1,1,1470,2006,Paved,,2733 W 5025 N
100972,0.18,100.0,2023-01-17,2023-01-04,515000,1610,0,2023-03-13,557500.0,CASH,B-2017-0010-0000,3,2,0,0,1,1,1,3370,2022,Paved,,147 N Strathmore (Lot 10 Phase 4)
100996,0.26,0.0,2023-05-02,2023-01-05,426500,0,8000,2023-06-16,426500.0,CONV,D-1220-0003-0000,3,2,1,0,0,1,1,2109,2023,Paved,Year Round,1994 W 4675 N
100998,0.22,100.0,2023-01-19,2023-01-06,339000,1044,9900,2023-02-06,325000.0,CONV,B-0065-0044-0000,5,2,0,0,1,1,1,2088,1957,Paved,,226 Highland Drive
101001,0.24,10.0,2023-04-07,2023-01-06,545900,1645,0,2023-05-17,545900.0,CONV,B-1568-0003-0004,3,2,0,0,0,1,1,3290,2022,Paved,Year Round,2889 W Hawk Drive
101024,0.03,0.0,2023-05-25,2023-01-09,335900,0,0,2023-06-20,323000.0,CASH,B-1386-0055-0000,4,2,1,0,0,1,1,1957,2020,Paved,,1541 S Quartz #A Drive
101029,0.16,0.0,2023-01-31,2023-01-10,469000,0,4000,2023-03-17,448000.0,CONV,B-1613-0017-0000,3,2,0,0,0,1,1,1590,1999,Paved,Year Round,2187 Shanna Lane
101030,0.43,25.0,2023-05-04,2023-01-10,540000,1190,0,2023-06-08,542500.0,CONV,142,4,2,1,0,0,1,1,3633,2023,,Year Round,4339 N Half Mile Road
101031,0.31,0.0,2023-03-15,2023-01-10,489900,1286,0,2023-05-02,440000.0,CONV,B-1119-0020-0000,5,2,1,0,1,1,1,3011,1965,Paved,,310 S 600 W
101034,0.51,0.0,2023-04-20,2023-01-10,540000,0,0,2023-05-22,0.0,VA,D-1214-0032-0000,4,2,1,0,0,1,1,2107,2022,Paved,Year Round,4967 N 2475 W
101049,0.03,0.0,2023-02-14,2023-01-11,334900,0,0,2023-04-25,334900.0,CASH,B-2021-0045-0000,3,2,1,0,1,1,1,1734,2023,Paved,Year Round,668 E Fiddlers Cove #45
101050,0.03,0.0,2023-03-15,2023-01-11,334900,0,0,2023-04-05,335000.0,CASH,B-2021-0038-0000,3,2,1,0,1,1,1,1734,2023,Paved,Year Round,668 E Fiddlers Cove #38
101051,0.03,0.0,2023-02-27,2023-01-11,334900,0,5000,2023-03-27,334900.0,FHA,B-2021-0041-0000,3,2,1,0,1,1,1,1734,2023,Paved,Year Round,668 E Fiddlers Cove #41
101052,0.03,0.0,2023-01-24,2023-01-11,334900,0,6628,2023-03-30,334900.0,CONV,B-2021-0042-0000,3,2,1,0,1,1,1,1734,2023,Paved,Year Round,668 E Fiddlers Cove #42
101053,0.03,0.0,2023-02-14,2023-01-11,339900,0,0,2023-04-25,334900.0,CASH,B-2021-0044-0000,3,2,1,0,1,1,1,1734,2023,Paved,Year Round,668 E Fiddlers Cove #44
101054,0.34,100.0,2024-01-08,2023-01-12,939000,2202,10000,2024-02-06,899000.0,CONV,B-2012-0404-0000,7,4,0,0,1,1,1,4268,2023,Paved,Year Round,2853 W Rock Ridge Road
101055,0.0,0.0,2023-02-09,2023-01-12,269900,0,0,2023-03-24,0.0,CONV,A-1172-0046-0000,1,1,1,0,1,1,1,612,1973,Paved,Year Round,226 S Hwy 143 #16-A
101066,0.0,0.0,2023-01-24,2023-01-13,119900,0,0,2023-02-15,125000.0,CASH,A-1172-0022-0000,1,1,0,0,1,1,1,294,1973,Paved,,226 S HWY 143 #8-b
101071,0.28,97.0,2023-01-19,2023-01-13,385000,1362,0,2023-03-30,365000.0,CASH,B-1151-0004-0002-12,6,3,0,0,1,1,1,2724,1984,Paved,,991 S Interstate Drive
101073,0.5,0.0,2023-02-02,2023-01-13,265000,0,7000,2023-03-08,265000.0,FHA,A-0840-0002-0012,3,2,0,0,0,1,1,1343,1999,Paved,,4483 N Tomahawk N
101075,4.34,100.0,2023-02-27,2023-01-12,835000,2048,0,2023-04-05,809500.0,CONV,B-1598-0008-0000,6,3,0,0,1,1,1,4096,2005,Paved,,3527 W 1600 N
101081,0.6,0.0,2023-01-27,2023-01-14,439900,0,17009,2023-03-01,438000.0,CONV,D-1213-000E-0008,3,2,0,0,0,1,1,1586,2018,Paved,,1289 S 4175 W
101086,0.5,0.0,2023-05-04,2023-01-16,489000,0,0,2023-05-19,475000.0,CASH,D-1209-000A-0003,3,2,0,0,1,1,1,2013,2007,Paved,,851 S 4375 W
101087,0.12,0.0,2023-02-07,2023-01-16,315000,0,300,2023-02-28,305000.0,CONV,B-1807-0002-000E,3,2,0,0,1,1,1,1420,2005,Paved,,4239 W 200 N
101104,0.1,0.0,2023-01-31,2023-01-18,389990,0,4000,2023-03-24,389990.0,FHA,B-2026-002A-0000,4,2,1,0,0,1,1,1852,2023,Paved,Year Round,773 S Liberty Cove Drive
101108,0.2,100.0,2023-02-05,2023-01-18,459900,1520,2000,2023-03-20,459000.0,CASH,B-1119-0008-0000,4,2,1,0,2,1,1,3040,1956,Paved,,315 S 700 W
101110,0.32,0.0,2023-02-03,2023-01-17,549900,0,0,2023-02-22,520000.0,CASH,B-1827-0032-0000,3,2,1,0,1,1,1,2229,2008,Paved,Year Round,2510 W Carmel Canyon Drive
101112,0.0,0.0,2023-08-14,2023-01-18,265000,0,0,2023-10-20,265000.0,Own Fin,A-1177-0002-000A,1,1,0,0,1,1,1,702,1984,Paved,Year Round,117 E Steam Engine #2a Drive
101117,0.27,0.0,2023-02-27,2023-01-18,399000,0,6500,2023-05-02,403500.0,CONV,B-2020-0094-0000,3,2,1,0,1,1,1,1664,2023,Paved,Year Round,4514 W 275 Lot 93 N
101119,0.27,0.0,2023-04-03,2023-01-18,409900,0,2500,2023-05-02,409900.0,FHA,B-2020-0094-0000,4,2,1,0,0,1,1,1601,2023,Paved,,4534 W 275 Lot 94 N
101128,1.0,0.0,2023-02-14,2023-01-17,325000,0,10000,2023-03-17,325000.0,CONV,A-0877-0002-0007,3,2,0,0,0,1,1,1440,1978,Paved,,4125 N Driftwood Lane
101132,0.72,5.0,2023-03-06,2023-01-19,499000,1571,0,2023-03-30,485000.0,CONV,D-0463-0004-0000,3,2,0,0,0,1,1,3142,2022,Paved,,4726 N 2600 W
101133,0.28,100.0,2023-05-09,2023-01-19,724900,2302,0,2023-06-02,681125.0,CONV,B-1400-0005-0000,5,4,0,0,1,1,1,4703,1995,Paved,,2136 W 30 N
101137,0.21,25.0,2023-03-04,2023-01-19,555900,1687,0,2023-04-24,555900.0,CASH,B-1568-0003-0005,4,3,0,0,1,1,1,3374,2022,Paved,,2893 W Hawk Drive
101139,0.28,0.0,2023-01-27,2023-01-19,459990,1821,0,2023-04-27,459990.0,CONV,B-1857-0027-0060,3,2,0,0,0,1,1,3495,2023,Paved,Year Round,3540 W Sevy #60 Street
101145,0.02,0.0,2023-01-20,2023-01-20,287000,0,0,2023-04-26,277000.0,CASH,B-1961-0015-000A,3,2,1,0,0,1,1,1242,2023,Paved,Year Round,920 S 25 #16A E
101146,0.38,100.0,2023-01-31,2023-01-20,425000,432,10000,2023-02-22,410000.0,CONV,B-1117-0008-0021,4,3,0,0,0,1,1,1790,1994,Paved,,484 S Casa Loma Lane
101152,0.18,60.0,2023-03-27,2023-01-20,319900,823,0,2023-03-27,300000.0,CONV,B-0045-0026-0000,5,2,0,0,2,1,1,2114,1949,Paved,,137 N 1050 W
101153,0.03,0.0,2023-02-12,2023-01-20,287000,0,0,2023-02-24,285000.0,CASH,B-1958-0046-000F,3,2,1,0,0,1,1,1407,2020,Paved,Year Round,3074 N 275 E
101157,0.02,100.0,2023-05-10,2023-01-23,239900,0,7000,2023-06-09,233500.0,FHA,B-1960-0008-000B,3,2,1,0,0,1,1,1258,2007,Paved,Year Round,920 S 25 #8b E
101158,0.51,0.0,2024-02-09,2023-01-23,599900,0,0,2024-02-26,599900.0,VA,D-0535-0031-0000,3,2,1,0,1,1,1,2115,2022,Paved,Year Round,5145 N 2570 W
101159,0.36,0.0,2023-08-10,2023-01-23,499900,0,15000,2023-09-25,514900.0,CONV,D-0535-0011-0000,3,2,0,0,1,1,1,1782,2022,Paved,,2560 W 5190 N
101162,0.52,0.0,2023-02-14,2023-01-23,604900,0,5000,2023-03-15,604900.0,FHA,D-0535-0013-0000,5,3,1,0,1,1,1,2598,2022,Paved,Year Round,5165 N 2570 W
101163,0.12,0.0,2023-07-10,2023-01-23,357900,0,3800,2023-07-31,357900.0,CONV,B-2029-0003-000N,3,2,0,0,0,1,1,1448,2022,Paved,Year Round,2791 N Rosie Loop
101165,0.12,0.0,2023-08-17,2023-01-23,360400,0,2500,2023-09-14,361500.0,FHA,B-2029-0003-000S,3,2,0,0,0,1,1,1448,2023,Paved,Year Round,2783 N Rosie Loop
101166,0.12,0.0,2023-05-09,2023-01-23,360400,0,2500,2023-05-25,361037.0,CONV,B-2029-0002-000N,3,2,0,0,0,1,1,1448,2023,Paved,Year Round,2777 N Rosie Loop
101167,0.17,100.0,2023-01-25,2023-01-23,425000,1702,0,2023-03-24,425000.0,CONV,B-1803-0009-0000,6,3,0,0,1,1,1,3404,2007,Paved,,4268 W 150 N
101174,0.28,0.0,2023-02-10,2023-01-24,500000,0,0,2023-04-12,495000.0,CASH,B-1858-0024-0000,4,2,0,0,1,1,1,2021,2008,Paved,,359 S Glen Canyon Drive
101175,0.19,0.0,2023-01-24,2023-01-24,215000,0,0,2023-03-02,215000.0,CONV,B-1893-11,2,1,0,0,0,1,1,765,2007,,Year Round,1883 N 1600 North Access Road
101176,0.19,0.0,2023-01-24,2023-01-24,215000,0,0,2023-01-31,215000.0,CASH,B-1893-11,2,1,0,0,0,1,1,765,2007,Paved,Year Round,1907 N 1600 North Access Road
101181,0.27,0.0,2023-03-06,2023-01-19,434990,1700,0,2023-04-18,434990.0,CONV,B-1857-0027-0061,3,2,0,0,0,1,1,3248,2023,Paved,Year Round,3524 W Sevy #61 Circle
101187,0.02,0.0,2023-03-31,2023-01-24,294990,0,0,2023-05-12,294990.0,CASH,B-1857-1034-0000,3,2,0,0,0,1,1,1399,2023,Paved,Year Round,501 S May 1034 Drive
101188,0.02,0.0,2023-03-31,2023-01-24,269990,0,0,2023-05-12,269990.0,CASH,B-1857-1035-0000,3,2,0,0,0,1,1,1300,2023,Paved,Year Round,503 S May 1035 Drive
101190,3.14,0.0,2023-03-03,2023-01-25,600000,0,10000,2023-03-28,579000.0,CONV,D-0502-0001-0001-01,5,2,1,0,1,1,1,1946,1999,Paved,,2437 W 5700 N
101194,0.57,100.0,2023-02-15,2023-01-25,448500,0,13650,2023-03-08,455000.0,CONV,D-0463-0011-0000,4,2,0,0,0,1,1,1649,2023,Paved,Year Round,4568 N 2600 W
101195,0.18,50.0,2023-04-23,2023-01-25,485000,1600,20000,2023-05-16,500000.0,CONV,B-1999-0049-0000,4,3,0,0,1,1,1,3231,2017,Paved,,54 N 2825 W
101196,0.26,0.0,2023-04-28,2023-01-25,397000,0,0,2023-05-19,397000.0,CONV,B-2020-0027-0000,3,2,0,0,0,1,1,1500,2023,Paved,,4436 W 275 N
101210,2.05,100.0,2023-03-10,2023-01-25,875000,1400,0,2023-05-05,832000.0,CONV,D-1024-0011-0011,5,4,1,0,3,1,1,4307,1994,Paved,,1154 E High Mountain View Drive
101212,0.29,0.0,2023-01-26,2023-01-26,487000,0,0,2023-03-03,485000.0,CONV,B-1770-0032-0000,3,2,1,0,1,1,1,1674,2005,Paved,,471 E Hillview Drive
101220,0.38,0.0,2023-03-14,2023-01-26,750000,0,0,2023-03-31,725000.0,CASH,A-1100-0012-0000,4,3,1,0,1,1,1,2988,2021,Paved,Year Round,5301 N Black Rock Circle
101222,0.41,0.0,2023-04-18,2023-01-27,349000,0,0,2023-05-24,335000.0,FHA,A-0780-0000-000G-05,4,2,0,0,1,1,1,2042,2002,Paved,,1507 E Sunrise Drive
101224,0.28,0.0,2023-04-11,2023-01-27,467500,0,0,2023-05-19,467500.0,CONV,A-0990-0009-0000,4,2,1,0,0,1,1,2300,2023,Paved,,"1107 E 4290 Lot 9, Phs 4, Settlers Square N"
101225,0.18,100.0,2023-03-14,2023-01-27,310000,845,8600,2023-05-02,304000.0,CONV,B-0045-0034-0000,3,2,0,0,0,1,1,2145,1950,Paved,Year Round,146 N 1150 W
101226,0.59,0.0,2023-03-27,2023-01-27,320000,0,5000,2023-04-10,310000.0,FHA,D-0518-0086-0000,3,2,0,0,0,1,1,1385,1997,Paved,,2776 W 5325 N
101228,0.53,100.0,2023-04-03,2023-01-27,415000,960,0,2023-05-31,415000.0,CONV,A-0874-0000-000B-03,5,3,0,0,1,1,1,3007,1975,Paved,,4509 N Magnolia Drive
101230,0.95,100.0,2023-03-17,2023-01-27,385000,1008,0,2023-04-12,365000.0,FHA,A-0779-0092-0000,5,2,0,0,0,1,1,2016,1994,Paved,,1790 E Homestead Boulevard
101235,0.0,0.0,2023-02-12,2023-01-27,249000,0,6500,2023-03-14,246500.0,CONV,B-1869-0015-000F,2,2,0,0,0,1,1,1307,2007,Paved,,1177 N Northfield #12 Road
101237,0.29,0.0,2023-03-06,2023-01-30,270000,0,0,2023-03-29,240000.0,CONV,A-0209-0000-0000,3,2,1,0,0,1,1,2085,1879,Paved,Year Round,36 N 100 E
101259,0.41,4421.0,2023-06-21,2023-02-01,1499900,4421,0,2023-08-10,1450000.0,CONV,B-1424-0068-0000,7,7,2,0,3,1,1,9155,1997,Paved,,2191 W Parkview Drive
101260,0.24,0.0,2023-06-14,2023-02-01,405000,0,0,2023-06-30,390000.0,CASH,B-1425-0017-0000,4,2,1,0,1,1,1,1820,2000,Paved,,715 S 1750 W
101262,0.0,0.0,2023-02-24,2023-02-01,265900,0,0,2023-03-21,240000.0,CASH,B-1151-0001-0004-015,2,2,0,0,0,1,1,1136,1977,Paved,,934 Three Fountains
101270,0.02,0.0,2023-03-27,2023-02-01,324990,632,0,2023-05-04,324990.0,CONV,B-1857-1075-0000,4,2,1,0,0,1,1,2244,2023,Paved,Year Round,2967 W Hiatt 1075 Way
101284,0.0,0.0,2024-06-28,2023-02-03,205000,0,6000,2024-07-30,205000.0,VA,A-1176-0002-0013,1,1,0,0,1,1,1,658,1984,Paved,Year Round,464 N HWY 143 #A213
101291,0.0,0.0,2023-02-22,2023-02-01,279900,0,0,2023-03-09,270000.0,Other,B-1869-0016-000B,3,2,1,0,0,1,1,1570,2007,Paved,,1177 N Northfield #2 Road
101293,0.02,5.0,2023-05-06,2023-02-03,334990,632,0,2023-07-03,334990.0,CONV,B-1857-1016-0000,3,2,1,0,0,1,1,2187,2023,Paved,Year Round,2965 W Ezra #1016 Drive
101295,0.23,0.0,2023-02-09,2023-02-03,459000,0,0,2023-03-10,450000.0,CASH,A-0414-0002-0000,4,2,0,0,1,1,1,1660,2006,Paved,Year Round,435 W 400 N
101300,0.03,5.0,2023-03-25,2023-02-04,318990,632,0,2023-04-20,309990.0,VA,B-1857-1017-0000,3,2,1,0,0,1,1,2187,2023,Paved,Year Round,2969 W Ezra #1017 Drive
101302,0.0,0.0,2023-06-21,2023-02-04,325000,0,0,2023-07-10,290000.0,CASH,A-1153-0050-0000,1,2,0,0,1,1,1,880,1980,Paved,Year Round,385 S Vasels (fka Brian Head Blvd) #50 Road
101303,0.19,0.0,2023-05-04,2023-02-06,530000,1718,0,2023-06-01,530000.0,CONV,B-2016-0004-0000,3,2,0,0,0,1,1,3337,2023,Paved,,3329 W Spring
101307,0.13,100.0,2023-04-19,2023-02-06,415000,1228,10000,2023-05-23,410000.0,CONV,B-1096-0011-0000,5,2,0,0,1,1,1,2820,1960,Paved,Year Round,437 Circle Way Drive
101310,0.3,0.0,2023-02-07,2023-02-06,439900,0,0,2023-02-14,442000.0,CASH,B-2020-0040-0000,3,2,0,0,0,1,1,1656,2022,Paved,Year Round,4385 W 275 N
101313,0.27,100.0,2023-07-15,2023-02-06,370000,1215,0,2023-08-31,350000.0,VA,A-0351-0001-0000,5,3,0,0,1,1,1,2430,1978,Paved,Year Round,86 W 300 N
101317,0.04,0.0,2023-03-13,2023-02-06,330000,0,0,2023-04-13,325000.0,CONV,B-2003-0012-0000,3,2,0,0,0,1,1,1454,2020,Paved,,1825 N Lund #12
101320,0.25,100.0,2023-05-18,2023-02-07,449000,1308,7000,2023-06-27,430000.0,CONV,B-1154-0001-0019,5,3,0,0,2,1,1,2646,1979,Paved,,945 W Cedar Knolls S
101325,0.08,0.0,2023-02-21,2023-02-07,309000,0,9060,2023-03-03,302000.0,CONV,B-1870-0090-0001,3,2,1,0,1,1,1,1671,2007,Paved,,2774 N Mountain Valley Trail
101326,0.24,100.0,2023-03-23,2023-02-07,598000,1856,0,2023-05-12,589000.0,CASH,B-1728-0003-0000,4,2,1,0,1,1,1,3842,2003,Paved,Year Round,709 E 2250 N
101334,0.21,100.0,2023-02-11,2023-02-08,275000,925,0,2023-03-22,275000.0,Other,B-1103-0074-0000,3,2,0,0,1,1,1,1850,1960,Paved,,509 S 300 E
101339,0.44,0.0,2023-03-11,2023-02-08,395000,0,10000,2023-04-12,379000.0,CONV,A-0906-0001-0000,4,2,1,0,1,1,1,1729,1998,Paved,Year Round,4792 N Oregon Trail
101340,0.28,0.0,2023-03-23,2023-02-09,455000,1511,0,2023-06-14,544145.0,CASH,A-0990-0008-0000,3,2,0,0,0,1,1,3209,2023,Paved,,"1093 E 4290 N Lot 8, Phs 4 Settlers Square"
101342,0.02,0.0,2023-03-31,2023-02-09,289990,0,0,2023-05-12,289990.0,CASH,B-1857-1036-0000,3,2,0,0,0,1,1,1399,2023,Paved,Year Round,507 S May 1036 Drive
101344,0.05,0.0,2023-04-26,2023-02-09,339000,0,0,2023-05-22,285000.0,CONV,B-1472-00A4-0050,3,2,0,0,1,1,1,1616,2002,Paved,Year Round,195 E Fiddlers Canyon #50
101348,0.45,0.0,2023-02-10,2023-02-09,385000,0,5000,2023-03-15,386000.0,FHA,A-0917-0032-0000,4,2,0,0,0,1,1,1552,2005,Paved,,1782 E Heritage Park
92436,0.02,0.0,2022-03-03,2021-01-21,295000,0,0,2022-04-28,295000.0,CONV,B-2013-0007-0000,2,2,1,0,0,1,1,1388,2022,Paved,Year Round,498 W 1225 #7 N
92441,0.02,0.0,2021-01-25,2021-01-21,249900,0,0,2022-04-29,270000.0,CONV,B-2013-0011-0000,3,2,1,0,0,1,1,1500,2022,Paved,Year Round,498 W 1225 #11 N
96927,0.3,100.0,2022-02-13,2022-02-09,714900,1705,0,2022-03-17,710775.0,CASH,B-1812-0038-0000,4,3,0,0,1,1,1,3425,2016,Paved,Year Round,2084 N Lumberjack Way
96940,0.25,100.0,2022-03-20,2022-02-10,550000,1376,0,2022-05-03,535000.0,CASH,B-1119-0010-0000,7,3,1,0,2,1,1,3236,1953,Paved,,347 S 700 W
96941,0.25,0.0,2022-03-07,2022-02-10,530000,0,0,2022-03-29,520000.0,CONV,B-1828-0035-0000,3,2,1,0,0,1,1,1978,2006,Paved,,207 S House Rock Drive
97370,0.3,100.0,2022-04-01,2022-03-21,684500,1816,0,2022-04-25,725000.0,CONV,B-1800-010A-0000,7,4,0,0,2,2,1,4345,2006,Paved,Year Round,1037 E Mill Hollow Way
97376,0.5,5.0,2022-03-26,2022-03-21,559900,1849,6000,2022-04-20,559900.0,CONV,D-1209-000C-0008,3,2,1,0,1,1,1,3698,2022,Paved,,948 S 4425 W
97445,0.25,100.0,2022-11-22,2022-03-24,625000,2390,0,2022-12-22,602500.0,CONV,B-1828-0007-0000,6,4,1,0,0,1,1,4826,2007,Paved,,120 S House Rock Drive
97456,0.02,0.0,2022-03-29,2022-03-24,250000,0,0,2022-05-04,246000.0,FHA,B-1960-0004-000D,3,2,1,0,0,1,1,1258,2007,Paved,Year Round,920 S 25 #4D E
97511,0.16,0.0,2022-04-03,2022-03-15,375000,0,0,2022-05-12,400000.0,FHA,B-1833-0024-0000,3,2,0,0,1,1,1,1437,2006,Paved,,478 W 2050 N
97521,0.23,90.0,2022-03-30,2022-03-30,550000,1508,0,2022-05-13,550000.0,CONV,D-1216-0066-0000,5,3,0,0,0,1,1,3052,2020,Paved,,3660 N 2275 W
97530,0.15,0.0,2022-04-02,2022-03-31,325000,0,0,2022-04-21,330000.0,CASH,B-1807-0013-000E,3,2,0,0,1,1,1,1420,2005,Paved,,4281 W 250 N
97555,0.19,0.0,2022-06-07,2022-04-01,510000,1633,0,2022-07-13,510000.0,VA,B-2002-0057-0000,3,2,0,0,1,1,1,3266,2019,Paved,Year Round,128 N Bristol Drive
97576,0.35,0.0,2022-04-04,2022-04-04,349900,450,0,2022-04-29,349900.0,Other,A-0449-0000-0000,3,2,0,0,2,1,1,2342,1918,Paved,,112 S 500 W
97597,0.25,80.0,2022-04-08,2022-04-04,579000,1488,0,2022-04-29,617100.0,CONV,B-1856-0005-0000,5,3,0,0,1,1,1,3148,2015,Paved,,48 S Cimarron Circle
97626,0.18,5.0,2022-05-16,2022-04-06,530000,1565,7500,2022-10-11,535315.0,CONV,B-2017-0007-0000,3,2,0,0,0,1,1,3263,2022,Paved,,193 N Strathmore (Lot 7)
97665,0.02,0.0,2022-06-17,2022-04-08,285000,0,3000,2022-07-19,285000.0,CONV,B-1955-0027-000E,3,2,1,0,1,1,1,1578,2008,Paved,,1288 N Cedar BLDV #27 N
97678,0.2,0.0,2022-08-18,2022-04-11,440000,0,0,2022-09-22,440000.0,CASH,B-2017-0022-0000,3,2,0,0,0,1,1,1595,2022,Paved,,106 N Strathmore (Lot 22) Lane
97770,0.13,0.0,2022-04-24,2022-04-16,349500,0,0,2022-04-24,349500.0,CONV,A-0026-0001-0003,3,2,0,0,1,1,1,1334,1993,Paved,Year Round,626 W 60 N
97797,0.14,0.0,2022-04-22,2022-04-19,399900,0,5000,2022-05-31,405000.0,CONV,B-1379-0030-0001,3,2,1,0,1,1,1,2090,1993,Paved,,963 W 1325 S
97838,0.26,0.0,2022-05-13,2022-04-22,415000,0,0,2022-07-14,415000.0,CASH,A-1034-0007-0000,3,2,0,0,0,1,1,1541,2022,Paved,,"1085 E Southern Homestead Blvd Lot 7, Phs 3, Settlers Square"
97880,0.51,0.0,2022-05-02,2022-04-27,486000,0,0,2022-06-01,507000.0,CONV,D-1209-000A-0011,3,2,0,0,1,1,1,1639,2006,Paved,,995 S 4375 W
98086,19.39,5.0,2022-05-18,2022-05-09,499999,1252,0,2022-06-07,516000.0,CASH,E-0259-0012-0000,3,2,0,0,1,1,1,2504,1993,Unimproved,Year Round,3980 S 5700 W
98095,0.52,0.0,2022-05-12,2022-05-10,214900,0,0,2022-05-26,230000.0,CASH,A-0878-0012-0004,3,2,0,0,0,1,1,1551,1997,Paved,,202 W Palomino Drive
98103,0.13,0.0,2022-05-12,2022-05-10,315000,0,0,2022-06-15,315000.0,FHA,B-1161-0003-0016-01,3,1,0,0,0,1,1,1104,1980,Paved,,1708 N Cedar Boulevard
98137,0.4,100.0,2022-06-15,2022-05-11,665000,1931,0,2022-06-30,625000.0,CASH,B-1450-0007-0000,6,3,0,0,1,2,1,3862,1998,Paved,Year Round,2048 W 30 N
98240,0.03,90.0,2022-07-09,2022-05-16,339900,560,0,2022-08-05,337000.0,CONV,B-1898-0058-0000,4,3,1,0,0,1,1,2100,2018,Paved,,173 E Fiddlers Canyon #58
96225,0.45,0.0,2021-11-23,2021-11-19,230000,0,0,2022-01-14,230000.0,CASH,A-0688-0000-0000,2,1,0,0,1,1,1,2042,1894,Paved,,150 N Main Street
96232,0.26,0.0,2021-12-09,2021-11-19,436000,0,0,2022-02-16,436000.0,FHA,A-0883-0011-0000,4,2,1,0,1,1,1,2118,2022,Paved,,"1024 E 4375 North Lot 11, Settlers Square Phs 2"
96238,0.42,100.0,2021-12-28,2021-11-22,485900,1353,0,2022-04-15,485900.0,FHA,a-0974-0124-00000,5,3,0,0,0,1,1,2695,2021,Paved,,4255 Gold Dust Trail Street
98283,0.25,90.0,2022-05-24,2022-05-19,350000,696,0,2022-07-07,350000.0,CONV,B-1151-0004-0002-19,3,1,0,1,1,1,1,2088,1984,Paved,,1276 W 1070 S
96291,0.21,0.0,2021-12-12,2021-11-29,362500,0,0,2022-01-31,362500.0,CONV,B-1873-0020-0000,3,2,1,0,0,1,1,1817,2022,Paved,Year Round,42 E 820 S
98340,0.15,0.0,2022-06-27,2022-05-24,375000,0,0,2022-08-01,365000.0,VA,B-1847-0038-0000,3,2,1,0,1,1,1,1601,2006,Paved,Year Round,92 N 4250 W
96325,0.23,0.0,2022-02-18,2021-12-02,427900,0,5000,2022-04-01,422000.0,CONV,B-1870-0024-0000,3,2,0,0,0,1,1,1561,2015,Paved,,2878 N Clark Parkway
96370,0.19,0.0,2022-01-19,2021-12-09,439900,0,0,2022-02-04,439900.0,CASH,B-1568-0003-0011,3,2,0,0,0,1,1,1573,2021,Paved,,2902 W Hawk Drive
96394,0.16,0.0,2021-12-27,2021-12-14,369000,0,0,2022-01-31,375500.0,CONV,B-1867-0017-0000,3,2,0,0,0,1,1,1337,2007,Paved,,496 W 2075 N
98474,0.27,0.0,2022-07-21,2022-06-01,460000,0,20500,2022-08-25,440000.0,VA,B-1739-0029-0000,4,2,1,0,1,1,1,2265,2003,,Year Round,1583 N 3775 W
96416,0.03,0.0,2022-04-13,2021-12-15,305000,0,0,2022-05-19,315000.0,CONV,B-1958-0025-000G,3,2,1,0,0,1,1,1420,2021,Paved,Year Round,3072 N 175 E
98504,1.32,100.0,2022-09-27,2022-06-03,789000,2213,20000,2022-11-04,770000.0,CONV,D-1190-000D-0004,5,2,1,0,1,1,1,4646,2002,Paved,,545 N 4275 W
96469,0.37,0.0,2022-01-20,2021-12-22,304000,0,3000,2022-02-11,300000.0,VA,A-0996-0000-0000,1,1,1,0,0,1,1,795,2021,,Year Round,5510 N 500 E
98553,1.17,0.0,2022-06-09,2022-06-06,650000,0,0,2022-08-25,650000.0,VA,A-0758-0002-0002,5,2,1,0,1,1,1,2300,2020,Paved,Year Round,5068 N Veteran Memorial Drive
94342,0.27,0.0,2021-06-15,2021-06-14,389900,1511,0,2022-01-27,407311.0,CONV,A-0883-0016-0000,3,2,0,0,1,1,1,3209,2022,Paved,,1088 E 4375 N Lot 16 Settlers Square Phs 2
96539,0.03,0.0,2022-01-07,2022-01-04,305000,0,0,2022-03-21,305000.0,CASH,B-1958-0025-000C,3,2,1,0,0,1,1,1420,2022,Paved,Year Round,3064 N 175 E
99518,0.07,0.0,2022-08-11,2022-08-02,97500,0,1545,2022-09-09,95000.0,CASH,,3,1,1,0,0,1,1,1078,1985,Paved,,1790 N Minersville Hwy #19
99519,0.03,0.0,2023-04-29,2022-08-02,313000,0,0,2023-05-26,313000.0,FHA,B-1472-000B-0001,3,2,1,0,1,1,1,1500,1995,Paved,,195 E Fiddlers Canyon #5 Road
96988,0.02,0.0,2022-02-15,2022-02-15,349900,0,0,2022-06-13,349900.0,CASH,B-2021-0008-0000,3,2,1,0,1,1,1,1734,2022,Paved,,668 E Fiddlers Cove Drive #8
97015,0.15,0.0,2022-06-23,2022-02-16,365000,0,0,2022-08-02,365000.0,CONV,B-2017-0002-000W,3,2,1,0,0,1,1,1673,2022,Paved,,2640 W Meadow (Lot 2 W) Street
99596,0.35,100.0,2022-09-13,2022-08-08,370000,50,0,2023-01-05,350000.0,VA,A-0061-0000-0000,4,2,1,0,0,1,1,1784,1908,Paved,Year Round,7 S 200 E
99608,0.02,0.0,2022-08-31,2022-08-08,354900,0,0,2022-11-23,354900.0,VA,b-2021-0032-0000,3,2,1,0,1,1,1,1734,2022,Paved,,668 E Fiddlers Cove Drive #32
99625,0.31,100.0,2022-09-20,2022-08-09,415000,923,8500,2022-10-31,415000.0,FHA,B-1117-0007-0001,4,1,0,2,2,1,1,2726,1974,Paved,,431 Casa Loma Lane
97065,0.17,0.0,2022-02-18,2022-02-18,320000,0,0,2022-03-15,320000.0,CONV,B-1098-0010-0000,3,1,0,0,0,1,1,1158,1958,Paved,,570 S 640 W
97161,0.49,100.0,2022-04-08,2022-02-28,839000,1854,0,2022-05-19,830000.0,CONV,B-1872-0076-0000,6,3,0,0,1,1,1,3708,2015,Paved,Year Round,2076 S Talon Circle
97163,0.08,0.0,2022-03-02,2022-03-01,349900,0,0,2022-05-23,350000.0,CASH,B-1942-0006-000E,3,2,1,0,0,1,1,1715,2018,Paved,,519 W 2150 N
97169,0.86,0.0,2022-04-06,2022-03-01,360000,0,0,2022-05-05,345000.0,CONV,D-0518-0031-0001,3,2,0,0,1,1,1,1320,1988,Paved,,2920 W 4800 N
97186,0.76,100.0,2022-03-09,2022-03-01,550000,1880,0,2022-04-19,550000.0,CONV,E-0670-0001-0013,6,4,2,0,3,1,1,3760,1977,Paved,,9460 W 2175 S
99696,1.31,100.0,2023-11-12,2022-08-12,685000,1390,18600,2023-12-07,620000.0,CONV,A-5000-0006-0008,5,3,1,0,2,1,1,3678,1997,Unimproved,Year Round,891 E High Mountain View Drive
97255,0.0,0.0,2022-03-15,2022-03-09,185000,0,0,2022-04-08,200000.0,CASH,B-1805-000C-0011,2,2,0,0,0,1,1,918,2006,Paved,,576 W 1045 #c-11 N
97295,0.18,100.0,2022-03-15,2022-03-05,353900,960,0,2022-04-15,353900.0,CONV,A-0511-0005-0015,3,2,0,0,0,1,1,1988,1982,Paved,Year Round,243 S 750 W
97296,0.03,0.0,2022-03-14,2022-03-14,342000,0,0,2022-09-30,349000.0,CASH,B-2018-0004-0000,3,2,1,0,0,1,1,1810,2022,Paved,Year Round,2875 W Cody #4 Road
99795,0.17,0.0,2023-06-29,2022-08-24,390000,0,11500,2023-07-26,391000.0,VA,B-1803-0011-0000,3,2,0,0,0,1,1,1626,2022,Paved,Year Round,4254 W 150 N
97360,0.2,75.0,2022-04-05,2022-03-18,319999,672,0,2022-05-06,311000.0,CONV,B-0119-0007-0000,2,1,0,0,0,1,1,1344,1941,Paved,,117 N 700 W
98627,0.02,0.0,2022-07-14,2022-06-08,280000,0,0,2022-08-16,275000.0,CONV,B-1742-0079-0000,3,2,1,0,0,1,1,1365,2005,Paved,,1148 N Northfield rd. #79
99855,0.26,0.0,2023-01-30,2022-08-31,484900,0,0,2023-02-28,470000.0,CONV,B-2020-0018-0000,4,2,0,0,0,1,1,1896,2022,Paved,,4405 W 300 N
99871,0.24,0.0,2022-09-28,2022-08-30,549900,0,0,2022-11-04,525000.0,CASH,B-1746-0020-0000,3,2,0,0,0,1,1,1706,2004,Paved,,2395 W Cody Drive
98660,0.63,0.0,2022-10-10,2022-06-10,352250,0,0,2022-12-28,352250.0,CASH,A-0916-0001-002B,3,2,0,0,1,1,1,1848,1995,Paved,Year Round,4833 N Highway 91
98668,0.56,5.0,2022-12-21,2022-06-10,479000,1571,15000,2023-02-09,479000.0,CONV,D-0462-0013-0000,3,2,0,0,0,1,1,3142,2022,Paved,,4389 N 2525 W
99942,0.28,0.0,2022-11-16,2022-09-04,869000,2023,0,2022-11-22,845000.0,CASH,B-1737-0002-0000,3,2,0,0,1,1,1,4446,2022,Paved,,1204 Fairway Drive
99946,0.02,0.0,2022-09-27,2022-09-06,278500,0,0,2022-11-22,277500.0,CASH,B-2015-0060-0000,2,2,1,0,0,1,1,1289,2022,Paved,Year Round,1681 N 3200 #B W
98742,0.24,0.0,2022-06-16,2022-06-15,524900,0,0,2022-06-30,509500.0,CASH,B-1828-0011-0000,4,3,0,0,1,1,1,2355,2006,Paved,Year Round,180 S House Rock Drive
98782,0.02,0.0,2022-10-28,2022-06-15,310000,0,0,2022-11-14,302000.0,CASH,B-1386-0077-0000,3,2,1,0,0,1,1,1620,2020,Paved,,1510 W 1550 #D S
99986,0.03,0.0,2022-10-25,2022-09-09,289000,0,0,2022-11-23,284000.0,CASH,B-1958-0005-000E,3,2,1,0,0,1,1,1402,2016,Paved,,240 E 3025 N
100040,0.2,100.0,2023-01-17,2022-09-13,309900,912,14400,2023-01-31,317000.0,CONV,B-0023-0010-0002,5,2,0,0,1,1,1,1824,1973,Paved,,1161 Lunt Circle
100058,0.29,0.0,2022-12-07,2022-09-15,498030,1946,0,2023-01-25,498030.0,CONV,B-1857-0027-0042,3,2,1,0,1,1,1,3812,2022,Paved,Year Round,3556 W Foundation 42 Trail
98869,0.44,0.0,2022-08-15,2022-06-21,495500,0,0,2022-11-18,495553.0,CASH,D-0582-0005-0000,4,2,1,0,1,1,2,2821,2022,Paved,Year Round,4669 N 2000 West Street
98916,0.0,100.0,2022-07-21,2022-06-23,344000,1308,2000,2022-08-22,344000.0,CONV,B-1151-0001-0004-117,4,2,1,0,1,1,1,2616,1977,Paved,Year Round,907 S Three Fountains Drive
100122,2.62,100.0,2023-04-03,2022-09-20,650000,2049,0,2023-05-23,610000.0,CONV,E-0209-0001-0006-07,5,3,0,0,2,1,1,4098,2003,Paved,,5021 W 1125 S
100125,0.14,0.0,2022-10-13,2022-09-21,400000,0,5000,2022-11-07,380000.0,CONV,B-1832-0002-0001,3,2,1,0,1,1,1,1848,2006,Paved,,1588 S West Canyon Drive
99059,0.41,0.0,2022-08-09,2022-07-01,389000,0,0,2022-09-07,395000.0,FHA,A-0974-0142-0000,2,2,0,0,1,1,1,1520,2020,Paved,,4429 N Half Mile Road
99128,0.12,0.0,2022-09-08,2022-07-07,360000,0,0,2022-10-14,350000.0,FHA,A-2060-0031-0000,3,2,0,0,0,1,1,1345,2018,Paved,,2286 W 475 S
100346,0.18,100.0,2022-12-12,2022-10-10,339900,1087,6500,2023-01-10,326500.0,CONV,B-1098-0045-0000,5,2,1,0,0,2,2,2175,1965,Paved,Year Round,594 S 450 W
100415,0.45,100.0,2022-10-19,2022-10-14,430000,720,0,2022-10-26,430000.0,Own Fin,D-0300-0006-0001,2,3,0,0,3,1,1,2323,2006,Unimproved,Seasonal,2227 E 4425 S
100495,0.1,0.0,2023-01-04,2022-10-26,349900,0,8000,2023-01-18,340000.0,CONV,B-2002-0002-000W,3,2,1,0,0,1,1,1667,2019,Paved,,2804 W Meadow Street
99370,0.41,100.0,2022-09-30,2022-07-25,469000,1524,0,2022-10-28,440000.0,CONV,A-0941-0060-0000,5,3,0,0,0,1,1,3048,2010,Paved,,1943 E Katie Court
100504,0.03,0.0,2022-11-05,2022-10-27,298000,0,0,2022-12-05,294000.0,CASH,B-1976-0026-0086,3,2,1,0,0,1,1,1407,2014,Paved,Year Round,1177 N Northfield #86
103271,0.02,0.0,2023-07-26,2023-07-17,250000,0,4000,2023-08-29,250000.0,Utah Hsng,B-1742-0017-0000,3,2,1,0,0,1,1,1369,2003,Paved,,1148 N Northfield #17 Road
100885,0.03,0.0,2023-02-15,2022-12-16,285000,0,0,2023-03-22,280000.0,CONV,B-1958-0021-000D,3,2,1,0,0,1,1,1420,2023,Paved,Year Round,3035 N 175 E
100913,0.11,0.0,2023-02-10,2022-12-20,349900,0,0,2023-02-28,340000.0,CASH,B-1939-0018-000A,4,2,0,0,0,1,1,1464,2021,Paved,Year Round,258 W Mountain View Drive
100957,0.02,0.0,2022-12-31,2022-12-31,348990,632,0,2023-01-17,340000.0,CASH,B-1857-1013-0000,4,2,1,0,0,1,1,2244,2023,Paved,Year Round,2943 W 475 1013 S
100978,0.0,0.0,2023-02-14,2023-01-04,299900,0,0,2023-03-15,275000.0,CONV,A-1150-0003-0002-016,2,1,0,0,1,1,1,704,1973,,Year Round,226 S Highway 143 #B-2
95737,0.02,0.0,2021-12-20,2021-09-28,260000,0,0,2022-02-22,260000.0,CASH,B-0143-0007-0000,2,2,1,0,0,1,1,1406,2021,Paved,,457 N 400 #7 W
100750,1.17,100.0,2022-11-28,2022-11-23,650000,1579,0,2022-12-16,560000.0,CASH,B-1970-0012-0000,5,3,0,0,1,1,1,3431,1977,Paved,,2200 N 2268 W
100759,0.01,0.0,2023-02-03,2022-11-26,59900,0,0,2023-02-08,50000.0,CASH,0,2,1,0,0,0,1,1,570,1970,,Year Round,1027 N Main #28 Street
101101,0.09,0.0,2023-03-10,2023-01-17,279500,0,500,2023-04-14,275000.0,CONV,B-1378-0011-0001,3,1,0,1,0,1,1,1057,1999,Paved,Year Round,1184 W 475 S
95805,301.38,0.0,2021-11-04,2021-10-06,1534000,0,0,2022-02-01,1400000.0,Own Fin,C-1046-0003-0000,2,2,0,0,0,1,1,1294,1994,Unimproved,Year Round,200 N 4200 W
100775,0.51,0.0,2022-12-08,2022-11-18,495000,0,5000,2023-01-04,495000.0,CONV,D-1214-0029-0000,3,2,0,0,0,1,1,1905,2022,Paved,Year Round,2432 W 4975 N
100783,0.29,0.0,2023-02-26,2022-12-01,470000,0,0,2023-03-29,465000.0,FHA,A-0976-0024-0000,3,2,0,0,1,1,1,1743,2020,Paved,,1343 E Southern Homestead Blvd
100828,0.96,20.0,2023-09-12,2022-12-06,575000,1749,0,2023-10-13,587000.0,CONV,D-0617-0016-0000,3,2,1,0,1,1,1,3498,2023,Paved,Year Round,3749 N 2300 W
101201,0.0,0.0,2023-05-26,2023-01-25,95000,0,0,2023-07-28,90000.0,Other,0,3,2,0,0,0,1,1,1500,2005,,Year Round,780 W 1125 #50 N
101211,0.53,0.0,2023-04-18,2023-01-25,315000,0,0,2023-06-01,312000.0,FHA,D-0527-0001-0004,3,2,0,0,0,1,1,1640,1995,Paved,,2731 W 4950 N
100850,0.0,0.0,2023-09-04,2022-12-10,255000,0,0,2023-09-21,250000.0,Own Fin,A-1176-0003-0010,0,2,0,0,1,1,1,621,1984,Paved,Year Round,464 N Hwy 143 #A310
100853,0.02,0.0,2022-12-16,2022-12-12,294000,0,3500,2023-01-18,284000.0,Utah Hsng,B-1985-0002-0041,3,2,1,0,0,1,1,1570,2016,Paved,,1677 North Main Street #41
95937,0.04,0.0,2021-10-21,2021-10-19,304900,0,0,2022-02-11,306900.0,CONV,B-2003-0041-0000,3,2,0,0,0,1,1,1454,2021,Paved,,1825 N Lund Highway #41
95946,0.41,0.0,2022-01-04,2021-10-20,389000,0,0,2022-02-15,389000.0,CONV,A-0974-0117-0000,3,2,0,0,0,1,1,1559,2022,Paved,,4347 N Gold Dust Trail
101402,0.25,100.0,2023-02-16,2023-02-14,525000,1708,0,2023-03-15,525000.0,CONV,B-1941-0010-0000,5,3,0,0,1,1,1,3416,2010,Paved,,3535 W 325 S Circle
101301,0.03,5.0,2023-04-05,2023-02-04,334990,632,0,2023-04-21,334990.0,CASH,B-1857-1076-0000,3,2,1,0,0,1,1,2187,2023,Paved,Year Round,2973 W Hiatt #1076 Way
101329,0.36,0.0,2023-02-18,2023-02-08,454900,456,10000,2023-04-07,410000.0,CONV,A-0117-0006-0000,4,2,1,0,1,1,1,2199,1995,Paved,Year Round,53 W 200 S
95998,0.33,0.0,2021-10-25,2021-10-22,430000,0,0,2022-01-21,430000.0,CONV,A-0883-0001-0000,4,2,1,0,1,1,1,2314,2022,Paved,,1205 E 4375 North Lot 1 Settlers Square Phs 2
101486,0.03,0.0,2023-05-09,2023-02-22,285000,0,0,2023-06-26,294500.0,CONV,B-1958-0015-000E,3,2,1,0,0,1,1,1420,2023,Paved,Year Round,159 E 3100 N
96041,0.42,0.0,2021-12-18,2021-10-29,410000,0,0,2022-03-15,410000.0,CONV,120,4,2,1,0,0,1,1,1805,2022,Paved,,4299 N Gold Dust Trail Street
101566,0.02,0.0,2023-03-01,2023-03-01,309990,0,0,2023-03-28,309990.0,CONV,B-1857-1066-0000,3,2,0,0,0,1,1,1399,2023,Paved,Year Round,516 S May 1066 Drive
96150,0.26,0.0,2021-11-15,2021-11-11,479900,1630,0,2022-01-05,490000.0,CONV,B-1813-0015-0000,3,2,0,0,1,1,1,3260,2021,Paved,Year Round,3841 W 1225 N
101640,0.02,0.0,2023-04-14,2023-03-10,254000,0,2500,2023-07-31,244000.0,CONV,B-1917-0059-0000,3,2,1,0,0,1,1,1365,2008,Paved,,340 W 1425 #54 N
101649,0.17,100.0,2023-03-12,2023-03-10,449900,1386,0,2023-04-07,449900.0,CASH,B-1098-0023-0000,4,2,1,0,0,1,1,2943,1975,Paved,Year Round,569 S 700 W
101721,0.26,100.0,2023-03-27,2023-03-21,574900,1687,0,2023-04-25,574900.0,CASH,D-1210-0051-00AM,5,3,0,0,1,1,1,3374,2017,Paved,Year Round,3869 N Monarch Drive
101781,1.44,0.0,2023-05-05,2023-03-27,823000,0,0,2023-06-05,823000.0,CONV,A-0702-0003-0000,4,4,0,0,1,1,1,3300,2019,Paved,Year Round,179 E 200 S
101858,0.58,0.0,2023-04-10,2023-04-01,349000,0,7000,2023-05-17,349000.0,CONV,D-0518-0081-0000,3,2,0,0,1,1,1,1140,1997,Paved,,5317 N 2700 W
101941,0.04,0.0,2023-04-14,2023-04-10,339000,0,0,2023-05-15,345000.0,VA,D-0772-0002-0000,3,2,0,0,1,1,1,1454,2020,Paved,Year Round,1825 N Lund Highway # 31
101971,0.02,0.0,2023-07-24,2023-04-12,264000,0,5500,2023-09-12,260000.0,CONV,B-1955-0006-000A,3,2,1,0,1,1,1,1578,2007,Paved,,1295 N North Cedar Unit 6 Boulevard
101977,0.28,0.0,2023-04-29,2023-04-12,435000,0,0,2023-07-21,447013.0,CONV,A-0990-0015-0000,4,2,0,0,1,1,1,1800,2023,Paved,,1144 E 4290 Lot 15 Phs 4 Settlers Square N
102051,0.03,0.0,2023-06-12,2023-04-19,285000,0,0,2023-06-30,290000.0,CONV,B-1958-0015-000B,3,2,1,0,0,1,1,1420,2023,Paved,Year Round,153 E 3100 N
97103,0.25,100.0,2022-06-24,2022-02-22,369000,0,0,2022-07-22,355000.0,FHA,A-0384-0002-0000,4,2,0,0,1,1,1,2038,1978,Paved,,245 E 400 N
102122,0.31,50.0,2023-06-07,2023-04-24,335000,500,0,2023-07-07,325000.0,CONV,A-0161-0000-0000,2,1,0,0,0,1,1,1640,1927,Paved,,191 W 100 N
102149,0.5,5.0,2023-04-29,2023-04-26,499000,1536,0,2023-07-06,499000.0,CONV,D-0463-0017-0000,3,2,0,0,0,1,1,3107,2023,Paved,,4471 N 2600 W
102184,1.53,100.0,2023-08-14,2023-04-28,1199000,974,0,2023-08-31,1100000.0,CASH,A-5000-0003-0011,4,4,1,0,3,1,1,3274,2022,Unimproved,Year Round,2016 S High Juniper Drive
102235,0.14,0.0,2023-06-20,2023-04-28,399900,0,0,2023-07-26,395000.0,CONV,B-1832-0015-000W,4,3,0,0,1,1,1,2030,2011,Paved,,1379 W 1525 S
102254,0.1,0.0,2023-05-04,2023-05-04,399900,0,5700,2023-05-12,399900.0,CASH,B-2026-003A-0000,4,2,1,0,0,1,1,1976,2023,Paved,Year Round,761 S Liberty Cove Drive
102266,0.31,0.0,2023-08-22,2023-05-05,476900,1547,0,2023-09-28,476900.0,VA,A-0990-0001-0000,3,2,0,0,1,1,1,3313,2023,Paved,,"1011 E 4290 N Lot 1, Phs 4, Settlers Square"
102421,0.09,0.0,2023-06-08,2023-05-15,355000,0,6000,2023-07-20,320000.0,FHA,B-1870-0046-000N,3,2,1,0,0,1,1,1724,2012,Paved,Year Round,2844 N Clark Parkway
102440,0.06,0.0,2023-08-04,2023-05-16,374900,0,0,2023-08-24,365000.0,CASH,B-1995-0052-0000,3,2,0,0,0,1,1,1446,2018,Paved,,1471 N 500 W
97143,0.42,100.0,2022-03-08,2022-02-25,480000,1500,0,2022-04-05,496000.0,CONV,A-0974-0003-0000,5,3,0,0,0,1,1,3000,2008,Paved,Year Round,4561 N Half Mile Road
96676,0.0,0.0,2022-01-21,2022-01-19,179900,0,0,2022-02-04,170000.0,CASH,A-1178-0108-0000,0,1,0,0,0,1,1,464,1983,Paved,,150 W Ridge View #108
96702,0.03,0.0,2022-01-20,2022-01-20,315000,0,0,2022-03-25,315000.0,CONV,B-2018-0007-0000,3,2,1,0,0,1,1,1810,2022,Paved,Year Round,2875 W Cody #7 Road
96879,0.3,0.0,2022-02-11,2022-02-04,634000,0,0,2022-03-15,649000.0,CONV,B-1800-0023-0000,6,4,0,0,1,1,1,3170,2008,Paved,,1866 N Matchstick Way
97149,0.24,0.0,2022-03-25,2022-02-25,495000,0,0,2022-05-19,495000.0,CONV,D-1220-0016-0000,3,2,0,0,1,1,1,1709,2022,Paved,,4646 N 2000 W
102557,0.34,100.0,2023-05-29,2023-05-25,819000,200,5000,2023-07-10,819000.0,CASH,A-1192-0005-0000,3,3,0,0,1,1,1,2801,2005,Paved,,182 W Ridge View Street
102566,0.0,0.0,2023-07-03,2023-05-25,220000,0,6000,2023-08-01,228000.0,CONV,A-1150-0002-0002-18,2,1,0,0,1,1,1,736,1971,Paved,,356 S Highway 143 E-2
102568,0.25,15.0,2023-07-17,2023-05-25,469990,1946,0,2023-08-28,469990.0,CONV,B-1857-0027-0071,3,2,1,0,0,1,1,3812,2023,Paved,Year Round,3599 W Benson 71 Way
102571,0.03,0.0,2023-05-31,2023-05-26,79500,0,0,2023-06-30,79500.0,CASH,A-0504-0003-0004-16,1,1,0,0,0,1,1,150,2018,Paved,Year Round,416 Kari
102580,0.17,100.0,2023-06-08,2023-05-26,300000,672,0,2023-07-14,275000.0,CONV,B-0424-0000-0000,3,2,0,0,0,1,1,1484,1927,Paved,,42 S 400 E
102581,0.24,0.0,2023-06-01,2023-05-12,429400,0,2000,2023-07-14,427000.0,CONV,B-1866-0001-0000,3,2,0,0,0,1,1,1572,2014,Paved,,4010 W 25 S
102583,1.41,100.0,2023-06-14,2023-05-25,899000,900,0,2023-07-05,840000.0,CONV,A-5000-0002-0016,4,4,1,0,2,1,1,3366,2007,Unimproved,Year Round,1967 S High Cedar View Drive
102588,0.23,100.0,2023-05-25,2023-05-23,420000,1404,17000,2023-06-30,420000.0,CONV,B-0003-0005-0015-04,6,3,0,0,1,1,1,2823,1989,Paved,Year Round,907 N 400 W
102589,0.25,100.0,2023-06-13,2023-05-26,494000,1514,0,2023-08-02,485000.0,VA,B-1159-0002-0006,5,3,0,0,2,2,1,3037,2010,Paved,Year Round,109 N Silver Spur Drive
102591,4.13,0.0,2023-09-25,2023-05-27,510000,0,0,2023-10-23,490000.0,CONV,C-832-0001-0002-03,3,2,0,0,1,1,1,1525,2002,Paved,,1082 N 4200 W
102594,0.54,100.0,2023-05-31,2023-05-27,890000,495,5000,2023-06-20,0.0,CASH,A-1211-0145-0000,4,2,1,1,1,1,1,2340,2005,,Year Round,168 E Deer Trail
102598,0.31,100.0,2023-06-12,2023-05-27,485000,454,0,2023-08-07,475000.0,CONV,A-0339-0001-0000,3,2,0,0,1,1,1,2135,1908,Paved,Year Round,388 N 100 E
102599,2.0,100.0,2023-06-16,2023-05-27,625000,1401,0,2023-07-03,600000.0,CASH,B-1877-0002-0000,4,2,1,0,2,1,1,3051,1975,,Year Round,1945 S Scenic Drive
102600,0.21,100.0,2023-07-22,2023-05-26,499900,1925,3400,2023-08-30,489000.0,Utah Hsng,B-1718-0002-0000,7,3,0,0,1,1,1,3850,2003,Paved,,586 S Legacy Park Avenue
103331,0.02,15.0,2023-07-28,2023-07-22,339990,632,0,2023-09-01,339990.0,CONV,B-1857-1031-0000,4,2,1,0,0,1,1,2247,2023,Paved,Year Round,2938 W Ezra #1031 Drive
103332,0.02,15.0,2023-08-02,2023-07-22,334990,632,0,2023-09-01,334990.0,CASH,B-1857-1032-0000,3,2,1,0,0,1,1,2187,2023,Paved,Year Round,2934 W Ezra #1032 Drive
103333,0.02,15.0,2023-08-02,2023-07-22,339990,632,0,2023-09-01,339990.0,CASH,B-1857-1033-0000,3,2,1,0,0,1,1,2187,2023,Paved,Year Round,2932 W Ezra #1033 Drive
102606,0.02,0.0,2023-06-15,2023-05-30,299000,0,5000,2023-07-06,285000.0,FHA,B-1386-0037-0000,3,2,1,0,0,1,1,1620,2019,Paved,Year Round,1563 S Topaz #B Drive
102607,0.02,0.0,2023-07-10,2023-05-30,299900,0,0,2023-08-02,299900.0,CONV,B-2013-0033-0000,3,2,1,0,0,1,1,1500,2023,Paved,Year Round,498 W 1225 33 N
102609,0.02,0.0,2023-08-15,2023-05-30,294900,0,0,2023-09-01,290000.0,CASH,B-2013-0031-0000,3,2,1,0,0,1,1,1500,2023,Paved,Year Round,498 W 1225 31 N
102612,0.28,0.0,2023-07-07,2023-05-30,448000,0,0,2023-08-14,0.0,CASH,B-2018-0018-0000,3,2,0,0,0,1,1,1936,2023,Paved,Year Round,5024 N Bald Eagle Drive
102617,0.02,0.0,2023-06-02,2023-05-31,264900,0,0,2023-06-23,264900.0,CASH,B-2040-0015-000D,3,2,1,0,0,1,1,1242,2023,Paved,Year Round,920 S 25 #15 D E
102619,0.26,0.0,2023-07-07,2023-05-31,459000,0,10900,2023-08-11,471000.0,CONV,B-2020-0084-0000,4,2,0,0,0,1,1,1864,2023,Paved,Year Round,4512 W 250 Lot 115 N
102620,0.27,0.0,2023-06-08,2023-05-31,409900,0,8000,2023-08-11,415750.0,CONV,B-2020-0116-0000,3,2,1,0,1,1,1,1664,2023,Paved,Year Round,4532 W 250 Lot 116 N
102623,0.52,0.0,2023-06-08,2023-05-31,329900,0,6000,2023-07-11,335000.0,VA,A-0878-0008-0029,3,2,0,0,0,1,1,1456,1998,Paved,,4277 N Quarterhorse Drive
102624,0.16,0.0,2023-07-10,2023-05-31,364900,0,13000,2023-08-09,358900.0,CONV,B-1867-0030-0000,4,2,0,0,0,1,1,1437,2007,Paved,Year Round,2079 N 550 W
102627,0.3,0.0,2023-06-16,2023-05-30,468000,0,0,2023-07-28,445000.0,CONV,B-1858-0034-0000,4,2,0,0,0,1,1,2601,2010,Paved,Year Round,2744 W 425 S
102633,1.08,100.0,2023-06-19,2023-06-01,599000,1500,0,2023-07-18,599000.0,CONV,E-0171-0002-0022,5,3,0,0,1,1,1,3000,2001,Paved,Year Round,1410 N 6900 W
102634,0.0,0.0,2023-06-23,2023-05-29,129000,0,0,2023-07-07,118000.0,CASH,0,4,2,0,0,0,1,1,1420,1997,Paved,Year Round,3870 N MINERSVILLE HWY #34
102638,0.2,95.0,2023-06-01,2023-06-01,349900,1123,0,2023-06-27,345000.0,CONV,B-0167-0000-0000,5,2,0,0,1,1,1,2246,1956,Paved,,259 N 600 W
102655,0.28,15.0,2023-07-14,2023-06-01,499990,1223,0,2023-08-29,499990.0,CONV,B-1857-0027-0070,4,2,1,0,0,1,1,3733,2023,Paved,Year Round,3589 W Benson 70 Way
102658,0.0,0.0,2023-06-16,2023-06-01,121000,0,0,2023-07-31,113000.0,CONV,A-1148-0006-0001-21,0,1,0,0,0,1,1,264,1975,,Year Round,681 S Hwy 143 M-4
102664,0.5,0.0,2023-06-22,2023-06-02,399000,0,12000,2023-07-28,400000.0,VA,D-0518-0188-0000,3,2,0,0,0,1,1,1695,2006,Paved,,5273 N 2900 W
102665,0.26,80.0,2023-06-12,2023-06-02,450000,1510,0,2023-07-12,435000.0,CONV,B-1760-0012-0000,6,3,1,0,1,1,1,3080,2005,Paved,,3785 W 1400 N
102670,0.28,100.0,2023-09-22,2023-06-02,689000,1551,0,2023-11-17,0.0,Own Fin,B-1770-0011-0000,5,3,1,0,1,1,1,4122,2005,Paved,,496 E 1250 N
102672,0.5,5.0,2023-11-06,2023-06-02,485000,1550,0,2023-12-21,0.0,CONV,D-0463-0022-0000,3,2,0,0,0,1,1,3100,2023,Paved,,4567 N 2600 W
102678,0.84,100.0,2023-10-11,2023-06-02,699950,1361,0,2023-10-27,657500.0,CASH,B-1400-0038-0000,5,3,1,0,1,1,1,4402,1999,Paved,,2277 W Cedar Hills Drive
102679,0.1,100.0,2023-06-26,2023-06-02,345000,0,8800,2023-08-01,345000.0,VA,B-1873-0002-0001,3,2,1,0,1,1,1,1792,2006,Paved,,21 E 820 S
102686,0.0,0.0,2023-08-14,2023-05-31,120000,0,0,2023-08-23,115000.0,CASH,A-1176-000B-0103,0,1,0,0,1,1,1,420,1984,Paved,Year Round,464 N Hwy 143 103B
102688,0.11,0.0,2023-06-28,2023-06-03,304500,0,7000,2023-07-18,295000.0,VA,B-1870-0150-000N,3,2,0,0,0,1,1,1394,2015,Paved,,2593 N Clark Park Way
102691,0.02,0.0,2023-08-04,2023-06-05,264900,0,0,2023-08-31,264900.0,CASH,B-2040-0015-000C,3,2,1,0,0,1,1,1242,2023,Paved,Year Round,920 S 25 #15 C E
102692,0.1,100.0,2023-06-15,2023-05-22,275000,624,7500,2023-07-19,250000.0,CONV,B-1161-0001-0013,3,1,1,0,0,1,1,1248,1978,Paved,,402 N Cedar Boulevard
102693,0.03,0.0,2023-06-05,2023-06-05,285000,0,0,2023-08-03,289900.0,CONV,B-1958-0012-000B,3,2,1,0,0,1,1,1420,2023,Paved,Year Round,3061 N 125 E
102694,5.09,0.0,2023-10-09,2023-05-16,679000,0,0,2023-11-14,625000.0,VA,D-0506-0006-0000,3,2,1,0,1,1,1,1976,1999,Paved,Year Round,2181 W 6100 N
102695,0.36,100.0,2023-06-05,2023-06-05,389000,982,0,2023-06-28,389000.0,CASH,A-0256-0000-0000,4,3,0,0,0,1,1,1964,1953,Paved,Year Round,390 W 100 N
102696,0.18,100.0,2023-08-01,2023-06-05,409000,1300,12000,2023-08-25,409000.0,FHA,B-1119-0006-0000,4,3,0,0,3,1,1,3039,1953,Paved,,354 S 700 W
102697,0.24,0.0,2024-02-08,2023-06-02,499900,0,11900,2024-03-04,509900.0,VA,B-1568-0003-0006,4,2,0,0,0,1,1,1886,2023,Paved,,2897 W Hawk Drive
102709,0.16,100.0,2023-11-07,2023-06-06,524900,1600,10000,2023-11-21,490000.0,CONV,B-1999-0047-0000,5,3,0,0,1,1,1,3231,2019,Paved,Year Round,2815 W 25 N
102710,0.09,0.0,2023-06-08,2023-06-06,285000,0,5000,2023-06-30,283000.0,CONV,B-1378-0010-0000,3,2,0,0,0,1,1,1057,1999,Paved,,1164 W 475 S
102713,2.01,40.0,2023-12-07,2023-06-06,1195000,2190,20000,2024-01-12,1185000.0,CONV,D-1208-0029-0000,5,4,2,0,2,1,2,6345,2022,Paved,Year Round,995 S Panorama Drive
102715,0.23,0.0,2024-01-13,2023-06-06,474900,0,3000,2024-02-09,465000.0,CONV,B-1212-0014-0000,4,2,1,0,1,1,1,1849,2023,Paved,,2226 S 2925 W
102721,0.5,0.0,2023-06-12,2023-06-07,319900,0,0,2023-07-31,320000.0,CONV,D-0518-0039-0034,3,1,0,0,0,1,1,908,1996,Paved,Year Round,4967 N 2900 W
102753,0.13,0.0,2023-08-01,2023-06-08,299900,0,0,2023-09-13,299900.0,CONV,B-1210-014A-0000,3,2,0,0,0,1,1,1155,2020,Paved,,552 W 2350 N
102755,0.26,100.0,2023-12-07,2023-06-08,575000,1274,0,2024-02-07,560000.0,Owner 1st,B-1327-0002-0008-01,5,3,1,0,1,1,1,4226,1986,Paved,,760 E Cobblecreek Drive
103336,0.36,0.0,2024-01-24,2023-07-24,339500,0,10000,2024-02-28,366200.0,FHA,B-0065-0018-0000,2,2,0,0,2,1,1,1756,1953,Paved,,80 N Western View Drive
102766,1.0,0.0,2023-06-17,2023-06-09,289000,0,10000,2023-08-04,262500.0,FHA,E-0171-0001-0043-06,3,2,0,0,0,1,1,1157,1996,,Year Round,1232 N 6625 W
102767,0.02,15.0,2023-06-13,2023-06-09,329990,632,0,2023-08-11,329990.0,CONV,B-1857-1024-0000,3,2,1,0,0,1,1,2187,2023,Paved,Year Round,2978 W Ezra #1024 Drive
102769,0.02,15.0,2023-07-06,2023-06-09,329990,632,0,2023-08-02,329990.0,CONV,B-1857-1026-0000,3,2,1,0,0,1,1,2187,2023,Paved,Year Round,2968 W Ezra #1026 Drive
102772,0.02,15.0,2023-08-25,2023-06-09,344990,632,0,2023-09-29,344990.0,CONV,B-1857-1027-0000,3,2,1,0,0,1,1,2187,2023,Paved,Year Round,2962 W Ezra #1027 Drive
103340,0.5,100.0,2023-08-13,2023-07-25,637000,1260,10000,2023-09-07,590000.0,CONV,A-0840-0002-0008,7,4,1,0,1,1,1,3888,1993,Paved,,4498 N Old Scout Trail
103345,0.17,0.0,2023-08-08,2023-07-25,449900,0,0,2023-09-05,449900.0,CONV,B-1839-0021-0000,3,2,0,0,1,1,1,2250,2006,Paved,,246 S 2875 W
102773,0.02,15.0,2023-06-19,2023-06-09,339990,632,0,2023-08-22,339990.0,VA,B-1857-1025-0000,4,2,1,0,0,1,1,2247,2023,Paved,Year Round,2972 W Ezra #1025 Drive
103354,0.77,0.0,2023-08-04,2023-07-26,659900,0,2000,2023-08-30,661000.0,CONV,A-0407-0003-0001,4,3,1,0,1,1,1,2871,2018,Paved,,259 E 600 N
103370,0.58,0.0,2023-11-01,2023-07-26,498900,1602,0,2023-12-01,498900.0,CONV,D-0463-0001-0000,3,2,0,0,0,1,1,3204,2023,Paved,Year Round,4782 N 2600 W
103371,5.0,0.0,2024-02-24,2023-07-26,230000,0,0,2024-02-28,217000.0,CASH,D-0223-0001-0091,2,1,0,0,1,1,1,816,2016,,Seasonal,382 W Valley Drive
102786,0.25,0.0,2023-11-16,2023-06-09,494900,0,10000,2023-12-18,485000.0,FHA,B-1996-0011-0000,4,2,1,0,1,1,1,1900,2023,Paved,Year Round,2330 S 2925 W
102793,0.18,95.0,2023-06-29,2023-06-10,349900,1066,5000,2023-07-31,340000.0,CONV,B-1158-0002-0008,5,1,0,1,2,1,1,2132,1980,Paved,Year Round,1770 N 330 Cir W
102794,0.56,0.0,2023-07-10,2023-06-08,475000,0,0,2023-08-10,458000.0,CONV,D-0462-0011-0000,4,2,1,0,2,1,1,1649,2022,Paved,Year Round,4353 N 2525 W
102797,0.26,0.0,2023-11-19,2023-06-10,489900,0,0,2023-12-07,474900.0,CASH,B-2020-0032-0000,3,2,0,0,1,1,1,2436,2023,Paved,,4338 W 275 Cir N
103373,0.03,0.0,2023-09-02,2023-07-27,365000,0,0,2023-09-27,360000.0,CASH,B-2024-0004-0003,3,2,1,0,0,1,1,1822,2022,Paved,,899 S Lincoln #3 Avenue
103374,0.03,0.0,2023-09-25,2023-07-27,365000,0,0,2023-11-20,355000.0,CASH,B-2024-0004-0004,3,2,1,0,0,1,1,1822,2022,Paved,,899 S Lincoln #4 Avenue
102805,0.48,0.0,2023-06-19,2023-06-12,429900,0,500,2023-07-06,420007.0,CASH,A-0974-0052-0000,3,2,0,0,1,1,1,1650,2020,Paved,Year Round,4372 N Prospector E Lane
102806,0.02,0.0,2024-03-12,2023-06-12,264900,0,0,2024-04-11,267000.0,FHA,B-2040-0015-000B,3,2,1,0,0,1,1,1242,2023,Paved,Year Round,920 S 25 #15B E
102807,0.23,100.0,2023-07-01,2023-06-12,340000,390,0,2023-07-14,340000.0,CONV,B-1154-0001-0010,3,2,0,0,2,1,1,1508,1977,Paved,,1207 W Cedar Knolls Drive
102810,0.23,100.0,2023-06-27,2023-06-12,559000,1749,0,2023-08-18,540000.0,CASH,B-1732-0021-0000,5,3,1,0,1,2,2,3498,2003,Paved,,2286 W Crestview Circle
102813,0.25,0.0,2023-06-15,2023-06-12,435000,0,0,2023-07-19,440000.0,CONV,B-1388-0005-0004,4,3,0,0,1,1,1,1892,1994,Paved,Year Round,16 S Cove Drive
102814,0.03,0.0,2023-06-29,2023-06-13,289900,0,0,2023-08-17,299900.0,CONV,B-1958-0012-000D,3,2,1,0,0,1,1,1420,2023,Paved,Year Round,3065 N 125 E
102815,0.03,0.0,2023-07-01,2023-06-13,285000,0,0,2023-08-09,285000.0,CASH,B-1958-0012-000C,3,2,1,0,0,1,1,1420,2023,Paved,Year Round,3063 N 125 E
102826,0.65,0.0,2023-06-19,2023-06-13,549900,0,0,2023-07-13,547900.0,CASH,D-1197-000A-0010,4,2,1,0,1,1,1,2372,2005,Paved,,4178 W 975 S
102830,0.03,0.0,2023-07-26,2023-06-14,269900,0,10000,2023-08-25,265000.0,CONV,B-1958-0001-000G,3,2,1,0,0,1,1,1420,2016,Paved,Year Round,3032 N 275 E
102833,0.41,100.0,2023-10-19,2023-06-14,369000,250,0,2023-12-01,369000.0,CONV,A-0637-0000-0000,3,1,0,0,1,1,1,1382,1885,Paved,,157 E 200 N
102836,0.25,100.0,2023-07-03,2023-06-14,419000,702,15000,2023-08-01,410000.0,VA,B-1153-0002-0000,4,3,0,0,1,1,1,2106,1976,Paved,,270 N Sunnyside Drive
102837,0.04,0.0,2023-07-18,2023-06-12,329000,0,10000,2023-08-16,330000.0,FHA,B-2005-0003-0000,3,2,1,0,0,1,1,1623,2021,Paved,,287 W 1425 #3 N
102841,0.57,0.0,2024-04-16,2023-06-15,907000,0,0,2024-05-17,0.0,CASH,B-1872-0020-0000,5,3,0,0,1,1,1,2383,2014,Paved,,2085 S Eagle Ridge Loop
102844,0.09,0.0,2023-09-06,2023-06-15,220000,0,0,2023-10-03,220000.0,CONV,B-1893-0014-0000,2,1,0,0,0,1,1,768,2007,Paved,Year Round,1915 N 550 W
102845,0.18,0.0,2023-07-07,2023-06-15,474900,0,0,2023-07-14,465000.0,CASH,B-1999-0018-0000,3,2,0,0,0,1,1,1631,2018,Paved,Year Round,52 N 2875 W
102847,0.21,100.0,2023-06-19,2023-06-15,330000,1080,0,2023-07-31,322000.0,CONV,B-1097-0007-0000,6,2,0,0,0,1,1,2160,1944,Paved,,466 S 300 W
102848,0.35,100.0,2023-10-16,2023-06-15,449000,1733,0,2023-11-16,425000.0,CONV,B-1747-0013-0000,6,3,0,0,1,1,1,3466,2006,Paved,,3808 W 1475 N
102850,0.0,0.0,2023-08-22,2023-06-16,234000,0,0,2023-10-16,225000.0,CONV,A-1153-0014-0000,1,1,0,0,1,1,1,629,1980,Paved,Year Round,385 S Vasels(fka Brian Head Blvd) #14 Road
102854,0.02,0.0,2023-07-20,2023-06-16,269500,0,10000,2023-09-04,275000.0,FHA,B-2015-0045-0000,2,2,1,0,0,1,1,1289,2023,Paved,Year Round,3127 W 1675 #B N
102859,0.5,0.0,2023-07-07,2023-06-16,434999,0,0,2023-08-14,425000.0,CASH,D-0518-0010-0000,3,2,0,0,0,1,1,1506,2023,Paved,Year Round,4893 N 2900 W
102867,0.03,0.0,2023-06-21,2023-06-19,280000,0,0,2023-07-14,270000.0,CASH,B-1958-0001-000D,3,2,1,0,0,1,1,1402,2016,Paved,,3026 N 275 E
102872,0.9,0.0,2023-11-28,2023-06-21,900000,0,15000,2023-12-07,890000.0,Own Fin,B-2030-0021-0000,3,2,1,0,1,1,1,2477,2023,Paved,Year Round,4331 W 1800 S
102873,0.56,0.0,2023-06-28,2023-06-19,515000,0,0,2023-08-01,485000.0,CONV,A-0639-0046-000C-02,4,2,1,0,1,1,1,2016,1999,Paved,Year Round,280 E 335 N
102875,0.5,0.0,2023-06-22,2023-06-19,325000,0,15000,2023-08-17,340000.0,FHA,E-0843-0002-0001-035,3,2,0,0,0,1,1,1058,2023,,Year Round,4026 S 17675 W
102877,0.15,0.0,2023-08-10,2023-06-19,399000,0,0,2023-09-20,407000.0,CONV,B-1946-0016-0000,3,2,0,0,0,1,1,1485,2015,Paved,Year Round,1734 N Cypress Lane
102881,0.1,0.0,2023-06-20,2023-06-20,399990,0,1800,2023-10-02,399990.0,CASH,B-2026-004B-0000,4,2,1,0,0,1,1,1976,2023,Paved,Year Round,737 S Liberty Cove Drive
102882,0.31,100.0,2023-06-20,2023-06-20,494000,1176,0,2023-10-30,534695.0,CASH,B-2020-0137-0000,4,3,1,0,1,1,1,2595,2023,Paved,Year Round,4514 W 200 Lot 137 N
102884,0.45,100.0,2023-10-23,2023-06-20,424900,1168,0,2024-06-14,424900.0,VA,B-1066-0014-0000,4,2,1,0,2,1,1,2655,1965,Paved,,237 S Ridge Road
102885,0.26,0.0,2023-06-20,2023-06-20,424000,0,0,2023-10-13,444316.0,CONV,B-2020-0130-0000,4,2,0,0,0,1,1,1857,2023,Paved,Year Round,4633 W 250 Lot 130 N
102891,0.03,0.0,2023-06-15,2023-05-23,339900,0,0,2023-07-05,339900.0,CASH,B-1197-0024-0000,3,2,1,0,1,1,1,1734,2023,Paved,Year Round,668 E Fiddlers Cove Dr #53
102892,0.03,0.0,2023-06-20,2023-06-19,339900,0,0,2023-09-01,339900.0,FHA,B-2021-0058-0000,3,2,1,0,1,1,1,1734,2023,Paved,Year Round,668 E Fiddlers Cove #58
102894,0.27,0.0,2023-06-22,2023-06-20,364900,0,0,2023-08-04,360000.0,CONV,B-1797-0026-0000,3,2,0,0,1,1,1,1468,2006,Paved,Year Round,4103 W 200 N
102895,0.26,0.0,2024-02-12,2023-06-20,439900,0,12297,2024-03-01,439900.0,CONV,B-2020-0121-0000,4,2,1,0,0,1,1,1669,2023,Paved,Year Round,4632 W 250 Lot 121 Iron West N
102896,0.03,0.0,2023-07-06,2023-06-19,339900,0,0,2023-07-25,329900.0,CONV,B-2021-0054-0000,3,2,1,0,1,1,1,1734,2023,Paved,Year Round,668 E Fiddlers Cove #54
102908,0.5,5.0,2024-02-16,2023-06-21,489000,1514,0,2024-04-18,500000.0,FHA,D-0463-0019-0000,3,2,0,0,0,1,1,3064,2023,Paved,,4509 N 2600 W
102909,0.27,0.0,2023-08-04,2023-06-19,430000,0,4456,2023-09-05,430000.0,FHA,B-1868-0013-0000,4,2,0,0,0,1,1,1625,2018,Paved,Year Round,1841 N 3475 N
102912,0.0,0.0,2023-09-16,2023-06-21,215000,0,4174,2023-10-13,208675.0,CONV,A-1153-0024-0000,1,1,0,0,1,1,1,622,1980,Paved,,385 S Vasels Rd. #24 (Brianwood #24)
102913,0.02,0.0,2023-07-22,2023-06-21,271900,0,0,2023-08-22,271900.0,CONV,B-2040-0015-000A,3,2,1,0,0,1,1,1242,2023,Paved,Year Round,920 S 25 #15A E
102921,0.26,15.0,2023-06-22,2023-06-21,533555,2275,0,2023-08-22,533555.0,CONV,B-1857-0027-0072,3,2,1,0,0,1,1,4439,2023,Paved,,3598 W Benson #72 Way
102926,0.32,15.0,2023-06-24,2023-06-22,474345,1821,0,2023-09-06,474345.0,CASH,B-1857-0027-0073,3,2,0,0,0,1,1,3495,2023,Paved,Year Round,3588 W Benson #73 Way
102933,0.04,0.0,2023-10-31,2023-06-22,111900,0,0,2023-11-13,108000.0,CASH,0,2,1,0,0,0,1,1,1000,1985,Paved,Year Round,1225 W Harding Avenue #21
102934,0.0,0.0,2024-07-05,2023-06-22,228000,0,4140,2024-08-09,204140.0,CONV,A-1176-000B-0113,1,1,0,0,1,1,1,660,1984,Paved,Year Round,464 N Hwy 143 #B113
102935,0.24,100.0,2023-07-03,2023-06-23,699900,1858,0,2023-07-19,668000.0,CONV,B-1856-0027-0000,6,3,2,0,1,2,1,3716,2017,Paved,Year Round,3298 W Kingsbury Drive
102941,0.16,0.0,2023-07-19,2023-06-23,317000,0,15000,2023-08-10,325000.0,FHA,B-1807-0009-000W,3,2,0,0,1,1,1,1420,2005,Paved,Year Round,4218 W 200 N
102942,0.02,0.0,2023-07-14,2023-06-23,219000,0,0,2023-08-13,220000.0,FHA,B-1380-0008-0000,2,1,1,0,0,1,1,1054,1993,Paved,Year Round,99 N 1850 #8 W
102945,0.04,0.0,2023-08-14,2023-06-23,325000,0,10000,2023-09-22,335000.0,CONV,B-2003-0049-0000,3,2,0,0,0,1,1,1454,2021,Paved,,1825 N Lund Highway #49
102946,0.27,100.0,2023-06-26,2023-06-23,474900,1834,0,2023-07-28,474900.0,CASH,B-1397-0006-0000,5,3,0,0,1,2,1,3668,1994,Paved,,66 S 2050 W
102951,0.28,0.0,2023-07-21,2023-06-23,474900,1554,0,2023-08-30,474900.0,CONV,D-1219-0002-0000,4,2,0,1,0,1,1,3965,2019,Paved,Year Round,1871 W Midvalley Road
102952,0.25,0.0,2023-12-31,2023-06-23,469900,0,10000,2024-02-28,465000.0,CONV,B-1996-0009-0000,4,2,1,0,1,1,1,1849,2023,Paved,Year Round,2356 S 2925 W
102954,10.15,0.0,2023-06-26,2023-06-23,280000,0,0,2023-07-27,265000.0,CONV,D-0223-0001-0144,2,1,0,0,1,1,1,1440,2000,,Seasonal,LOT144/109 3200 Subdivision
102955,0.23,100.0,2023-07-15,2023-06-24,440000,1336,11500,2023-08-11,431500.0,FHA,B-1782-0009-0000,4,2,1,0,0,1,1,2710,2006,Paved,,3730 W 1350 N
102960,0.19,0.0,2023-07-22,2023-06-26,314000,0,5000,2023-08-25,310000.0,FHA,B-1870-0023-000E,3,2,1,0,0,1,1,1478,2015,Paved,Year Round,1696 W Clark Parkway
102963,0.5,0.0,2023-07-22,2023-06-26,315000,0,9500,2023-08-18,315000.0,FHA,D-0518-0039-0050,3,2,0,0,0,1,1,1065,1999,Paved,,5347 N 2950 W
102966,0.25,90.0,2023-07-24,2023-06-26,539900,1371,0,2023-08-11,530000.0,CONV,B-1550-0002-0000,5,3,1,0,0,1,1,3389,2014,Paved,,2757 N 175 W
102968,0.45,0.0,2023-07-05,2023-06-26,429900,0,2500,2023-07-31,414900.0,CONV,D-0759-0006-0031,3,2,0,0,0,1,1,1465,2002,Paved,,2237 W 2350 N
102969,0.02,0.0,2023-09-18,2023-06-26,306500,0,3000,2023-11-27,306500.0,CONV,B-1825-0077-0000,4,2,1,0,0,1,1,1480,2023,Paved,Year Round,3133 W 1700 #E N
102971,0.03,0.0,2023-09-21,2023-06-26,302500,0,4000,2023-10-26,302500.0,CONV,B-1825-0078-0000,3,2,1,0,0,1,1,1648,2023,Paved,Year Round,3133 W 1700 #D N
102972,0.19,0.0,2023-06-30,2023-06-26,258900,0,5000,2023-07-31,264000.0,FHA,B-1103-0053-0000,2,1,0,0,0,1,1,888,1957,Paved,Year Round,444 S 300 E
102974,0.28,100.0,2023-09-18,2023-06-26,774900,1608,0,2023-09-26,730000.0,CASH,B-1452-0005-0000,4,3,1,0,2,2,1,3846,2003,Paved,Year Round,1276 N Fairway Drive
102983,0.32,0.0,2023-06-29,2023-06-27,299000,0,4500,2023-07-25,299000.0,Utah Hsng,A-0506-0002-0012,2,2,0,0,0,1,1,1224,1996,Paved,,430 W Old Highway 91
102985,0.35,0.0,2023-07-28,2023-06-27,324900,0,0,2023-08-31,300000.0,CONV,B-0065-0024-0000,3,1,0,0,0,1,1,1401,1954,Paved,,99 N Highland Drive
102986,0.0,0.0,2024-03-21,2023-06-27,249000,0,0,2024-04-05,235000.0,CASH,A-1150-0001-0003-08A,1,1,0,0,1,1,1,670,1974,Paved,Year Round,89 E Steam Engine #8A Drive
102987,0.28,0.0,2023-06-28,2023-06-28,445000,0,0,2023-11-09,448876.0,CONV,A-0990-0004-0000,3,2,0,0,0,1,1,1779,2023,Paved,,"1045 E 4290 N Lot 4, Phs 4, Settlers Square"
102988,0.0,0.0,2023-09-06,2023-06-27,429500,0,0,2023-09-29,400000.0,CONV,A-1153-0071-0000,2,2,0,1,1,1,1,1274,1980,Paved,,385 S Vasels Rd #71 (Brianwood #71)
102991,2.28,100.0,2023-09-10,2023-06-28,571000,1283,0,2023-10-05,557000.0,CONV,A-0506-0001-0003,6,3,0,0,1,1,1,2588,2005,,Year Round,581 W Old Hwy 91
102993,0.03,0.0,2023-07-25,2023-06-28,300000,0,0,2023-08-25,285000.0,CASH,B-1848-0003-0011,3,2,1,0,0,1,1,1672,2018,Paved,,3062 W 1750 #11 N
103011,0.02,0.0,2023-08-14,2023-06-28,294990,0,0,2023-09-19,294990.0,VA,B-1857-1062-0000,3,2,0,0,0,1,1,1399,2023,Paved,Year Round,530 S May 1062 Drive
103016,0.02,0.0,2023-07-14,2023-06-29,280990,0,0,2023-09-07,280990.0,CONV,B-1857-1061-0000,3,2,0,0,0,1,1,1300,2023,Paved,Year Round,536 S May 1061 Drive
103022,0.02,15.0,2023-07-28,2023-06-29,339990,632,0,2023-08-25,339990.0,FHA,B-1857-1028-0000,3,2,1,0,0,1,1,2187,2023,Paved,Year Round,2952 W Ezra #1028 Drive
103024,0.02,15.0,2023-07-22,2023-06-29,339990,632,0,2023-08-25,339990.0,CONV,B-1857-1030-0000,4,2,1,0,0,1,1,2247,2023,Paved,Year Round,2944 W Ezra #1030 Drive
103025,0.02,15.0,2023-10-10,2023-06-29,339990,632,0,2023-10-20,339990.0,CASH,B-1857-1029-0000,3,2,1,0,0,1,1,2187,2023,Paved,Year Round,2948 W Ezra #1029 Drive
103031,0.02,0.0,2023-08-04,2023-06-30,271900,0,0,2023-09-01,271900.0,CONV,B-2040-0016-000B,3,2,1,0,0,1,1,1242,2023,Paved,Year Round,920 S 25 #16B E
103045,20.0,0.0,2023-07-25,2023-06-30,350000,0,0,2023-08-16,330000.0,CASH,E-1776-0001-0007,0,1,1,0,2,1,1,1350,2003,,Seasonal,17823 N 14200 W
103052,0.02,0.0,2023-07-15,2023-06-30,289990,0,0,2023-09-25,289990.0,CONV,B-1857-1060-0000,3,2,0,0,0,1,1,1399,2023,Paved,Year Round,538 S May 1060 Drive
103054,2.08,50.0,2023-08-17,2023-06-30,547500,1535,5000,2023-09-14,530000.0,CONV,D-0504-0001-0015,4,3,0,0,2,1,1,3070,2016,Unimproved,,2713 W 6000 N
103056,0.52,0.0,2023-10-05,2023-06-30,424999,0,1000,2023-10-20,419999.0,CASH,D-1211-0011-0000,3,2,0,0,0,1,1,1508,2023,Paved,Year Round,4829 N 2350 W
103057,0.25,100.0,2023-07-22,2023-06-30,405000,1204,8000,2023-08-18,405000.0,FHA,B-1153-0014-0007,5,2,1,0,0,1,1,2408,1978,Paved,Year Round,247 N Cove Drive
103061,0.98,0.0,2023-07-19,2023-07-01,925000,0,25000,2023-08-15,900000.0,CASH,B-1800-0042-0000,4,3,2,0,2,1,1,4040,2006,Paved,Year Round,1991 N Mill Hollow Way
103066,0.32,0.0,2023-08-07,2023-07-01,615000,0,0,2023-08-31,605000.0,CONV,B-1835-0005-0000,3,2,1,0,1,1,1,2292,2015,Paved,Year Round,1338 N Knoll Street
103067,0.02,0.0,2023-07-01,2023-07-01,291990,0,0,2023-09-08,291990.0,CONV,B-1857-1065-0000,3,2,0,0,0,1,1,1399,2023,Paved,Year Round,520 S May 1065 Drive
103068,0.02,0.0,2023-07-31,2023-07-01,280990,0,0,2023-08-29,280990.0,CONV,B-1857-1064-0000,3,2,0,0,0,1,1,1300,2023,Paved,Year Round,524 S May 1064 Drive
103070,0.13,0.0,2023-07-07,2023-07-02,355365,0,0,2023-08-03,337500.0,CASH,A-0026-0001-0009,2,2,0,0,1,1,1,1366,1996,Paved,Year Round,667 W 60 N
103079,0.11,0.0,2023-07-29,2023-07-03,350000,0,10500,2023-08-21,363222.0,FHA,B-1202-0003-000S,4,2,1,0,0,1,1,1975,2018,Paved,,890 S 25 W
103085,0.6,100.0,2023-08-02,2023-07-03,190000,100,0,2023-11-09,160000.0,CONV,A-0587-0000-0000,3,2,0,0,1,1,1,1370,1903,,Year Round,180 E 100 S
103090,0.08,0.0,2023-07-19,2023-07-03,319900,0,0,2023-08-16,319900.0,CONV,B-1870-0111-000S,3,2,1,0,0,1,1,1577,2017,Paved,Year Round,2709 N Clark Parkway
103101,0.58,100.0,2023-08-15,2023-07-04,349900,0,7100,2023-09-05,352000.0,Utah Hsng,D-0518-0077-0000,3,2,0,0,0,1,1,1373,1997,Paved,Year Round,2794 W 5275 N
103105,0.22,100.0,2023-08-29,2023-07-06,365000,1030,0,2023-09-29,348500.0,CONV,B-0122-0000-0000,4,2,0,0,0,1,1,2060,1953,Paved,,142 N 900 W
103107,0.14,0.0,2023-09-05,2023-07-06,399000,0,0,2023-10-06,385000.0,CASH,B-1847-0041-0000,3,2,1,0,1,1,1,1578,2008,Paved,,110 N 4250 W
103108,0.13,0.0,2023-08-08,2023-07-06,475000,0,0,2024-02-29,470000.0,CASH,B-1895-0025-0000,3,2,0,0,1,1,1,1730,2022,Paved,Year Round,2380 W Clubhouse Lot 25 W Loop
103116,0.02,0.0,2023-07-12,2023-07-03,285990,0,0,2023-09-01,285990.0,CONV,B-1857-1063-0000,3,2,0,0,0,1,1,1399,2023,Paved,Year Round,526 S May 1063 Drive
103118,0.35,100.0,2023-11-16,2023-07-06,650000,2609,0,2023-11-21,650000.0,Other,B-1424-0009-0000,7,3,0,0,1,1,1,5195,1999,Paved,Year Round,2123 W 400 S Heather Lane
103120,0.48,0.0,2023-12-05,2023-07-05,174900,0,0,2023-12-29,150000.0,CASH,D-0294-0025-0000,4,1,0,0,1,1,1,1606,1978,Unimproved,,2324 E 4775 S
103123,0.28,0.0,2023-09-23,2023-07-07,333500,0,0,2023-10-26,310000.0,CASH,A-0300-0000-0000,2,2,0,0,1,1,1,1156,1956,Paved,,131 W 300 North
103124,0.0,0.0,2023-11-10,2023-07-06,45000,0,0,2023-12-01,43000.0,CASH,0,3,1,1,0,0,1,1,900,1979,Paved,Year Round,465 N 800 Unit 31 W
103140,0.36,0.0,2023-07-19,2023-07-07,330000,0,0,2023-08-08,330000.0,CASH,A-0506-0002-0011,3,2,0,0,0,1,1,1400,2005,,Year Round,448 W Old Hwy 91
103142,0.41,0.0,2023-10-03,2023-07-08,304995,0,18000,2023-10-17,323845.0,FHA,A-0780-0000-000G-04,3,2,0,0,0,1,1,940,2001,Paved,,1493 E Sunrise Drive
103155,0.03,0.0,2023-10-16,2023-07-10,289900,0,0,2023-11-09,289000.0,CASH,B-1958-0016-000F,3,2,1,0,0,1,1,1420,2023,Paved,Year Round,166 E 3100 N
103156,0.03,0.0,2023-08-22,2023-07-10,285000,0,0,2023-09-26,288500.0,CONV,B-1958-0016-000E,3,2,1,0,0,1,1,1420,2023,Paved,Year Round,164 E 3100 N
103157,0.03,0.0,2023-10-28,2023-07-10,285000,0,0,2023-11-21,286000.0,CONV,B-1958-0016-000D,3,2,1,0,0,1,1,1420,2023,Paved,Year Round,162 E 3100 N
103163,0.5,5.0,2023-09-08,2023-07-10,489000,1428,0,2023-09-15,0.0,CASH,D-0463-0020-0000,3,2,0,0,0,1,1,2894,2023,Paved,,4527 N 2600 W
103174,0.0,0.0,2024-03-22,2023-07-08,228000,0,0,2024-04-26,219000.0,CONV,A-1172-0042-0000,1,1,1,0,1,1,1,612,1973,Paved,Year Round,226 S Highway 143 #12-A
103182,0.95,100.0,2023-09-01,2023-07-11,789000,1166,0,2023-10-06,740000.0,CASH,D-1197-000C-0004,5,4,1,0,1,1,1,2832,2005,Paved,Year Round,1031 S 4175 W
103184,0.02,0.0,2023-08-15,2023-07-11,294900,0,0,2023-09-01,290000.0,CASH,B-2013-0030-0000,3,2,1,0,0,1,1,1500,2023,Paved,Year Round,498 W 1225 30 N
103186,0.02,0.0,2023-08-28,2023-07-11,299900,0,9000,2023-09-18,304000.0,CONV,B-2013-0028-0000,3,2,1,0,0,1,1,1500,2023,Paved,Year Round,498 W 1225 28 N
103189,0.37,100.0,2023-07-18,2023-07-11,599000,1795,0,2023-08-17,599000.0,CASH,B-1941-0005-0000,6,3,0,0,1,2,1,3642,2009,Paved,Year Round,3551 W Hidden Hills Drive
103197,2.65,10.0,2023-07-14,2023-07-11,460000,1200,0,2023-07-31,460000.0,CASH,A-0921-0002-0000,2,1,0,0,1,1,1,2400,1930,Paved,,5057 N Horseshoe Drive
103199,0.03,0.0,2023-07-14,2023-07-11,299000,0,0,2023-08-14,299000.0,CONV,B-2018-0003-0000,3,2,1,0,0,1,1,1810,2022,Paved,Year Round,2875 W Cody #3
103204,0.02,0.0,2023-07-15,2023-07-12,255000,0,2000,2023-08-18,255000.0,Utah Hsng,B-1742-0044-0000,3,2,1,0,0,1,1,1365,2004,Paved,Year Round,1148 N Northfield #44 Road
103205,0.32,100.0,2023-07-12,2023-07-12,500000,1114,0,2023-07-12,522562.0,CONV,B-2020-0141-0000,4,3,1,0,1,1,1,2533,2023,Paved,Year Round,4594 W 200 Lot 141 W
103212,0.02,0.0,2023-07-12,2023-07-12,275000,0,0,2023-08-24,275000.0,CONV,B-2013-0024-0000,2,2,1,0,0,1,1,1388,2023,Paved,Year Round,498 W 1225 24 N
103220,0.04,0.0,2023-12-28,2023-07-12,770000,0,0,2024-01-19,760000.0,CASH,A-1204-0018-0000,4,2,1,0,1,1,1,2345,2007,Paved,,310 N Off highway 143 #18
103221,0.04,0.0,2023-07-26,2023-07-12,770000,0,0,2023-08-24,763000.0,CASH,A-1204-0019-0000,4,2,1,0,1,1,1,2345,2007,Paved,,310 N Off highway 143 143 #19
103223,0.0,0.0,2023-11-08,2023-07-12,142000,0,0,2023-12-04,115000.0,CONV,A-1176-0002-0008,0,1,0,0,1,1,1,420,1984,Paved,Year Round,464 N Highway 143 Unit A208
103226,0.31,98.0,2024-11-29,2023-07-13,575000,1159,18000,2024-12-31,597000.0,CONV,B-1395-0002-0004,5,3,1,0,1,1,1,3022,1998,Paved,,2158 N Hawthorne
103239,0.5,75.0,2023-07-18,2023-07-14,319000,984,2000,2023-08-03,319000.0,CASH,A-0877-0001-0003,3,3,0,0,2,1,1,1968,1975,Paved,,3665 N Driftwood
103241,0.19,0.0,2023-08-15,2023-07-14,369900,0,3000,2023-08-18,355000.0,CONV,B-1103-0068-0000,3,1,0,0,1,1,1,1476,1957,Paved,Year Round,465 S 300 E
103244,0.03,0.0,2023-08-01,2023-07-14,309000,0,0,2023-09-01,309000.0,FHA,B-1577-0003-0000,3,2,1,0,0,1,1,1623,2020,Paved,Year Round,2089 N 350 #3 W
103245,0.16,0.0,2023-09-08,2023-07-14,375000,0,0,2023-09-25,340000.0,CONV,B-1379-0033-0000,4,2,1,0,1,1,1,1841,1994,Paved,,773 W 1325 S
103248,0.25,0.0,2023-07-27,2023-07-14,470000,1501,16000,2023-08-24,470000.0,FHA,D-0613-0614-0000,3,2,0,0,1,1,1,3002,2020,Paved,Year Round,2207 W 3725 N
103252,0.0,0.0,2024-09-10,2023-07-13,330000,0,4400,2024-10-04,330000.0,CONV,A-1173-0068-0000,2,2,0,0,1,1,1,963,1981,Paved,,407 S Vasels #68 Road
103253,0.0,0.0,2023-11-05,2023-07-14,769000,0,5000,2023-12-08,700000.0,CONV,A-1200-0BC3-0000,5,3,0,0,1,1,1,2800,2006,Paved,,74 W Ridge View #BC3 or B11 Street
103254,0.26,100.0,2023-08-24,2023-07-14,455000,1176,5000,2023-09-29,455000.0,CONV,B-2020-0102-0000,4,2,1,0,0,1,1,2595,2022,Paved,,4674 W 275 N Street
103256,0.02,0.0,2023-09-11,2023-06-27,255000,0,500,2023-09-29,255000.0,CASH,B-1891-0023-0000,3,2,1,0,0,1,1,1365,2007,Paved,Year Round,370 W 1425 #23 N
103258,0.02,0.0,2023-10-02,2023-06-27,255000,0,5000,2023-10-24,255000.0,FHA,B-1917-0043-0000,3,2,1,0,0,1,1,1365,2010,Paved,Year Round,340 W 1425 #70 N
103264,0.17,25.0,2023-12-03,2023-07-16,439000,1650,0,2023-12-28,416000.0,CONV,B-1946-0002-0000,4,3,0,0,1,1,1,3300,2013,Paved,Year Round,1789 N 3050 W;;;1789 Azalea N
103278,0.58,0.0,2023-12-17,2023-07-17,414999,0,0,2024-01-17,407500.0,CONV,D-1215-0037-0000,3,2,0,0,0,1,1,1508,2023,Paved,Year Round,4224 N 2375 W
103280,0.14,0.0,2023-09-06,2023-07-14,429900,0,0,2023-10-02,413000.0,FHA,B-1832-0025-0000,4,3,0,0,0,1,1,2134,2017,Paved,,1328 W 1600 S
103281,0.68,0.0,2023-07-20,2023-07-17,300000,0,0,2023-08-24,298990.0,CONV,D-0518-0089-0000,2,2,0,0,0,1,1,1296,2000,Paved,,5375 N 2700 W
103303,0.12,0.0,2023-07-19,2023-07-19,371079,0,2500,2023-11-23,375227.0,FHA,B-2029-0004-000S,3,2,0,0,0,1,1,1448,2023,Paved,Year Round,2795 N Rosie Lot 4 South Loop
103305,0.12,0.0,2023-07-19,2023-07-19,379198,0,0,2024-02-16,378907.0,CONV,B-2029-0005-000S,3,2,0,0,1,1,1,1448,2023,Paved,Year Round,2807 N Rosie Lot 5 South Loop
103306,0.08,0.0,2023-09-13,2023-07-19,317900,0,5000,2023-10-12,317900.0,FHA,B-1870-0093-000N,3,2,1,0,0,1,1,1577,2020,Paved,Year Round,2738 N Clark Parkway
103313,0.25,100.0,2023-09-26,2023-07-20,365000,1400,0,2023-10-31,365000.0,Own Fin,B-1160-0003-0004,6,3,0,0,1,1,1,2845,1985,Paved,,75 N Sunnyside Drive
103316,0.99,0.0,2023-08-28,2023-07-20,475000,0,0,2023-09-22,475000.0,CONV,D-0617-0007-0000,4,2,0,0,0,1,1,1530,2023,Paved,Year Round,2460 W 3750 N
103320,0.46,0.0,2023-07-25,2023-07-20,568000,0,0,2023-08-07,585250.0,CASH,B-1769-0026-0000,4,2,0,1,1,1,1,2235,2017,Paved,Year Round,1060 E Fiddlers Canyon Road
103325,0.0,0.0,2023-08-21,2023-07-21,85000,0,0,2023-09-18,72250.0,CASH,0,2,2,0,0,1,1,1,1279,2005,Paved,,780 W 1125 N #74
103329,0.04,0.0,2023-08-27,2023-07-21,335000,0,10000,2023-09-28,340000.0,FHA,B-2003-0004-0000,3,2,0,0,0,1,1,1454,2020,Paved,Year Round,1825 N Lund Highway #4
103381,0.29,15.0,2023-10-16,2023-07-27,504990,1223,0,2023-11-14,504990.0,CONV,B-1857-0027-0075,4,2,1,0,0,1,1,3733,2023,Paved,,3579 W Sevy #75 Street
103385,0.28,15.0,2023-08-25,2023-07-27,449990,1700,0,2023-09-28,449990.0,CONV,B-1857-0027-0076,3,2,0,0,0,1,1,3248,2023,Paved,Year Round,3599 W Sevy #76 Street
103389,0.1,0.0,2023-10-23,2023-07-27,339000,0,10000,2023-11-22,339000.0,FHA,B-1873-0005-0001,3,2,1,0,1,1,1,1792,2006,Paved,,57 E 820 S
103410,0.25,100.0,2023-08-18,2023-07-28,589500,1513,5000,2023-10-20,565000.0,CONV,B-1769-0010-0000,5,3,0,0,1,1,1,3026,2005,Paved,Year Round,1118 E Nichols Canyon Road
103421,0.37,100.0,2023-08-04,2023-07-31,589900,1139,0,2023-09-07,589900.0,CONV,B-1114-0003-0003-06,4,3,1,0,1,1,1,3286,1990,Paved,,2069 W 265 S
103423,0.0,0.0,2023-08-09,2023-07-28,84900,0,0,2023-08-17,77000.0,CASH,0,2,1,0,0,1,1,1,840,1979,Paved,,399 E Center St #5
103428,0.03,0.0,2023-08-14,2023-07-28,324900,0,0,2023-11-15,324900.0,CONV,B-1197-0024-0000,3,2,1,0,1,1,1,1734,2023,Paved,Year Round,668 E Fiddlers Cove #59
103434,1.58,100.0,2023-07-31,2023-07-31,89900,1060,0,2023-07-31,899000.0,CASH,D-1024-0009-0005,4,3,0,0,3,1,1,3958,2006,Paved,Year Round,1211 E Mountain View
103435,15.06,0.0,2023-08-05,2023-07-27,800000,0,0,2023-09-05,800000.0,CONV,E-0685-0006-0005,3,2,0,0,1,1,1,2807,1999,,Year Round,14190 W Pinto Road
103444,0.29,0.0,2023-08-15,2023-08-01,509900,0,0,2023-09-19,500000.0,CASH,B-1812-0047-0000,4,2,1,0,1,1,1,2277,2007,Paved,,2079 N Lumberjack Way
103445,0.43,0.0,2023-10-10,2023-08-01,398000,0,10000,2023-11-17,393500.0,FHA,A-0840-0005-0017,4,2,0,0,1,1,1,2100,1993,Paved,,4733 N Marshal Trail
103449,0.15,0.0,2023-10-18,2023-08-01,389000,0,0,2023-11-20,355000.0,CONV,B-1946-0015-0000,3,2,0,0,0,1,1,1485,2015,,Year Round,1744 N Cypress N Lane
103455,0.57,100.0,2023-08-07,2023-08-01,679900,779,0,2023-08-30,650000.0,CASH,"B-1377-0018-0000,B-1377-0015-0001",4,5,0,0,3,1,1,4593,1994,Paved,,512 W 1420 S
103460,0.02,0.0,2023-08-15,2023-08-02,230000,0,2500,2023-09-06,230000.0,FHA,B-1323-0047-0000,2,1,1,0,0,1,1,988,1984,,Year Round,101 N 1850 W #47 W
103464,0.24,0.0,2023-10-06,2023-08-02,460000,0,0,2023-10-13,450000.0,CASH,B-1798-0026-0000,4,2,0,0,0,1,1,1617,2019,Paved,,4042 W 50 S
103465,30.0,100.0,2024-04-12,2023-08-02,1700000,1734,0,2024-06-12,1515000.0,CASH,E-0394-0028-0000,3,3,2,0,3,1,1,4322,2007,Paved,,758 W Wheat Grass Lane
103466,0.49,0.0,2023-08-21,2023-08-02,315000,0,10000,2023-09-21,315000.0,CONV,A-0900-0022-0000,3,2,0,0,0,1,1,1196,1997,Paved,,4375 Pioneer Drive
103471,0.0,100.0,2024-07-09,2023-08-02,279500,0,0,2024-07-18,270000.0,CASH,A-1176-000B-0306,1,1,1,0,0,1,1,631,1984,Paved,Seasonal,464 N HWY 143 B306
103479,0.26,90.0,2023-10-23,2023-08-02,419000,1176,0,2023-12-19,459000.0,VA,B-2020-0122-0000,1,1,1,0,0,1,1,2595,2023,Paved,Year Round,4648 W 250 Lot 122 Iron West N
103489,0.0,0.0,2023-12-05,2023-08-04,210000,0,0,2023-12-29,202500.0,CONV,A-1148-0006-0001-18,1,1,0,0,1,1,1,558,1975,Paved,Year Round,681 UT-143 kristi Condo #1-F
103494,0.03,0.0,2023-08-10,2023-08-04,299990,0,0,2023-08-30,0.0,CONV,B-2022-0005-0000,3,2,1,0,1,1,1,1893,2022,Paved,Year Round,280 W 2100 #5 N
103496,0.29,0.0,2024-03-04,2023-08-04,649900,0,0,2024-05-24,665949.0,CONV,A-2062-0018-0000,5,2,1,0,1,1,1,2980,2024,Paved,Year Round,365 S 1075 W
103499,0.02,0.0,2023-08-11,2023-08-05,266900,0,10000,2023-09-08,274000.0,CONV,B-2040-0016-000C,3,2,1,0,0,1,1,1242,2023,Paved,Year Round,920 S 25 #16C E
103500,0.02,0.0,2023-09-28,2023-08-05,266900,0,3100,2023-11-08,270000.0,CONV,B-2040-0016-000D,3,2,1,0,0,1,1,1242,2023,Paved,Year Round,920 S 25 #16D E
103504,0.0,0.0,2023-09-28,2023-08-05,185000,0,0,2023-10-04,159900.0,CASH,A-1197-000B-0312,1,1,0,0,0,1,1,478,1984,,Year Round,223 Hunter Ridge #B312 Road
103510,0.02,0.0,2023-08-21,2023-08-07,269900,0,0,2023-09-09,262000.0,CASH,B-1180-000B-0005,3,2,1,0,0,1,1,1500,2019,Paved,Year Round,474 W 1425 #B5 N Road
103514,0.48,0.0,2023-08-24,2023-08-07,575000,0,0,2023-09-29,575000.0,CONV,D-0460-0010-0000,3,2,1,0,1,1,1,2103,2020,Paved,,4514 N 2525 W
103523,0.18,0.0,2023-08-31,2023-08-07,265000,0,14250,2023-08-31,279250.0,FHA,B-0514-0000-0000,3,2,0,0,0,2,1,1238,1929,,Year Round,116 S 100 E
103527,0.25,100.0,2023-08-14,2023-08-07,475000,1491,10000,2023-09-13,480000.0,CONV,B-1388-0005-0008,6,3,0,0,0,1,1,2982,1983,Paved,,9 S 2380 W
103532,1.14,0.0,2023-09-13,2023-08-07,425000,0,0,2023-09-29,400000.0,CASH,A-2044-0000-0000,4,3,1,0,1,1,1,2898,1917,Paved,Year Round,1214 W HWY 91 91
103537,0.28,0.0,2023-09-02,2023-08-08,430000,0,5000,2023-11-22,437325.0,VA,A-0990-0018-0000,3,2,0,0,1,1,1,1541,2023,Paved,,1110 E 4290 N (Lot 18 Phs 4 Settlers Square)
103551,0.25,90.0,2023-08-24,2023-08-08,469900,1100,0,2023-09-29,450000.0,CONV,B-1450-0006-0000,5,3,0,0,0,1,1,2864,1996,Paved,,2078 W 30 N
103560,0.06,0.0,2023-08-19,2023-08-09,289900,0,10000,2023-10-06,300000.0,CONV,B-1808-0005-0000,3,2,0,0,1,1,1,1824,2005,Paved,Year Round,396 W 1500 N
103561,0.0,0.0,2023-09-27,2023-08-09,299900,0,2500,2023-10-27,275000.0,CASH,A-1148-0006-0001-16,2,2,0,0,1,1,1,1116,1975,Paved,Year Round,681 S Highway 143 #3C
103563,0.25,100.0,2023-11-15,2023-08-09,470000,1555,0,2023-12-28,462500.0,CONV,D-1216-0042-0000,5,3,0,0,0,1,1,3110,2018,Paved,Year Round,2238 W War Admiral Lane
103566,0.0,0.0,2023-10-04,2023-08-08,159000,0,0,2023-11-01,135000.0,CONV,A-1176-000B-0108,0,1,0,0,1,1,1,420,1984,Paved,Year Round,464 N Highway 143 #B108
103570,0.15,70.0,2023-09-23,2023-08-10,299900,638,0,2023-11-16,270000.0,CONV,B-1096-0006-0000,3,1,0,0,1,1,1,1762,1953,Paved,,421 Circleway Drive
103577,0.04,0.0,2024-03-05,2023-08-10,289000,0,8000,2024-05-10,281000.0,CONV,B-1808-0020-0000,3,2,0,0,1,1,1,1418,2008,Paved,Year Round,461 W 1500 N
103579,0.26,25.0,2024-01-22,2023-08-11,310000,1020,0,2024-01-30,300000.0,CASH,A-0611-0001-0000,3,2,0,0,0,1,1,2040,1971,Paved,Year Round,293 E 200 S
103580,0.47,0.0,2023-09-20,2023-08-11,215000,0,0,2023-10-12,190000.0,CASH,C-0638-0044-0000,1,1,0,0,1,1,1,744,1968,Unimproved,Seasonal,2151 E 2025 S
103581,0.41,0.0,2023-10-04,2023-08-11,415000,0,12000,2023-10-30,415000.0,Utah Hsng,A-0938-0006-0000,3,2,0,0,1,1,1,2062,2005,,Year Round,4706 N Halterman Road
103582,0.0,0.0,2023-11-09,2023-08-11,205000,0,10000,2023-12-13,195000.0,CONV,A-1176-0003-0008,1,2,0,0,1,1,1,1071,1984,Paved,Year Round,464 N HWY 143 #a308
103583,0.0,100.0,2023-08-21,2023-08-11,364900,1466,0,2023-09-29,360000.0,CASH,B-1151-0001-0004-220,4,3,0,0,1,1,1,2932,1985,Paved,,972 S Three Fountains Drive
103588,0.37,100.0,2023-09-11,2023-08-11,749900,2550,0,2023-09-21,700000.0,CASH,B-1750-0030-0000,5,3,2,0,2,1,1,5100,2004,Paved,Year Round,2129 N Forest Circle
103589,0.04,0.0,2023-10-20,2023-08-10,237900,0,0,2023-10-27,229000.0,CASH,B-1472-000A-0042,2,2,0,0,1,1,1,1226,1996,Paved,,195 E Fiddlers Cyn #42
103594,0.98,0.0,2023-09-08,2023-08-11,350000,0,0,2023-09-15,335000.0,CASH,D-0938-0001-0011-071,3,3,0,0,0,1,1,1440,1973,,Year Round,526 N 3900 W
103595,0.22,0.0,2023-08-18,2023-08-12,329900,0,0,2023-09-22,329900.0,FHA,B-1604-0003-0000,3,2,0,0,1,1,1,1400,1999,Paved,Year Round,441 W 1600 N
103608,0.17,0.0,2023-09-25,2023-08-14,365000,0,10000,2023-10-23,351000.0,CONV,B-1098-0014-0000,3,1,0,0,0,1,1,1363,1961,Paved,,581 S 640 W
103609,0.0,0.0,2023-10-16,2023-08-14,160000,0,500,2024-01-08,150000.0,CASH,A-1176-000B-0202,0,1,0,0,1,1,1,420,1984,Paved,,464 N Highway 143 143 #b202
103617,0.19,0.0,2023-08-18,2023-08-14,465000,0,0,2023-09-05,465000.0,CASH,B-1999-0003-0000,3,2,0,0,1,1,1,1631,2018,Paved,Year Round,193 N Windsor Road
103618,0.02,0.0,2023-09-08,2023-08-14,267900,0,0,2023-11-08,267900.0,CONV,B-2040-0016-000E,3,2,1,0,0,1,1,1242,2023,Paved,Year Round,920 S 25 #16E E
103620,0.02,0.0,2023-09-02,2023-08-14,334900,0,0,2023-10-13,324900.0,CONV,B-2021-0068-0000,3,2,1,0,1,1,1,1734,2022,Paved,,668 E Fiddlers Cove Drive #68
103621,0.02,0.0,2023-08-28,2023-08-14,334900,0,8500,2023-11-07,343400.0,FHA,B-2021-0063-0000,3,2,1,0,1,1,1,1734,2022,Paved,,668 E Fiddlers Cove Drive #63
103622,0.0,0.0,2024-07-21,2023-08-14,295000,0,8000,2024-08-20,295000.0,VA,A-1150-0004-0017,2,1,0,0,1,1,1,795,1971,Paved,,356 S Highway 143 #l-19 (L5)
103624,0.45,100.0,2023-09-15,2023-08-15,449999,1154,12000,2023-10-12,441000.0,VA,A-0938-0041-0000,4,3,0,0,1,1,1,2335,2005,Paved,,4691 N 100 E
103629,0.44,10.0,2023-08-22,2023-08-14,405000,864,0,2024-02-06,300000.0,CASH,D-0621-0001-0003-021,2,2,0,0,0,1,1,2160,2007,Unimproved,,2609 W 3350 N
103630,0.03,0.0,2023-08-14,2023-08-14,324900,0,0,2023-10-20,324900.0,CASH,B-2021-0064-0000,3,2,1,0,1,1,1,1734,2023,Paved,Year Round,668 E Fiddlers Cove #64
103631,2.37,0.0,2023-08-21,2023-08-15,699950,0,0,2023-10-06,680000.0,CASH,D-1139-0010-0108,4,3,0,0,1,1,1,3252,2003,Paved,Year Round,1461 S Hamilton Drive
103632,0.02,0.0,2023-08-23,2023-08-15,145000,0,0,2023-09-12,140000.0,CASH,,4,2,0,0,0,1,1,1394,2023,Paved,,780 W 1125 #57 N
103640,0.08,0.0,2023-08-23,2023-08-16,265000,0,11652,2023-09-25,265000.0,FHA,B-0360-0002-000A-16,3,2,0,0,0,1,1,1073,1998,Paved,,"334 S 400 East #16 East Gate, Unit #16"
103641,0.28,75.0,2023-12-15,2023-08-15,440000,1850,0,2024-01-12,455000.0,FHA,B-1338-0001-0044,5,3,0,0,0,1,1,3714,2000,Paved,,2223 W Sunset Pointe Drive
103643,0.02,0.0,2023-10-25,2023-08-16,279900,0,0,2023-11-13,275000.0,CASH,B-1181-000J-0005,3,2,1,0,0,1,1,1499,2019,Paved,,404 W 1325 #J-5 N
103650,0.17,100.0,2023-10-22,2023-08-17,765000,336,0,2024-01-19,755000.0,CASH,A-1151-0001-0036,3,0,0,4,1,1,1,2086,1993,Paved,,319 W Ridge View Street
103651,0.46,0.0,2023-08-23,2023-08-17,275000,0,0,2023-09-19,290000.0,CONV,A-0876-0000-000P-13,4,2,0,0,1,1,1,1472,1999,Paved,Year Round,4289 N Maple Circle
103657,0.5,0.0,2023-08-21,2023-08-18,399000,0,0,2023-09-05,399000.0,CONV,A-0878-0005-0003,3,2,0,0,0,1,1,1453,2018,Paved,Year Round,3898 N Driftwood Lane
103659,0.12,0.0,2023-08-18,2023-08-18,360400,0,0,2023-12-22,360835.0,CASH,B-2029-0004-000N,3,2,0,0,0,1,1,1448,2023,Paved,,2799 N Rosie Lot 4 North Loop
103661,0.1,0.0,2023-12-15,2023-08-18,399990,0,2000,2024-01-16,399990.0,CONV,B2026-004A-0000,4,2,1,0,1,1,1,1988,2023,Paved,Year Round,743 S 1175 W
103664,0.44,0.0,2023-09-28,2023-08-18,799500,0,2500,2023-11-17,750000.0,CONV,A-2065-0009-0000,4,3,1,0,1,1,1,2541,2022,Paved,,1583 W Flint Circle
103666,0.27,100.0,2024-03-11,2023-08-17,599999,1803,0,2024-03-29,590000.0,CONV,A-0881-0002-0000,6,4,0,0,1,1,1,3629,2023,Paved,Year Round,4579 N Pearly Lane
103672,0.12,0.0,2023-12-29,2023-08-19,367550,0,2500,2024-02-16,368977.0,CONV,B-2029-0005-000N,3,2,0,0,0,1,1,1448,2023,Paved,,2815 N Rosie Lot 5 North Loop
103673,0.13,0.0,2024-02-17,2023-08-19,378850,0,5000,2024-03-15,379000.0,Utah Hsng,B-2029-0007-000S,3,2,0,0,0,1,1,1448,2023,Paved,Year Round,2833 N Rosie Lot 7 South Loop
103675,0.44,0.0,2023-10-07,2023-08-19,379000,0,0,2023-11-07,362000.0,CONV,A-0906-0154-0000,3,2,0,0,0,1,1,1370,2005,,Year Round,4640 Escalante Trail
103676,0.63,0.0,2023-09-14,2023-08-12,995000,960,0,2023-10-20,1000000.0,CONV,A-1213-000B-0006,4,3,0,0,2,1,1,3480,2005,Paved,Year Round,660 E Steam Engine Drive
103700,0.02,0.0,2023-08-28,2023-08-22,275000,0,0,2023-09-27,275000.0,CONV,B-2013-0026-0000,2,2,1,0,0,1,1,1388,2023,Paved,Year Round,498 W 1225 26 N
103701,0.06,0.0,2023-12-26,2023-08-22,329000,0,0,2024-01-04,320000.0,CASH,B-1625-0019-0000,3,2,0,0,1,1,1,1261,2005,Paved,,323 N Pachea Trail
103702,0.02,0.0,2023-10-24,2023-08-22,294900,0,0,2023-11-27,290000.0,CONV,B-2013-0025-0000,3,2,1,0,0,1,1,1500,2023,Paved,Year Round,498 W 1225 25 N
103710,0.45,100.0,2023-10-04,2023-08-22,399999,792,0,2023-10-13,390000.0,CASH,D-0300-0021-0000,2,3,0,0,3,1,1,2332,2007,,Seasonal,4407 S 2375 E
103712,0.17,0.0,2023-10-02,2023-08-22,349900,0,0,2023-11-03,344000.0,CONV,B-1098-0010-0000,3,1,0,0,0,1,1,1158,1958,Paved,,570 S 640 W
103715,0.28,0.0,2023-11-29,2023-08-23,467900,0,0,2023-12-21,467900.0,FHA,A-0990-0020-0000,4,2,1,0,0,1,1,2300,2023,Paved,,1084 E 4290 N (Lot 20 Phs 4 Settlers Square)
103719,0.56,0.0,2024-01-08,2023-08-23,615000,0,0,2024-01-30,610000.0,VA,B-1894-0006-0000,4,2,0,0,1,1,1,1829,2023,Paved,Year Round,1723 S 4150 Parcel 4 W
103724,0.29,100.0,2023-10-20,2023-08-23,455000,1226,10000,2023-11-17,455000.0,FHA,B-1395-0001-0006,5,3,1,0,1,1,1,2955,1995,Paved,Year Round,2103 N Hawthorne Lane
103727,0.3,15.0,2023-08-28,2023-08-23,496445,1946,0,2023-11-03,496445.0,CONV,B-1857-0027-0074,3,2,1,0,0,1,1,3812,2023,Paved,Year Round,426 S Foundation #74 Trail
103735,0.03,0.0,2023-10-17,2023-08-24,285000,0,0,2023-11-21,285000.0,CONV,B-1958-0016-000C,3,2,1,0,0,1,1,1420,2023,Paved,Year Round,160 E 3100 N
103737,0.45,100.0,2024-07-01,2023-08-24,930000,2129,10000,2024-09-04,930000.0,CONV,B-1688-0010-0000,5,4,1,0,1,1,1,4256,2018,Paved,,1 E 2775 N
103738,0.02,0.0,2023-08-29,2023-08-24,259000,0,0,2023-09-06,248000.0,CASH,B-1917-0037-0000,3,2,1,0,0,1,1,1365,2010,Paved,Year Round,340 W 1425 #76 N
103743,0.0,0.0,2023-11-10,2023-08-24,229000,0,0,2023-12-19,230000.0,CONV,A-1176-000B-0308,1,2,0,0,1,1,1,1021,1984,Paved,Year Round,464 N HWY 143 #B308
103746,0.3,0.0,2023-09-04,2023-08-21,249000,0,7000,2023-10-05,237500.0,FHA,B-0354-0000-0000,2,1,0,0,0,1,1,1035,1949,Paved,,302 S 300 E
103750,1.02,0.0,2023-11-04,2023-08-25,485000,0,0,2023-12-05,470000.0,CONV,E-0258-0019-0000,4,2,0,0,1,1,1,2700,2006,Paved,,3391 S 5225 W
103767,0.24,0.0,2023-09-22,2023-08-27,533999,1831,0,2023-09-22,510000.0,CASH,B-1831-0001-0000,3,2,0,0,2,1,1,3662,2006,Paved,,1015 E Fenwick Way
103768,0.0,0.0,2023-09-01,2023-08-27,117500,0,0,2023-09-07,115000.0,CASH,A-1811-103-0000,1,1,0,0,1,1,1,429,1972,,Year Round,651 S Snowflake Edelweiss # 105
103769,0.17,0.0,2023-11-28,2023-08-28,339900,0,6500,2023-12-18,338000.0,FHA,B-1833-0003-0000,3,2,0,0,0,1,1,1337,2006,Paved,,495 W 2000 N
103771,0.03,0.0,2023-08-28,2023-08-28,329900,0,0,2023-09-30,329900.0,CONV,B-1197-0024-0000,3,2,1,0,1,1,1,1734,2023,Paved,Year Round,668 E Fiddlers Cove #62
103772,0.03,0.0,2023-10-10,2023-08-15,324900,0,1000,2023-10-26,325900.0,CASH,B-2021-0067-0000,3,2,1,0,1,1,1,1734,2023,Paved,Year Round,668 E Fiddlers Cove #67
103776,0.42,95.0,2024-01-22,2023-08-28,490000,1450,0,2024-04-17,480000.0,CONV,A-0937-0023-0000,5,3,0,0,0,1,1,2900,2004,Paved,,1544 E Highland Trails Road
103785,0.12,0.0,2023-09-04,2023-08-29,225000,0,2000,2023-10-10,225000.0,FHA,B-1893-0011-0000,2,1,0,0,0,1,1,768,2007,Paved,Year Round,1885 N 1600 North Access Road
103792,0.02,0.0,2023-09-26,2023-08-29,299900,0,0,2023-10-13,290000.0,CASH,B-2013-0023-0000,3,2,1,0,0,1,1,1500,2023,Paved,Year Round,498 W 1225 23 N
103800,0.99,0.0,2024-05-02,2023-08-30,469000,0,0,2024-06-06,465000.0,CONV,D-0617-0020-0000,4,2,0,0,0,1,1,1530,2023,Paved,,2382 W 3650 lot 20 N
103801,0.0,0.0,2023-10-09,2023-08-31,130000,0,0,2023-11-01,120000.0,CASH,0,3,2,0,0,0,1,1,1086,1995,Paved,,780 W 1125 #14 N
103803,0.02,0.0,2023-11-16,2023-08-30,294900,0,0,2023-12-11,294900.0,CONV,B-2013-0027-0000,3,2,1,0,0,1,1,1500,2023,Paved,Year Round,498 W 1225 27 N
103804,0.25,0.0,2023-09-14,2023-08-30,415000,0,18100,2023-10-06,420000.0,CONV,A-1035-0012-0000,3,2,0,0,0,1,1,1757,2023,Paved,Year Round,4961 N 75 E
103806,0.27,95.0,2023-08-31,2023-08-30,445000,1660,0,2023-09-29,445000.0,CONV,B-1395-0003-0014,5,4,0,0,0,1,1,3412,1994,Paved,,2088 N Hawthorne Lane
103813,0.25,95.0,2023-09-25,2023-08-30,499990,1454,0,2023-10-12,490000.0,CONV,B-1160-0003-0006,6,3,0,0,1,1,1,2908,1989,Paved,Year Round,101 N Sunnyside Drive
103815,0.03,0.0,2023-08-31,2023-08-31,339900,0,0,2023-10-25,325000.0,CASH,B-1197-0024-0000,3,2,1,0,1,1,1,1734,2023,Paved,Year Round,668 E Fiddlers Cove #69
103831,0.28,15.0,2023-09-01,2023-08-31,479960,1946,0,2023-10-13,479960.0,CONV,B-1857-0027-0077,3,2,1,0,0,1,1,3812,2023,Paved,Year Round,3613 W Sevy #77 Street
103846,0.26,0.0,2023-12-05,2023-09-01,474900,0,5000,2024-01-02,470000.0,CONV,B-2020-0032-0000,4,2,0,0,1,1,1,2436,2023,,Year Round,4319 W 275 N. N Circle
103850,0.39,75.0,2023-10-18,2023-09-01,960000,2090,0,2023-11-21,950000.0,CASH,B-1764-0006-0000,5,3,1,0,2,2,1,4300,2018,Paved,Year Round,2604 W Carmel Estates Drive
103856,0.25,100.0,2024-01-04,2023-09-02,498000,0,0,2024-02-08,480000.0,CONV,B-1832-0047-0000,3,2,0,0,0,1,1,1856,2015,Paved,,1382 W 1700 S
103857,0.18,0.0,2023-09-19,2023-09-02,290000,0,5000,2023-10-19,290000.0,FHA,B-1013-0014-0000,3,1,0,0,1,1,1,1270,1951,Paved,,571 S Sunset Drive
103858,0.24,0.0,2023-10-09,2023-09-02,549900,0,0,2023-12-16,540000.0,CONV,B-1157-0006-0002,6,3,1,0,0,2,1,2200,1998,Paved,,412 W 1150 S
103859,0.02,15.0,2023-09-05,2023-09-02,354055,632,0,2023-12-08,354055.0,CONV,B-1857-1078-0000,3,2,1,0,0,1,1,2187,2023,Paved,Year Round,2978 W Graham #1078 Loop
103860,0.02,15.0,2023-10-27,2023-09-02,349990,632,0,2023-12-08,349990.0,CONV,B-1857-1079-0000,3,2,1,0,0,1,1,2187,2023,Paved,Year Round,2974 W Graham #1079 Loop
103861,0.02,15.0,2023-09-05,2023-09-02,353055,632,0,2023-12-11,353055.0,CONV,B-1857-1080-0000,4,2,1,0,0,1,1,2247,2023,Paved,Year Round,2972 W Graham #1080 Loop
103867,0.16,0.0,2023-10-06,2023-09-03,335000,0,0,2023-11-06,325000.0,CONV,B-1482-0027-0000,3,2,0,0,0,1,1,1220,2007,Paved,Year Round,801 W North Cedar N Boulevard
103881,0.07,0.0,2023-09-01,2023-09-01,425000,0,0,2023-11-02,425000.0,CASH,B-2009-003A-0027,3,2,0,0,1,1,1,1487,2023,Paved,,2352 W Portal Hill #27 Road
103884,1.02,100.0,2023-09-11,2023-09-04,695000,1604,1000,2023-10-30,695000.0,CASH,D-1193-000C-0002,5,3,1,0,1,1,1,3559,2004,Paved,,2257 W 2575 N
103886,0.56,85.0,2023-10-11,2023-09-05,415000,992,11550,2023-11-01,385000.0,FHA,A-0878-0008-0008,6,3,0,0,0,1,1,2036,1998,Paved,,4096 N Morgan Drive
103887,0.17,0.0,2023-09-11,2023-09-03,380000,0,10000,2023-10-23,380000.0,FHA,B-1582-0047-0000,4,2,0,0,1,1,1,1627,2002,Paved,,110 N 4125 west
103888,0.24,0.0,2023-09-27,2023-09-05,629900,0,0,2023-09-29,600000.0,CASH,B-1212-0015-0000,5,3,0,0,1,1,1,2450,2023,Paved,,2214 S 2925 w W
103903,1.56,100.0,2024-01-09,2023-09-07,395000,1516,5750,2024-02-09,380000.0,CONV,D-0689-0002-0001,5,3,0,0,1,1,1,3047,1978,Paved,,340 W 2530 N
103911,0.74,100.0,2023-12-13,2023-09-07,910000,2171,0,2024-01-11,875000.0,CASH,B-1764-0019-0000,6,3,2,0,1,1,1,4467,2021,Paved,Year Round,2711 W Carmel Estates Drive
103912,19.38,0.0,2023-09-21,2023-09-05,455000,0,0,2023-10-31,435000.0,CONV,E-0209-0029-0000,3,2,0,0,1,1,1,1590,1999,,Year Round,1145 S 6300 W
103913,0.04,0.0,2023-12-05,2023-09-07,345000,0,5000,2023-12-20,335000.0,FHA,B-2003-0030-0000,3,2,0,0,1,1,1,1454,2020,Paved,Year Round,1825 N Lund #30
103917,0.02,0.0,2023-09-12,2023-09-08,268900,0,6100,2023-10-13,272000.0,FHA,B-2040-0016-000F,3,2,1,0,0,1,1,1242,2023,Paved,Year Round,920 S 25 #16F E
103918,1.68,100.0,2024-07-30,2023-09-08,1175000,2440,7000,2024-08-27,1084000.0,CONV,E-0171-0002-0046,6,4,1,0,1,1,1,4910,2023,Paved,Year Round,1252 N 6900 W
103920,0.24,100.0,2023-11-18,2023-09-08,469900,1498,10000,2023-12-11,469900.0,VA,B-1866-0011-0000,4,3,0,0,0,1,1,2996,2012,Paved,,4008 W 50 S
103922,1.22,0.0,2023-09-14,2023-09-08,849900,0,8000,2023-10-16,825000.0,CASH,E-0401-0006-0052,3,2,1,0,1,1,1,3167,2006,Paved,,2112 S Chekshani Cliffs
103923,0.02,15.0,2023-11-30,2023-09-08,344990,632,0,2023-12-13,344990.0,CASH,B-1857-1081-0000,3,2,1,0,0,1,1,2187,2023,Paved,Year Round,2966 W Graham #1081 Loop
103937,0.43,80.0,2023-10-25,2023-09-11,425000,1652,15000,2023-10-30,420000.0,CONV,A-0840-0004-0004,5,4,0,0,1,2,1,3400,1992,Paved,Year Round,4734 Marshal Trail
103939,0.44,100.0,2023-10-23,2023-09-11,550000,1488,10200,2023-11-21,510200.0,CONV,D-0621-0001-0001,5,3,0,0,1,1,1,2976,1997,Unimproved,,2609 W 3275 N
103944,0.54,100.0,2023-09-29,2023-09-11,847500,2184,25000,2023-10-13,830000.0,CONV,A-0945-0019-0000,5,3,1,0,3,1,1,4711,2008,Paved,Year Round,689 E 5080 N
103945,0.08,0.0,2023-10-03,2023-09-11,95000,0,0,2023-10-16,65000.0,Owner 1st,UT009085724,3,2,0,0,0,1,1,985,1983,Paved,,3870 N Minersville Hwy. #45
103951,0.03,0.0,2023-10-26,2023-09-06,314900,0,0,2023-11-21,314900.0,FHA,B-1577-054A-0000,4,2,1,0,0,1,1,1635,2022,Paved,,309 N 2050
103954,0.16,0.0,2023-12-09,2023-09-12,379900,0,0,2023-12-22,378400.0,Own Fin,B-1615-0024-0000,4,2,0,0,0,1,1,1504,2006,Paved,Year Round,2605 N 475 W
103958,1.0,0.0,2023-10-09,2023-09-12,375000,0,5000,2023-12-13,335000.0,FHA,E-0171-0001-0032,4,2,0,0,1,1,1,2280,2004,Unimproved,Year Round,1206 N 6450 W
103960,0.26,0.0,2023-09-27,2023-09-14,504999,0,0,2023-11-24,496500.0,CONV,B-2020-0067-0000,4,2,1,0,0,1,1,2041,2023,Paved,,4465 W 250 N
103961,0.26,0.0,2023-11-14,2023-09-14,504999,0,0,2024-01-10,512500.0,CONV,B-2020-0066-0000,4,2,1,0,0,1,1,2041,2023,Paved,,4447 W 250 N
103982,0.23,100.0,2024-05-27,2023-09-14,429900,1144,5000,2024-06-26,429900.0,CONV,B-0003-0005-0001-03,4,3,0,0,1,1,1,2288,1976,Paved,,1007 N 400 W
103985,0.28,0.0,2023-09-14,2023-09-14,385000,0,0,2024-02-01,391388.0,CONV,A-0990-0005-0000,3,1,0,0,0,1,1,1467,2023,Paved,,1069 E 4290 N (Lot 5 Phs 4 Settlers Square)
103990,0.23,0.0,2023-10-16,2023-09-13,395000,0,0,2023-11-09,395000.0,CASH,B-1803-0021-0000,3,2,0,0,0,1,1,1360,2021,Paved,,142 N 4275 W W
104000,0.02,0.0,2023-11-29,2023-09-15,344900,0,6000,2024-01-02,344900.0,FHA,B-2021-0071-0000,3,2,1,0,1,1,1,1734,2022,Paved,,668 E Fiddlers Cove Drive #71
104005,0.0,0.0,2023-11-06,2023-09-15,749999,0,0,2023-11-20,700000.0,CASH,A-1179-0006-0000,3,3,1,0,2,1,1,2688,1986,,Year Round,487 S Vasels #6 Road
104008,0.0,0.0,2023-10-09,2023-09-15,175000,0,0,2023-11-01,157500.0,CASH,A-1148-0006-0001-24,0,1,0,0,0,1,1,464,1975,,Year Round,681 S Highway 143 #M-10
104032,0.29,95.0,2023-12-29,2023-09-18,399000,1131,0,2024-01-02,395000.0,CONV,B-1327-0002-0001,6,3,1,0,3,1,1,3393,1989,Paved,,763 E Fiddlers Canyon Road
104038,0.27,0.0,2024-08-28,2023-09-19,474900,0,0,2024-09-27,474900.0,FHA,A-1100-0002-0000,4,2,1,0,0,1,1,2345,2023,Paved,,5239 N Church Circle
104039,0.91,0.0,2023-10-19,2023-09-19,309900,0,5000,2023-11-24,305000.0,FHA,D-1191-000A-0004,3,2,2,0,0,1,1,1394,1996,,Year Round,727 N 4475 W
104042,0.46,0.0,2023-10-02,2023-09-19,415000,0,0,2023-11-03,415000.0,CONV,A-0974-0036-0000,3,2,0,0,0,1,1,1436,2019,Paved,,815 E Sunshine N Lane
104047,0.3,20.0,2024-01-23,2023-09-18,590000,624,0,2024-02-29,541007.0,CONV,B-0249-0000-0000,3,4,0,0,1,1,1,3431,1924,Paved,Year Round,218 S 100 W
104048,0.04,0.0,2023-10-09,2023-09-15,120000,0,0,2023-11-03,110000.0,CASH,A-0504-0003-0002-21,1,1,0,0,0,1,1,616,1994,Paved,,221 Raquel
104049,1.05,0.0,2023-10-31,2023-09-19,299000,0,5000,2023-12-12,285000.0,FHA,D-0941-0002-0012,3,2,0,0,0,1,1,1100,1980,Paved,,3794 W 700 N
104050,0.3,0.0,2024-08-27,2023-09-19,624900,2160,10000,2024-09-25,629500.0,CONV,A-0973-0005-0000,3,2,1,0,0,1,1,4320,2023,Paved,Year Round,5282 N Black Rock Circle Lot 14 in Pinnacle Ridge
104064,2.5,0.0,2023-10-04,2023-09-20,429000,0,10000,2023-11-14,400000.0,FHA,D-00517-0010-0000,3,2,0,0,0,1,1,1272,2023,,Year Round,4916 N 3300 W
104074,0.13,0.0,2024-04-06,2023-09-20,345000,0,0,2024-05-15,335000.0,CONV,A-0026-0001-0009,2,2,0,0,1,1,1,1366,1996,Paved,Year Round,667 W 60 N
104078,0.02,0.0,2024-01-08,2023-09-20,269000,0,0,2024-01-31,255000.0,CASH,B-1960-0003-000G,3,2,1,0,0,1,1,1242,2021,Paved,Year Round,920 S 25 #3G E
104079,0.28,15.0,2023-10-20,2023-09-20,454990,1821,0,2023-11-29,454990.0,CONV,B-1857-0027-0078,3,2,0,0,0,1,1,3495,2023,Paved,Year Round,3629 W Sevy 78 Street
104080,0.25,0.0,2023-11-18,2023-09-20,339000,0,5000,2023-12-22,330000.0,FHA,A-0382-0012-0000,3,2,0,0,0,1,1,1573,1987,Paved,,415 N Midway Circle
104082,0.11,0.0,2023-10-21,2023-09-20,300000,0,0,2023-11-17,290000.0,FHA,B-1778-0017-0000,3,2,1,0,0,1,1,1322,2005,Paved,,278 N Beacon Dr;;; Drive
104084,0.2,98.0,2023-10-01,2023-09-21,440000,1348,0,2023-10-31,440000.0,CASH,B-0135-0003-0000,4,2,0,0,1,1,1,2696,1953,Paved,,42 N 900 W
104088,0.0,0.0,2023-10-04,2023-09-21,145000,0,0,2023-11-02,145000.0,Own Fin,NTA2179288   NTA2179289,3,2,0,0,0,1,1,1225,2023,Paved,,780 W 1125 #126 N
104090,0.04,0.0,2023-11-28,2023-09-20,314900,0,0,2024-01-11,309000.0,CONV,B-2018-0021-0000,3,2,1,0,1,1,1,1810,2023,Paved,Year Round,2875 W Cody #21 Drive
104093,0.26,95.0,2023-10-23,2023-09-21,380000,1300,20000,2023-11-27,380000.0,FHA,B-0001-0009-0019-12,5,2,1,0,2,1,1,2638,1978,Paved,Year Round,110 W 1725 N
104098,0.26,0.0,2023-09-29,2023-09-21,675000,0,0,2023-10-20,660000.0,CONV,B-2020-0049-0000,4,3,0,0,1,1,1,2631,2023,Paved,,4464 W 250 North N Street
104099,0.26,0.0,2023-11-26,2023-09-21,590000,0,0,2023-12-20,590000.0,CONV,B-2020-0060-0000,4,2,1,0,1,1,1,2546,2023,Paved,,4446 W 250 North N Street
104103,30.11,0.0,2023-09-29,2023-09-22,1599900,0,0,2023-11-13,1574900.0,CONV,E-0685-0007-0004,5,5,0,0,3,1,1,5898,2006,Paved,,13853 W Hwy 56
104106,0.98,100.0,2023-09-27,2023-09-22,450000,768,25000,2023-10-27,455000.0,CONV,D-1024-0009-0007,4,4,0,0,0,1,1,2304,2001,,Year Round,2057 S High Mountain View Cedar Highlands Drive
104108,0.12,0.0,2023-11-10,2023-09-22,279000,0,0,2023-11-17,280000.0,CASH,B-1161-0001-0004,3,2,0,0,0,1,1,1152,1990,Paved,Year Round,1653 N Cedar Boulevard
104113,0.04,0.0,2023-09-25,2023-09-22,289900,0,0,2023-10-27,289000.0,CONV,B-1386-0015-0000,3,2,1,0,0,1,1,1620,2019,Paved,,1577 S 1450 Topaz #b;;;1577 #b S
104116,0.21,100.0,2023-12-23,2023-09-22,295000,300,9000,2024-01-22,306550.0,FHA,B-0031-0001-0003,4,1,0,0,0,1,1,1460,1953,Paved,,865 W 400 N
104119,0.0,0.0,2024-01-02,2023-09-23,145000,0,4000,2024-02-09,135000.0,CONV,A-1176-0002-0002,0,1,0,0,1,1,1,420,1984,Paved,Year Round,464 N Highway 143 #A202
104120,0.21,0.0,2024-01-28,2023-09-22,439900,0,10000,2024-02-16,447000.0,FHA,B-2031-30,3,2,0,0,1,1,1,1625,2024,Paved,Year Round,3949 W Tatiana Street
104123,0.03,0.0,2024-01-15,2023-09-25,289900,0,0,2024-03-14,289900.0,CONV,B-1958-0016-000A,3,2,1,0,0,1,1,1420,2023,Paved,Year Round,156 E 3100 N
104130,0.26,0.0,2024-01-06,2023-09-20,449900,0,0,2024-01-26,442000.0,CASH,B-2020-0045-0000,3,2,1,0,1,1,1,1836,2023,Paved,,4469 W 275 N
104145,0.45,0.0,2023-12-04,2023-09-26,590000,0,700,2024-01-02,580000.0,CONV,A-0974-0039-0000,6,3,0,0,0,1,2,2846,2021,Paved,,4269 N Prospector Lane
104150,0.12,0.0,2024-03-19,2023-09-27,333000,0,0,2024-04-22,333000.0,CONV,B-1202-0002-000N,3,2,0,0,1,1,1,1550,2019,Paved,Year Round,876 S 25 W
104164,0.18,0.0,2024-02-16,2023-09-27,469900,0,1000,2024-03-12,469900.0,CASH,B-2017-0042-0000,4,2,1,0,0,1,1,2126,2023,Paved,,2621 W Sterling Dr (Lot 42 Phs 4 Crescent Hills)
104169,0.03,0.0,2023-09-28,2023-09-25,344900,0,0,2024-03-22,344900.0,CASH,B-1197-0024-0000,3,2,1,0,1,1,1,1734,2023,Paved,Year Round,668 E Fiddlers Cove #86
104181,0.04,0.0,2023-11-06,2023-09-20,299900,0,6000,2023-12-27,305900.0,FHA,B-2018-0022-0000,3,2,1,0,1,1,1,1810,2023,Paved,Year Round,2875 W Cdy #22 Drive
104192,0.21,0.0,2023-11-10,2023-09-29,399000,0,0,2023-12-22,395000.0,VA,B-1999-0002-0000,3,2,0,0,1,1,1,1412,2019,Paved,Year Round,207 N 2875 W
104194,0.09,0.0,2023-11-03,2023-10-01,299900,0,3000,2023-12-08,290500.0,FHA,B-1870-0084-000W,3,2,1,0,0,1,1,1571,2007,Paved,,1911 W Gemini Meadows
104198,0.25,0.0,2023-10-02,2023-10-02,498000,0,0,2023-12-04,485000.0,CASH,A-0007-0010-000B-04,4,3,0,0,3,2,1,2923,1986,Paved,,490 E 100 S
104200,1.02,40.0,2024-01-19,2023-10-02,499000,1884,11000,2024-02-20,475000.0,CONV,E-0172-0013-0000,5,3,1,0,1,1,1,3768,2005,Paved,,1481 N N 6900 W W
104202,0.0,0.0,2023-10-19,2023-10-02,275000,0,0,2023-11-01,259000.0,CONV,A-1150-0004-0030,2,1,0,0,1,1,1,865,1971,Paved,Year Round,356 S HWY 143 #J-34
104208,0.26,0.0,2023-10-26,2023-10-04,523500,0,0,2023-12-06,523500.0,CONV,B-2020-0005-0000,4,3,0,0,0,1,1,2276,2023,Paved,,4420 W 300 N
104210,0.06,0.0,2023-11-14,2023-10-02,299900,0,5000,2023-12-14,297400.0,CONV,B-1808-0008-0000,3,2,0,0,1,1,1,1822,2006,Paved,,422 W 1500 N
104224,0.1,0.0,2023-10-24,2023-10-03,359000,0,6500,2023-12-05,365000.0,FHA,B-1873-0021-0000,3,2,1,0,0,1,1,1658,2023,Paved,,12 E 820 S
104225,8.01,0.0,2023-10-13,2023-10-04,780000,0,5000,2023-11-08,765000.0,CONV,E-0235-0009-0003,3,3,1,0,1,1,1,2267,2018,Paved,,3059 S 8200 W
104226,0.03,0.0,2024-02-20,2023-10-04,355900,0,0,2024-03-20,325000.0,CASH,B-2022-0006-0000,3,2,1,0,1,1,1,1893,2022,Paved,Year Round,280 W 2100 #6 N
104229,0.08,0.0,2023-11-14,2023-10-04,49900,0,0,2024-01-10,49900.0,CONV,,3,1,0,0,1,1,1,900,1975,Paved,Year Round,"465 N 800 W, Unit 9"
104232,0.34,0.0,2023-11-22,2023-10-04,806000,0,0,2023-12-08,776000.0,CASH,B-2007-0029-00AM,4,2,1,0,1,1,1,2650,2023,Paved,Year Round,972 S Cliffs Drive
104233,0.5,40.0,2023-10-25,2023-10-04,599900,1823,14000,2023-11-28,600000.0,FHA,D-1214-0009-0000,5,3,0,0,0,1,1,3646,2022,Paved,,2312 W 4925 N
104234,0.5,0.0,2023-12-11,2023-10-05,399000,0,12000,2024-01-26,406000.0,CONV,D-0463-0018-0000,3,2,0,0,0,1,1,1511,2023,Paved,,4503 N 2600 W
104235,0.17,0.0,2023-10-19,2023-10-05,405000,0,0,2023-12-01,400000.0,CONV,B-1803-0013-0000,3,2,0,0,0,1,1,1600,2018,Paved,,4232 W 150 N
104238,0.28,0.0,2023-10-31,2023-10-03,398000,0,0,2023-11-14,0.0,CONV,A-1038-0025-0000,3,2,0,0,0,1,1,1546,2023,Paved,Year Round,5050 N Bald Eagle Drive
104240,0.26,0.0,2024-01-20,2023-10-05,453000,0,10000,2024-02-23,453000.0,CONV,B-2020-0123-0000,4,2,0,0,0,1,1,1864,2023,Paved,Year Round,4662 W 250 Lot 123 N
104242,0.26,5.0,2024-02-02,2023-10-05,499000,1554,0,2024-03-07,497000.0,CONV,B-2020-0124-0000,3,2,0,0,0,1,1,3299,2023,Paved,Year Round,4678 W 250 Lot 124 N
104244,0.18,0.0,2023-11-07,2023-10-05,370000,0,0,2023-12-14,365000.0,CONV,B-1870-0151-0000,3,2,0,0,0,1,1,1264,2015,Paved,Year Round,2580 N Clark Parkway
104250,0.67,100.0,2023-10-14,2023-10-05,699000,1963,13000,2023-10-31,680000.0,CONV,D-0460-0017-0000,5,4,0,0,1,1,1,3926,2020,Paved,,4619 N 2525 W
104261,0.23,0.0,2023-12-26,2023-10-03,575000,0,500,2024-04-01,555000.0,CONV,B-1836-0004-0000,4,3,1,0,1,1,1,2756,2019,Paved,Year Round,1281 N 3575 W
104262,0.1,0.0,2023-10-12,2023-10-06,335900,0,0,2023-11-17,331000.0,CASH,B-1939-0026-000A,3,2,0,0,0,1,1,1260,2015,Paved,,243 W Bristlecone Drive
104266,0.5,0.0,2023-10-19,2023-10-05,285000,0,0,2023-10-19,288000.0,FHA,D-0518-0039-0045,3,2,0,0,0,1,1,1377,1999,Paved,,5366 N 3000 W
104273,1.04,100.0,2024-09-04,2023-10-04,895000,2153,0,2024-09-30,870000.0,CASH,D-1024-0002-0011,6,3,0,0,1,1,1,4306,2017,,Year Round,1911 S High Cedar View Drive
104278,0.25,0.0,2024-02-05,2023-10-09,484900,0,10000,2024-02-29,484900.0,CONV,B-1212-0016-0000,3,2,0,0,1,1,1,1752,2023,Paved,Year Round,2196 S 2925 W
104283,0.0,0.0,2023-11-06,2023-10-08,799000,0,0,2023-11-15,745000.0,CASH,A-1207-0002-008B,3,3,0,1,1,1,1,1859,2006,Paved,,565 Vasels #8 B
104287,1.0,100.0,2023-12-11,2023-10-09,280000,0,10000,2024-01-12,275000.0,CONV,E-0171-0001-0040,3,2,0,0,1,1,1,1050,2010,,Year Round,6641 W 1300 N
104295,0.23,0.0,2023-10-16,2023-10-10,414700,1327,0,2023-11-06,0.0,CASH,B-1739-0024-0000,3,2,0,0,0,1,1,2654,2007,Paved,Year Round,3806 W 1500 N
104296,0.46,100.0,2024-05-06,2024-03-07,375000,1065,15000,2024-07-15,375000.0,FHA,A-0932-0008-0000,4,3,0,0,0,1,1,2145,2000,Paved,Year Round,4478 N Maple Lane
104303,0.26,0.0,2023-11-06,2023-10-09,449900,0,0,2023-11-20,442000.0,CASH,B-2020-0091-0000,3,2,1,0,1,1,1,1836,2023,Paved,,4481 W 200 N
104307,40.0,0.0,2024-01-17,2023-10-11,685000,0,5500,2024-02-20,655000.0,VA,"E-0656-0001-0008-11, E-0656-0001-0008-02",2,2,0,0,1,1,1,1196,1998,Paved,,12840 W 2600 S
104308,0.03,0.0,2023-10-16,2023-10-11,60000,0,0,2023-10-27,62000.0,CASH,A-0504-0003-0004-21,1,1,0,0,0,1,1,280,1994,Paved,Year Round,421 Rhonda
104322,0.5,5.0,2024-01-16,2023-10-12,489000,1536,0,2024-02-13,489000.0,CONV,D-0463-0030-0000,3,2,0,0,0,1,1,3107,2023,Paved,,4721 N 2600 W
104327,0.44,90.0,2024-01-13,2023-10-12,559900,1650,0,2024-02-08,550000.0,CASH,A-0941-0054-0000,5,3,0,0,1,2,1,3331,2014,Paved,Year Round,1904 E Katie Court
104328,0.25,0.0,2023-10-27,2023-10-12,418000,0,0,2023-11-28,418000.0,FHA,A-1035-0027-0000,3,2,0,0,0,1,1,1500,2023,Paved,,4898 N 10 E
104332,0.12,0.0,2023-12-30,2023-10-13,319900,0,5000,2024-01-29,319000.0,VA,B-1807-0015-000N,3,2,0,0,1,1,1,1450,2007,Paved,Year Round,253 N 4300 W
104337,0.02,15.0,2024-01-31,2023-10-13,344990,632,0,2024-03-01,344990.0,CONV,B-1857-1083-0000,3,2,1,0,0,1,1,2187,2023,Paved,Year Round,2958 W Graham #1083 Loop
104338,0.02,15.0,2023-10-27,2023-10-13,358055,632,0,2024-01-16,358055.0,CASH,B-1857-1084-0000,3,2,1,0,0,1,1,2187,2023,Paved,Year Round,2954 W Graham #1084 Loop
104339,20.0,0.0,2023-10-29,2023-10-13,425000,0,7000,2023-12-29,400000.0,CONV,E-0323-0008-0000,3,2,0,0,0,1,1,1512,1997,Paved,,95 N Kanarra Hill
104340,0.02,15.0,2023-10-27,2023-10-13,357055,632,0,2023-12-22,357055.0,CONV,B-1857-1082-0000,4,2,1,0,0,1,1,2247,2023,Paved,Year Round,2962 W Graham #1082 Loop
104346,0.0,0.0,2023-10-28,2023-10-14,355000,0,1500,2023-11-20,350000.0,CONV,A-1173-0080-0000,2,2,0,0,0,1,1,923,1981,,Year Round,407 S Vasels #80 Road
104350,0.27,0.0,2024-01-16,2023-10-13,479000,0,10000,2024-02-06,479000.0,FHA,B-2001-0022-0000,4,2,1,0,1,1,1,1849,2023,Paved,Year Round,2165 S Eagle Ridge Drive
104351,0.0,0.0,2024-01-27,2023-10-15,248000,0,0,2024-03-15,239000.0,CASH,A-1172-0043-0000,1,2,0,0,1,1,1,612,1973,Paved,,226 S Highway 143 #13-a
104357,0.0,0.0,2023-12-15,2023-10-12,129000,0,0,2023-12-28,125000.0,CASH,0,4,2,0,0,0,1,1,1248,1999,Paved,Year Round,780 W 1125 #46 N
104358,0.48,100.0,2023-10-26,2023-10-16,749994,897,0,2023-10-30,735000.0,CONV,A-1115-0003-0058,3,4,0,0,1,1,1,2255,2007,Unimproved,,807 N Columbine Circle
104359,0.17,0.0,2023-10-26,2023-10-16,298500,0,3000,2023-11-17,290000.0,FHA,B-1161-0002-0001,4,2,0,0,0,1,1,1194,1981,Paved,Year Round,479 W Bramblewood Drive
104364,0.02,0.0,2024-03-26,2023-10-17,264000,0,0,2024-04-15,260000.0,CONV,B-2040-0018-000B,3,2,1,0,0,1,1,1242,2023,Paved,Year Round,920 S 25 #18B E
104369,0.12,0.0,2023-11-17,2023-10-17,287000,0,0,2023-12-13,285000.0,CONV,B-1807-0011-000W,3,2,0,0,1,1,1,1420,2005,Paved,,4245 W 250 N
104381,0.2,100.0,2023-10-25,2023-10-18,384500,1008,2500,2023-11-28,370000.0,FHA,B-1158-0002-0023,4,2,0,0,0,1,1,2054,1979,Paved,Year Round,1769 N 175 W
104384,0.18,0.0,2024-02-07,2023-10-19,535000,1718,0,2024-03-29,540050.0,C for Deed,B-2016-0010-0000,3,2,0,0,0,1,1,3337,2023,Paved,,3344 W Spring Circle
104387,0.06,0.0,2023-10-19,2023-10-18,689900,0,0,2023-11-28,0.0,CONV,A-1193-0003-0000,3,2,1,0,1,1,1,1760,2005,Paved,,511 S Vasels Drive
104390,0.25,0.0,2024-04-30,2023-10-19,455000,0,0,2024-06-03,455000.0,CONV,A-1035-0013-0000,4,2,0,0,0,1,1,2164,2023,Paved,,4973 N 75 E
104406,0.28,15.0,2023-10-20,2023-10-17,523395,2275,0,2023-11-17,523395.0,VA,B-1857-0027-0079,3,2,1,0,0,1,1,4439,2023,Paved,,3645 W Sevy #79 Street
104411,0.18,0.0,2024-01-06,2023-10-20,499900,1563,0,2024-03-18,494900.0,CASH,B-2017-0012-0000,3,2,0,0,0,1,1,3261,2023,Paved,,115 N Strathmore Ln (2650 W) (Lot 12 Phs 4 Crescent Hills)
104418,0.24,0.0,2023-11-24,2023-10-23,489900,0,0,2023-12-11,480000.0,CASH,B-1799-0001-0000,4,2,0,0,1,1,1,1652,2019,Paved,Year Round,3873 W 1400 N
104429,1.29,0.0,2024-04-10,2023-10-24,350000,0,0,2024-04-24,290000.0,CASH,A-0916-0005-0006,3,2,0,0,1,1,1,1405,1997,Paved,,2660 E Village Green Road
104430,0.31,15.0,2023-10-27,2023-10-23,586585,2275,0,2023-11-21,586585.0,CASH,B-1857-0027-0050,3,2,1,0,0,1,1,4439,2022,Paved,,330 S Sherratt #50 Drive
104441,0.19,0.0,2023-11-03,2023-10-25,355000,0,10000,2023-11-30,360000.0,CONV,B-1379-0091-0000,3,2,0,0,1,1,1,1347,1994,Paved,Year Round,1333 S 625 W
104445,0.41,100.0,2023-11-07,2023-10-24,337000,1080,0,2023-12-05,340500.0,FHA,A-0384-0001-0000,3,2,0,0,1,1,1,2160,1972,Paved,Year Round,251 E 400 N
104447,0.59,98.0,2024-02-07,2023-10-25,699999,1719,25400,2024-03-18,697000.0,CONV,D-1213-000D-004A,6,3,1,0,1,1,1,3438,2017,Paved,,1304 S 4475 W
104448,1.0,0.0,2023-10-25,2023-10-23,778840,0,0,2024-04-11,750000.0,CONV,D-0617-0027-0000,5,3,1,0,0,1,1,3445,2023,Paved,Year Round,2435 W 3650 N
104449,1.0,0.0,2023-10-25,2023-10-25,579280,0,0,2023-10-27,601416.84,CONV,D-0617-0029-0000,3,2,1,0,1,1,1,2136,2023,Paved,,2387 W 3650 lot 29 N
104455,0.41,100.0,2023-10-28,2023-10-25,549900,1811,0,2023-11-13,555900.0,CASH,A-0977-0021-0000,5,3,0,0,1,1,1,4009,2017,Paved,,4925 N Albert Drive
104456,0.0,0.0,2024-01-08,2023-10-25,249000,0,0,2024-01-19,243000.0,CASH,A-1177-0001-000A,1,1,0,0,1,1,1,703,1984,Paved,Year Round,117 E Steam Engine #1A Drive
104457,0.61,100.0,2024-01-03,2023-10-25,589900,1605,0,2024-02-02,577000.0,CONV,D-1213-000H-0004,4,3,0,0,1,1,1,3210,2018,Paved,,1207 S 4250 W
104463,0.03,0.0,2023-10-26,2023-10-26,302500,0,5500,2023-12-15,295000.0,CONV,B-1825-0080-0000,3,2,1,0,0,1,1,1648,2023,Paved,Year Round,3133 W 1700 #B N
104464,0.0,0.0,2024-03-13,2023-10-26,230000,0,0,2024-03-26,209000.0,CASH,A-1153-0001-0000,1,0,0,1,1,1,1,622,1980,Paved,,385 S Vasels Rd #1 (Brianwood #1)
104466,0.54,100.0,2024-05-02,2023-10-26,384000,1056,0,2024-06-03,380000.0,CONV,A-0779-0024-0001,5,2,0,0,1,1,1,2102,1978,Paved,Year Round,4646 N Mule Train Drive
104472,0.26,0.0,2023-10-27,2023-10-27,504900,0,0,2024-05-15,511229.0,CASH,B-2020-0073-0000,4,2,1,0,0,1,1,2041,2023,Paved,,4444 W 200 N
104480,0.69,100.0,2024-01-02,2023-10-27,889000,1274,34000,2024-01-29,850000.0,CONV,A-1138-0000-0000,5,2,0,1,1,1,1,3128,1984,,Year Round,656 N Aspen Drive
104481,0.06,0.0,2024-02-21,2023-10-27,279000,0,6400,2024-03-15,281400.0,FHA,B-1566-0012-0000,2,1,0,0,0,1,1,958,1998,Paved,,2483 W Pachea Trail
104483,0.03,0.0,2023-12-22,2023-10-30,292500,0,3000,2024-01-25,292500.0,FHA,B-1825-0102-0000,4,2,1,0,0,1,1,1480,2023,Paved,Year Round,3128 W 1700 #A N
104484,0.19,50.0,2024-04-02,2023-10-28,389900,936,0,2024-05-24,365500.0,CONV,b-1100-0003-0000,4,2,0,0,1,1,1,1962,1955,,Year Round,549 s 450 w
104485,0.0,0.0,2023-11-29,2023-10-28,364900,0,0,2024-01-08,345000.0,CONV,A-1173-0043-0000,2,0,0,2,1,1,1,930,1981,Paved,,407 S Vasels Rd #43 (Giant Steps #43)
104487,0.08,0.0,2023-11-18,2023-10-30,310000,0,5000,2023-12-20,305000.0,VA,B-1870-0130-000S,3,2,1,0,0,1,1,1577,2018,Paved,,2674 N Clark Parkway
104488,0.08,0.0,2024-03-13,2023-10-28,264900,0,3000,2024-06-03,250000.0,FHA,B-0360-0002-000A-17,3,2,0,0,0,1,1,1100,1998,Paved,Year Round,334 S 400 #17 E
104497,0.0,100.0,2023-12-10,2023-10-30,399000,0,7300,2024-01-16,365000.0,CONV,A-1150-0002-0001-011,2,2,0,0,1,1,1,1260,1973,,Year Round,312 S Highway 143 #1A
104506,0.03,0.0,2024-01-26,2023-10-30,289900,0,0,2024-02-16,296900.0,CONV,B-1958-0011-000A,3,2,1,0,0,1,1,1420,2023,Paved,Year Round,3046 N 125 E
104507,0.03,0.0,2023-12-10,2023-10-30,285000,0,0,2023-12-29,282500.0,CONV,B-1958-0011-000B,3,2,1,0,0,1,1,1420,2023,Paved,Year Round,3048 N 125 E
104508,0.03,0.0,2024-01-24,2023-10-30,285000,0,0,2024-02-23,285000.0,CONV,B-1958-0011-000C,3,2,1,0,0,1,1,1420,2023,Paved,Year Round,3050 N 125 E
104515,0.23,0.0,2023-12-08,2023-10-31,429000,1376,8000,2024-01-05,429000.0,FHA,B-1714-0011-0000,3,2,0,0,1,1,1,2752,2006,Paved,Year Round,838 E Nichols Canyon Road
104518,0.51,0.0,2023-12-18,2023-10-31,289000,0,0,2023-12-28,275000.0,CASH,D-1189-000A-0004,3,2,0,0,0,1,1,1092,1994,Paved,Year Round,4134 W 575 N
104519,0.31,80.0,2023-10-31,2023-10-31,561640,1654,0,2024-05-01,590821.0,CONV,A-0990-0026-0000,5,3,0,0,0,1,1,3519,2023,Paved,,"1008 E 4290 Lot 26, PH 4 Settlers Square N"
104527,0.28,0.0,2024-01-17,2023-10-26,404900,0,10000,2024-01-29,400000.0,CONV,A-1038-0021-0000,3,2,0,0,0,1,1,1542,2023,Paved,Year Round,5120 N Bald Eagle Drive
104529,0.26,0.0,2023-11-07,2023-11-03,504900,0,0,2024-09-19,512450.0,CONV,B-2020-0089-0000,4,2,1,0,0,1,1,2041,2024,Paved,,4443 W 200 N
104532,0.09,0.0,2024-03-26,2023-11-01,265000,0,0,2024-07-01,252400.0,CASH,B-1378-0010-0000,3,2,0,0,0,1,1,1057,1999,Paved,,1164 W 475 SHORT SALE! S
104533,0.16,0.0,2024-01-16,2023-11-01,350000,0,0,2024-02-06,336750.0,CONV,B-1582-0003-0000,3,2,0,0,1,1,1,1360,1996,Paved,Year Round,65 N 4100 W
104538,0.32,0.0,2024-05-06,2023-11-01,475000,0,0,2024-05-06,430000.0,CASH,A-1211-0148-0000,2,3,0,0,1,1,1,2080,0,,Year Round,234 E Deer Trail
104539,0.42,100.0,2023-12-20,2023-11-01,758400,1819,0,2024-01-11,735000.0,CASH,A-0944-0019-0000,7,4,0,0,0,1,1,4654,2018,Paved,Year Round,3695 N 250 E
104555,0.23,0.0,2024-01-18,2023-11-03,619900,2012,18600,2024-03-04,620000.0,CONV,B-1212-0007-0000,4,2,1,0,1,1,1,4024,2024,Paved,Year Round,2267 S 2925 W
104556,0.28,0.0,2023-11-02,2023-11-02,476900,1547,0,2024-02-09,487834.0,CONV,A-0990-0038-0000,3,2,0,0,1,1,1,3313,2023,Paved,,1147 E 4240 N (Lot 38 Phs 4 Settlers Square)
104557,0.34,0.0,2023-11-07,2023-11-02,579900,0,2500,2023-12-21,565000.0,CONV,A-0013-0002-0001,4,3,0,0,1,2,1,2242,2007,Paved,,232 N 300 E
104558,0.43,10.0,2024-01-23,2023-11-03,459900,1554,0,2024-03-05,469900.0,CONV,A-0944-0047-0000,3,2,0,0,1,1,1,3174,2006,Paved,Year Round,3657 N 170 E
104560,0.2,100.0,2024-02-10,2023-11-01,330000,1090,10600,2024-03-13,310000.0,CONV,A-0125-0001-0001,4,2,0,0,2,2,2,2180,1973,Paved,Year Round,30 W 200 S
104567,0.02,0.0,2023-11-10,2023-11-04,292990,0,0,2023-12-29,292990.0,CASH,B-1857-1054-0000,3,2,0,0,0,1,1,1399,2023,Paved,Year Round,556 S May 1054 Drive
104568,0.02,0.0,2023-12-30,2023-11-04,286990,0,0,2024-02-02,286990.0,CONV,B-1857-1056-0000,3,2,0,0,0,1,1,1399,2023,Paved,Year Round,552 S May 1056 Drive
104569,0.02,0.0,2023-11-30,2023-11-04,281990,0,0,2023-12-29,281990.0,CASH,B-1857-1055-0000,3,2,0,0,0,1,1,1300,2023,Paved,Year Round,554 S May 1055 Drive
104570,0.02,0.0,2023-12-29,2023-11-04,288990,0,0,2024-01-26,288990.0,CONV,B-1857-1057-0000,3,2,0,0,0,1,1,1399,2023,Paved,Year Round,548 S May 1057 Drive
104571,0.02,0.0,2024-02-15,2023-11-04,274990,0,0,2024-03-26,274990.0,CONV,B-1857-1058-0000,3,2,0,0,0,1,1,1300,2023,Paved,Year Round,544 S May 1058 Drive
104572,0.02,0.0,2023-11-17,2023-11-04,290990,0,0,2024-01-16,290990.0,VA,B-1857-1059-0000,3,2,0,0,0,1,1,1399,2023,Paved,Year Round,540 S May 1059 Drive
104576,0.02,0.0,2024-03-12,2023-11-06,256900,0,500,2024-04-11,250000.0,CASH,B-1891-0017-0000,3,2,1,0,0,1,1,1365,2007,Paved,Year Round,370 W 1425 #17 N
104580,0.1,0.0,2023-11-28,2023-11-06,299900,0,5000,2023-12-22,297900.0,CONV,B-1942-010A-0000,3,2,0,0,0,1,1,1155,2020,Paved,Year Round,2157 N 550 W
104594,0.45,0.0,2024-02-13,2023-11-08,544900,1536,15000,2024-03-19,545000.0,FHA,A-0647-0003-0000,3,2,0,0,1,1,1,3107,2023,Paved,,265 S 100 West
104595,0.09,0.0,2023-12-30,2023-11-08,359000,0,3000,2024-01-26,357000.0,CONV,B-1625-0042-0000,3,2,0,0,1,1,1,1330,2004,Paved,Year Round,352 N Pachea Trail
104597,0.71,0.0,2024-04-15,2023-11-07,417500,0,0,2024-05-28,395000.0,CONV,A-0779-0010-009A,3,1,0,1,0,1,1,1545,2000,Paved,Year Round,4449 Sagebrush Drive
104601,0.04,0.0,2023-11-28,2023-11-08,299900,0,0,2024-01-30,299000.0,CONV,B-2018-0023-0000,3,2,1,0,1,1,1,1810,2023,Paved,Year Round,2875 W Cody #23 Drive
104606,0.13,0.0,2024-01-09,2023-11-06,310000,0,0,2024-02-20,310000.0,FHA,B-2038-0001-000E,3,2,0,0,0,1,1,1154,2024,Paved,,437 W 2360 N
104610,0.36,0.0,2024-03-22,2023-11-08,939000,0,0,2024-04-30,830000.0,CASH,A-1145-0002-0000,4,2,0,1,3,1,1,2504,1978,Paved,Year Round,120 E Steam Engine Drive
104614,1.55,95.0,2024-09-05,2023-11-09,585000,1060,0,2024-09-26,470000.0,Own Fin,A-0946-0000-0000,5,2,0,0,2,1,1,2994,1952,Paved,Year Round,225 W 3600 N
104615,0.03,0.0,2024-01-04,2023-11-09,290000,0,0,2024-02-02,280000.0,CONV,B-1848-0003-0009,3,2,1,0,0,1,1,1672,2018,Paved,,3083 W 1750 #9 N
104618,0.32,75.0,2024-02-02,2023-11-09,359900,1106,4500,2024-03-01,350000.0,CONV,B-1159-0001-0003,5,3,0,0,1,1,1,2212,1978,Paved,,167 N Cove Drive
104620,2.02,100.0,2023-11-17,2023-11-09,899900,2223,0,2023-12-06,875000.0,CASH,D-1196-0009-0000,4,3,1,0,2,1,1,4446,2005,Paved,,1024 S Canyon Drive
104624,0.27,0.0,2023-11-14,2023-11-10,455000,1945,15000,2023-12-08,465000.0,CONV,B-1607-0025-0000,3,2,0,0,1,1,1,3901,2000,Paved,Year Round,2237 W 546 S
104629,0.0,0.0,2024-03-17,2023-11-10,489000,0,8680,2024-06-07,432860.0,CONV,A-1150-0002-0001-116,4,2,0,0,1,1,1,1506,1973,Paved,,312 S Hwy 143 #8B (Aspens #8b)
104630,0.0,0.0,2023-11-13,2023-11-09,275000,0,0,2023-12-07,270000.0,CONV,A-1150-0004-0010,2,1,0,0,1,1,1,795,1971,Paved,Year Round,356 S Hwy 143 #f-12
104649,0.0,100.0,2024-05-24,2023-11-09,650000,193,0,2024-07-02,620000.0,CASH,A-1207-0002-005G,3,2,1,0,1,1,1,1683,2006,Paved,,565 Vasels #5g Road
104653,0.15,0.0,2023-11-22,2023-11-14,340000,0,9583,2023-12-26,319587.63,CONV,B-1575-0001-0000,3,2,0,0,0,1,1,1248,1996,Paved,,554 W 1425 N
104657,0.2,0.0,2023-11-14,2023-11-14,470000,1565,0,2024-04-05,494805.0,CONV,B-2017-0039-0000,3,2,0,0,1,1,1,3263,2023,Paved,,43 N Sterling Dr (2600 W) (Lot 39 Phs 4 Crescent Hills)
104662,0.5,0.0,2023-12-04,2023-11-15,295000,0,0,2024-01-17,302000.0,CONV,D-1189-000C-0008,3,2,0,0,0,1,1,1252,1994,Paved,Year Round,4062 W 475 N
104678,0.1,0.0,2024-03-01,2023-11-13,359500,0,6500,2024-03-29,356000.0,CONV,B-1873-0021-000W,3,2,1,0,0,1,1,1658,2023,Paved,,10 E 820 S
104679,0.0,0.0,2023-12-09,2023-11-15,185000,0,0,2023-12-20,180000.0,CASH,A-1197-000E-0208,1,0,0,1,1,1,1,478,1984,Paved,Year Round,223 Hunter Ridge #e208 Road
104681,0.2,100.0,2024-01-20,2023-11-15,389900,1040,10000,2024-02-14,389000.0,CONV,B-1389-0011-0000,5,2,1,0,0,1,1,2144,1993,Paved,,325 W 1650 N
104687,0.03,0.0,2023-12-05,2023-11-16,285000,0,0,2024-01-08,283000.0,CONV,B-1958-0011-000D,3,2,1,0,0,1,1,1420,2023,Paved,Year Round,3052 N 125 E
104691,0.18,100.0,2024-04-05,2023-11-16,344400,848,7000,2024-05-13,341400.0,CONV,B-0045-0045-0000,4,2,0,0,2,1,1,1696,1950,Paved,Year Round,47 N 1050 W
104698,0.1,0.0,2023-11-18,2023-11-16,399900,0,0,2023-12-04,385000.0,CONV,B-2031-4-S,4,2,1,0,1,1,1,1806,2023,Paved,Year Round,1060 N Fern Street
104699,0.1,0.0,2023-12-23,2023-11-16,399900,0,0,2024-01-29,399900.0,CONV,B-2031-4-N,4,2,1,0,1,1,1,1806,2023,Paved,Year Round,1066 N Fern Street
104706,0.3,15.0,2024-01-01,2023-11-17,509000,1835,0,2024-02-02,512500.0,CONV,B-2020-0008-0000,4,2,0,0,1,1,1,3501,2023,Paved,,302 N 4375 W Street
104708,0.42,0.0,2024-01-07,2023-11-17,499000,0,11000,2024-02-16,500000.0,VA,A-0968-0022-0000,4,3,0,0,1,1,1,2210,2011,,Year Round,4902 N Bald Eagle N Drive
104726,0.02,0.0,2024-02-10,2023-11-20,294900,0,0,2024-03-28,293000.0,CONV,B-2013-0034-0000,3,2,1,0,0,1,1,1500,2024,Paved,Year Round,498 W 1225 34 N
104727,0.02,0.0,2024-04-04,2023-11-20,275000,0,0,2024-05-03,273000.0,CONV,B-2013-0035-0000,2,2,1,0,0,1,1,1388,2024,Paved,Year Round,498 W 1225 35 N
104729,0.02,0.0,2024-04-02,2023-11-20,284900,0,0,2024-04-19,284900.0,CONV,B-2013-0036-0000,3,2,1,0,0,1,1,1500,2024,Paved,Year Round,498 W 1225 36 N
104732,0.31,85.0,2024-02-21,2023-11-20,439500,1262,0,2024-03-18,420000.0,CONV,B-1194-0004-0008,4,3,0,0,3,1,1,2537,1981,,Year Round,2081 N Sawmill Street
104738,0.42,0.0,2023-11-29,2023-11-21,320000,0,8000,2023-12-28,322000.0,FHA,A-0780-0000-000C-06,3,2,0,0,0,1,1,1458,1992,Paved,Year Round,4964 N Tomahawk
104739,0.3,0.0,2023-11-28,2023-11-21,435000,0,15000,2023-12-22,422000.0,FHA,B-2020-0131-0000,3,2,1,0,1,1,1,1664,2023,Paved,Year Round,4617 W 250 Lot 131 N
104746,0.0,100.0,2023-12-04,2023-11-22,349900,865,0,2024-01-05,349000.0,CASH,A-1150-0004-0012,3,1,0,1,1,2,1,1730,1971,Paved,Year Round,356 S Hwy 143 #f-14
104774,0.28,0.0,2024-02-07,2023-11-27,418900,0,5000,2024-03-04,420000.0,CONV,A-1038-0024-0000,3,2,0,0,0,1,1,1688,2023,Paved,Year Round,5068 N Bald Eagle Drive
104782,0.51,0.0,2024-04-11,2023-11-28,760000,0,0,2024-05-28,738500.0,CONV,D-1213-000E-0014,4,3,0,0,1,1,1,2626,2023,Paved,,4247 W 1325 S
104783,0.16,0.0,2024-01-24,2023-11-28,449900,0,0,2024-02-27,449900.0,CONV,B-2033-0019-0000,5,3,0,0,1,1,1,2020,2024,Paved,Year Round,1137 N Yucca Street
104787,0.12,0.0,2023-11-29,2023-11-29,429100,0,3422,2024-04-25,429150.0,CONV,B-2029-0012-000E,4,3,0,0,0,1,1,2024,2023,Paved,Year Round,362 W Bradley Lot 12 E Ph 1 Lane
104788,0.17,0.0,2024-02-28,2023-11-29,400000,0,1000,2024-03-12,390000.0,CASH,B-1839-0015-0000,3,2,0,0,0,1,1,2083,2006,Paved,,177 S 2875 W
104789,0.04,0.0,2023-12-28,2023-11-29,314000,0,6000,2024-01-31,314900.0,CONV,B-2018-0024-0000,3,2,1,0,1,1,1,1810,2023,Paved,Year Round,2875 W Cody #24 Drive
104790,0.28,0.0,2024-01-04,2023-11-27,429900,0,0,2024-01-19,0.0,CONV,A-1038-0022-0000,3,2,0,0,1,1,1,1804,2023,Paved,Year Round,5094 N Bald Eagle Drive
104791,0.04,0.0,2024-01-06,2023-11-29,299900,0,0,2024-03-01,299900.0,CONV,B-2018-0034-0000,3,2,1,0,1,1,1,1810,2023,Paved,Year Round,2875 W Cdy #34 Drive
104796,0.13,0.0,2024-01-09,2023-11-29,299000,0,0,2024-02-15,270000.0,CASH,B-1482-0036-0000,3,0,1,1,0,1,1,1120,1996,Paved,Year Round,698 W 1050 N
104804,0.12,0.0,2023-11-30,2023-11-30,374350,0,3700,2024-05-31,374350.0,VA,B-2029-0015-000W,3,2,0,0,1,1,2,1448,2023,Paved,Year Round,381 W Bradley Lot 15 Ph 1 Lane
104809,0.21,10.0,2023-11-30,2023-11-30,485000,1563,0,2024-04-18,522793.0,CONV,B-2017-0029-0000,3,3,0,0,0,1,1,3261,2024,Paved,,205 N Sterling Dr (Lot 29 Phs 4 Crescent Hills) N
104812,0.5,0.0,2024-01-17,2023-12-01,540000,1571,0,2024-02-02,525000.0,CONV,D-0462-0002-0000,3,2,0,0,0,1,1,3142,2021,Paved,,4478 N 2525 W
104814,0.51,0.0,2023-12-15,2023-11-30,499900,0,0,2024-01-09,485000.0,CASH,D-1214-0033-0000,3,2,0,0,1,1,1,1913,2023,Paved,,4951 N 2475 W
104815,0.18,100.0,2024-01-10,2023-12-01,390000,1026,11400,2024-02-07,385000.0,CONV,B-0045-0014-0000,4,2,0,0,0,1,1,2446,1949,Paved,,56 N 1050 W
104823,0.52,100.0,2023-12-15,2023-12-01,768000,1402,0,2024-02-22,735000.0,CONV,A-1209-0010-0000,3,2,0,1,3,1,1,3467,2003,,Year Round,466 E 400 N
104835,0.53,0.0,2024-04-19,2023-12-04,375000,0,10000,2024-05-28,370000.0,FHA,A-0779-0032-000N,4,2,0,0,0,1,1,1580,2023,Paved,Year Round,4710 N Pioneer Drive
104847,0.22,100.0,2024-03-25,2023-12-05,399000,1350,0,2024-05-01,392000.0,CONV,B-1454-0050-0000,5,3,0,0,1,1,1,2700,1998,Paved,,343 W 1500 N
104853,0.27,0.0,2024-01-05,2023-12-06,450000,0,15000,2024-01-23,450000.0,CONV,B-1832-0055-0000,3,2,0,0,1,1,1,1574,2014,Paved,,1329 W 1700 S
104860,0.21,0.0,2024-04-04,2023-12-08,420000,0,5000,2024-05-03,410000.0,CONV,B-2016-0005-0000,2,2,0,0,0,1,1,1528,2023,Paved,,3317 W Spring Circle
104861,0.03,0.0,2024-03-03,2023-12-07,285000,0,0,2024-04-15,287000.0,CONV,B-1958-0011-000E,3,2,1,0,0,1,1,1420,2023,Paved,Year Round,3054 N 125 E
104862,0.03,0.0,2024-02-01,2023-12-07,285000,0,0,2024-02-28,282000.0,CONV,B-1958-0011-000F,3,2,1,0,0,1,1,1420,2023,Paved,Year Round,3056 N 125 E
104863,0.03,0.0,2024-02-29,2023-12-07,285000,0,0,2024-04-12,295000.0,CONV,B-1958-0011-000G,3,2,1,0,0,1,1,1420,2023,Paved,Year Round,3058 N 125 E
104865,0.03,0.0,2024-01-10,2023-12-07,289900,0,0,2024-02-09,286900.0,CONV,B-1958-0011-000H,3,2,1,0,0,1,1,1420,2023,Paved,Year Round,3060 N 125 E
104867,0.5,0.0,2023-12-07,2023-12-07,743835,0,15400,2024-01-18,744385.0,CONV,D-0535-0015-0000,5,3,1,0,1,1,1,2820,2023,Paved,Year Round,5165 N 2525 Lot 15 Ph 1 W
104872,0.11,0.0,2024-01-15,2023-12-08,349900,0,0,2024-02-08,337500.0,CONV,B-1873-0001-0001,3,2,1,0,1,1,1,1790,2006,Paved,,9 E 820 S
104875,0.12,0.0,2023-12-08,2023-12-08,423380,0,3449,2024-04-30,423555.0,CONV,B-2029-0012-000W,4,3,0,0,0,1,1,2024,2023,Paved,Year Round,368 W Bradley Lot 12 W Ph 1 Lane
104876,0.02,0.0,2024-06-13,2023-12-08,265000,0,0,2024-08-02,250000.0,CONV,B-1742-0104-0000,3,2,1,0,0,1,1,1365,2006,Paved,Year Round,1148 N Northfield #104
104877,0.13,0.0,2023-12-08,2023-12-08,385000,0,0,2024-02-29,385000.0,CASH,B-2029-0007-000N,3,2,0,0,0,1,1,1448,2023,Paved,Year Round,2841 N Rosie Lot 7 N Loop
104883,0.28,0.0,2024-01-10,2023-12-09,455000,0,0,2024-02-15,450000.0,CONV,A-0990-0019-0000,3,2,0,0,1,1,1,1743,2023,Paved,,1092 E 4290 North (Lot 19 Phs 4 Settlers Square)
104884,0.1,0.0,2024-03-05,2023-12-11,399900,0,0,2024-04-15,399900.0,CONV,B-2031-3-N,4,2,1,0,1,1,1,1806,2024,,Year Round,1056 N Fern St
104891,0.0,0.0,2024-04-27,2023-12-11,139000,0,0,2024-06-06,139000.0,CASH,A-1197-000B-0313,0,1,0,0,1,1,1,375,1984,Paved,Year Round,223 Hunter Ridge #2313
104893,0.5,0.0,2023-12-20,2023-12-12,665000,0,0,2024-02-02,657500.0,CONV,A-0014-0001-000A-13,5,3,1,0,0,1,1,2614,1998,Paved,Year Round,411 E 400 N
104895,2.24,0.0,2024-07-18,2023-12-12,325000,0,0,2024-08-30,240000.0,CONV,E-0147-0005-0001,3,2,0,0,0,1,1,1188,2000,,Year Round,4720 W 2100 N
104896,0.17,0.0,2024-01-30,2023-12-12,429900,0,0,2024-04-17,415000.0,CONV,B-1839-0034-0000,4,2,0,0,0,1,1,2010,2009,Paved,Year Round,72 S 2875 W
104901,0.26,0.0,2024-03-26,2023-12-13,450000,0,7000,2024-05-03,440000.0,CONV,B-2020-0006-0000,3,2,0,0,0,1,1,1793,2023,Paved,,4404 W 300 N Street
104902,0.42,15.0,2024-03-12,2023-12-12,485000,1636,0,2024-05-02,465000.0,CONV,A-0977-0017-0000,3,2,0,0,0,1,1,3272,2014,Paved,,4927 N Abby Way
104909,0.27,100.0,2024-02-21,2023-12-11,499900,1580,0,2024-03-08,499900.0,CONV,B-1114-0003-0008-317,4,3,0,0,2,1,1,3160,2000,Paved,Year Round,1912 W 500 S Circle
104910,0.16,0.0,2024-03-11,2023-12-13,449900,0,0,2024-04-10,448900.0,FHA,B-2033-0018-0000,5,3,0,0,1,1,1,2020,2024,Paved,Year Round,1147 N Yucca Street
104917,1.06,0.0,2024-01-24,2023-12-14,725000,0,0,2024-02-29,700000.0,CONV,E-0171-0002-0037,5,4,1,0,1,1,1,4165,2006,,Year Round,6789 W 1350 N
104919,0.03,0.0,2023-12-15,2023-12-15,289900,0,0,2024-03-14,289900.0,CASH,B-1958-0010-000H,3,2,1,0,0,1,1,1420,2023,Paved,Year Round,3057 N 125 E
104929,0.5,85.0,2024-02-01,2023-12-18,594000,1923,12000,2024-03-04,600000.0,FHA,D-1211-0001-0000,6,3,0,0,1,1,1,3846,2007,Paved,,4817 N 2300 W
104930,0.33,50.0,2024-01-29,2023-12-18,509000,1836,10000,2024-03-19,509000.0,FHA,A-0976-0009-0000,5,2,0,0,1,1,1,3672,2021,Paved,Year Round,1257 E 4375 N
104938,0.24,0.0,2024-01-12,2023-12-19,424998,0,2500,2024-02-08,424998.0,CONV,B-1857-0027-0092,3,2,0,0,0,1,1,1610,2024,Paved,Year Round,528 S Cedar Creek Drive
104948,0.23,25.0,2023-12-21,2023-12-19,534900,1679,0,2024-01-31,532000.0,CONV,B-1212-0005-0000,3,2,0,0,0,1,1,3358,2023,Paved,Year Round,2239 S 2925 W
104949,0.0,0.0,2024-01-09,2023-12-20,99900,0,0,2024-02-13,99900.0,CONV,0,2,2,0,0,0,1,1,840,2023,Paved,Year Round,780 W 1125 71 N
104970,32.44,0.0,2023-12-29,2023-12-21,2100000,0,0,2024-01-31,1850000.0,CASH,E-0304-0000-0000,6,4,1,0,1,1,1,4073,2022,,Year Round,716 N Old HWY 91
104973,0.31,100.0,2023-12-29,2023-12-21,469000,1117,0,2024-04-08,482405.0,CONV,B-2020-0136-0000,4,2,1,0,0,1,1,2536,2023,Paved,Year Round,4511 W 250 Lot 136 N
104974,0.3,0.0,2024-03-21,2023-12-21,469000,0,0,2024-04-26,469000.0,FHA,B-2020-0142-0000,5,2,1,0,0,1,1,2300,2023,Paved,Year Round,4614 W 200 Lot 142 N
104975,0.26,0.0,2024-01-25,2023-12-21,455000,0,5000,2024-04-19,460000.0,VA,B-2020-0144-0000,4,2,0,0,0,1,1,1864,2023,Paved,Year Round,4646 W 200 Lot 144 N
104976,0.26,0.0,2024-05-10,2023-12-21,425000,0,0,2024-05-31,415000.0,CONV,B-2020-0145-0000,3,2,1,0,1,1,1,1664,2023,Paved,Year Round,4660 W 200 Lot 145 N
104978,0.1,0.0,2024-02-02,2023-12-21,414900,0,600,2024-02-26,405000.0,CASH,B-1895-0002-0000,2,2,0,0,1,1,1,1643,2007,Paved,Year Round,2437 W Crescent Heights S Drive
104982,0.18,100.0,2024-04-19,2023-12-22,312000,0,0,2024-05-08,306200.0,CASH,B-0006-0017-0000,2,1,0,0,1,1,1,1222,1951,Paved,Year Round,280 N 1400 W
104984,0.35,0.0,2024-06-10,2023-12-26,484999,0,0,2024-07-12,475000.0,CONV,A-2056-0010-0000,3,2,1,0,1,1,1,1836,2023,Paved,Year Round,1112 W 275 S
104987,0.0,0.0,2024-01-16,2023-12-28,145000,0,0,2024-02-02,135000.0,CASH,0,3,2,0,0,0,1,1,1495,2001,Paved,,780 W 1125 #52 N
104988,0.0,0.0,2023-12-28,2023-12-27,145000,0,0,2024-01-31,145000.0,CASH,0,3,2,0,0,0,1,1,1369,2023,Paved,,780 W 1125 44 N
104994,1.1,0.0,2024-09-23,2023-12-29,1450000,0,5000,2024-11-12,1377500.0,CONV,A-1144-0001-0002-33,3,0,0,4,1,1,1,4340,2009,Paved,,401 N Aoki Michi
104998,0.0,0.0,2024-03-20,2023-12-29,375000,0,2450,2024-06-04,360000.0,CASH,A-1144-0001-012D-01,2,1,0,1,1,1,1,1100,1986,,Year Round,226 N Pine Tree Way #D1
105002,0.02,0.0,2024-03-18,2023-12-29,344900,0,5000,2024-04-15,344900.0,CONV,B-2021-0078-0000,3,2,1,0,1,1,1,1734,2022,Paved,,668 E Fiddlers Cove Drive #78
105007,5.09,0.0,2024-01-08,2023-12-30,769000,0,0,2024-02-08,775000.0,Other,D-0927-0001-0012,4,4,0,0,1,1,1,3940,2006,Paved,,4085 W 1600 N N
105008,0.26,100.0,2024-01-13,2024-01-01,599000,1794,0,2024-02-13,594500.0,CASH,B-1788-0001-0000,7,3,0,0,1,1,1,3588,2015,Paved,,3714 W 1350 N
105011,0.16,100.0,2024-05-07,2024-01-02,474500,1423,0,2024-09-10,465000.0,CONV,B-1803-0004-0000,5,3,0,0,0,1,1,2846,2012,Paved,Year Round,123 N 4275 W
105019,0.11,0.0,2024-01-13,2024-01-02,299900,0,3000,2024-02-09,299000.0,CONV,B-1562-0002-0000,3,2,0,0,0,1,1,1507,2002,Paved,,159 E 820 S
105020,0.9,0.0,2024-07-02,2024-01-03,419000,0,5000,2024-08-09,419000.0,VA,A-0518-0000-0000,1,1,0,0,0,2,2,900,1879,Paved,,93 & 95 S Main (home + apartment above garage Street
105022,0.19,0.0,2024-05-15,2024-01-03,440000,0,0,2024-06-05,440000.0,Own Fin,B-2010-0019-0000,3,2,0,0,0,1,1,1633,2021,Paved,Year Round,2735 W Sterling Drive
105036,0.02,0.0,2024-02-15,2024-01-04,274990,0,0,2024-03-26,274990.0,CONV,B-1857-1048-0000,3,2,0,0,0,1,1,1300,2023,Paved,Year Round,543 S May 1048 Drive
105037,0.02,0.0,2024-01-31,2024-01-04,290990,0,0,2024-02-26,290990.0,CASH,B-1857-1047-0000,3,2,0,0,0,1,1,1399,2023,Paved,Year Round,539 S May 1047 Drive
105038,0.02,0.0,2024-03-06,2024-01-04,281990,0,0,2024-04-09,281990.0,CONV,B-1857-1049-0000,3,2,0,0,0,1,1,1399,2023,Paved,Year Round,549 S May 1049 Drive
105039,0.02,0.0,2024-02-27,2024-01-04,281990,0,0,2024-03-28,281990.0,CONV,B-1857-1050-0000,3,2,0,0,0,1,1,1399,2023,Paved,Year Round,551 S May 1050 Drive
105040,0.02,0.0,2024-02-02,2024-01-04,279990,0,0,2024-03-05,279990.0,CONV,B-1857-1051-0000,3,2,0,0,0,1,1,1399,2023,Paved,Year Round,553 S May 1051 Drive
105044,0.02,0.0,2024-02-29,2024-01-04,274990,0,0,2024-04-03,274990.0,CONV,B-1857-1052-0000,3,2,0,0,0,1,1,1300,2023,Paved,Year Round,557 S May 1052 Drive
105045,0.02,0.0,2024-01-26,2024-01-04,285990,0,0,2024-02-29,285990.0,CONV,B-1857-1053-0000,3,2,0,0,0,1,1,1399,2023,Paved,Year Round,559 S May 1053 Drive
105049,1.09,5.0,2024-07-11,2024-01-05,685000,1918,0,2024-07-25,665000.0,CONV,E-0171-0002-0050,3,2,1,0,1,1,1,3836,2022,Paved,Year Round,1182 N 6775 W
105050,1.09,5.0,2024-04-16,2024-01-05,795000,2135,0,2024-05-17,740000.0,CONV,E-0171-0002-0051,3,2,1,0,1,1,1,4270,2022,Paved,Year Round,1218 N 6775 W
105051,0.31,0.0,2024-01-09,2024-01-05,405000,0,10000,2024-03-12,421000.0,VA,A-0639-0056-0002,3,2,0,0,0,1,1,1657,2024,Paved,Year Round,18 South 750 East
105052,0.16,0.0,2024-02-21,2024-01-05,420000,0,0,2024-03-06,400000.0,CASH,B-1999-0044-0000,3,2,0,0,0,1,1,1400,2019,Paved,Year Round,2847 W Sterling Drive
105062,0.04,0.0,2024-03-04,2024-01-05,319900,0,0,2024-03-29,318500.0,CONV,B-2018-0036-0000,3,2,1,0,1,1,1,1810,2024,Paved,Year Round,2875 W Cody #36 Drive
105063,0.04,0.0,2024-02-26,2024-01-05,305900,0,0,2024-03-29,304900.0,CONV,B-2018-0035-0000,3,2,1,0,1,1,1,1810,2024,Paved,Year Round,2875 W Cdy #35 Drive
105064,0.29,100.0,2024-06-28,2024-01-05,749000,2359,300,2024-09-04,710000.0,CONV,B-1596-0000-0000,5,3,1,0,1,1,1,4806,2007,Paved,,2318 N Wonser Lane
105065,0.42,100.0,2024-05-06,2024-01-05,529999,1353,6500,2024-05-24,525000.0,CONV,A-0974-0123-0000,5,3,0,0,0,1,1,2695,2022,Paved,Year Round,4255 N Gold Dust Trail Street
105070,0.0,0.0,2024-07-14,2024-01-05,719000,0,0,2024-09-19,685000.0,CONV,A-1144-0001-012D-04,3,1,0,2,1,1,1,2050,1986,,Year Round,226 N Pine Tree #D-4 Way
105071,19.67,0.0,2024-06-11,2024-01-05,1190000,0,0,2024-07-23,1025000.0,CONV,E-0237-0010-0000,4,2,1,0,0,1,1,2800,2020,Paved,Year Round,2960 S 7700 W
105072,1.34,100.0,2024-02-01,2024-01-06,629000,1565,12000,2024-02-26,600000.0,CONV,C-0915-0001-0001,4,3,0,0,1,1,1,3150,1998,,Year Round,1191 N 800 W
105073,0.0,0.0,2024-07-31,2024-01-06,89900,0,0,2024-08-02,89900.0,CASH,,3,2,0,0,0,1,1,940,2000,Paved,,827 W 1175; Unit 56 N
105096,2.05,0.0,2024-01-19,2024-01-05,745000,0,0,2024-02-23,720000.0,CONV,D-1139-0002-0PR1,4,2,0,0,1,1,1,2723,2004,Paved,,884 S Canyon Drive
105097,0.46,0.0,2024-05-18,2024-01-08,399900,0,0,2024-06-18,399900.0,CONV,A-0974-0034-0000,3,2,0,0,0,1,1,1435,2019,,Year Round,4357 N Prospector Lane
105098,0.2,100.0,2024-04-12,2024-01-08,369000,1124,12000,2024-05-15,365000.0,CONV,B-1013-0037-0000,4,2,0,0,2,1,1,2248,1975,Paved,Year Round,15 E Paradise Canyon Road
105102,1.66,100.0,2024-03-08,2024-01-08,635000,832,5000,2024-04-05,622000.0,CONV,A-5000-0002-0034,5,3,1,0,1,1,1,2488,2006,Unimproved,Year Round,1005 E Cedar Highlands Drive
105103,0.26,100.0,2024-03-30,2024-01-08,425000,1391,5000,2024-05-16,425000.0,CONV,B-1604-0026-0000,4,3,0,0,0,1,1,2782,2006,Paved,,484 W 1600 N
105109,0.1,0.0,2024-04-05,2024-01-08,399900,0,0,2024-05-17,395600.0,FHA,B-2031-2-S,4,2,1,0,1,1,1,1806,2024,,Year Round,1038 N Fern Street
105110,0.1,0.0,2024-04-15,2024-01-08,399900,0,5000,2024-05-22,395000.0,CONV,B-2031-2-N,4,2,1,0,1,1,1,1806,2024,,Year Round,1044 N Fern Street
105113,0.15,0.0,2024-02-05,2024-01-08,318000,0,5000,2024-03-06,318000.0,CONV,B-1807-0017-000W,3,2,0,0,1,1,1,1420,2005,Paved,Year Round,4284 W 250 N
105114,0.21,100.0,2024-03-20,2024-01-09,385000,716,7510,2024-04-22,375520.0,CONV,B-0307-0000-0000,5,2,0,0,0,1,1,1821,1939,Paved,Year Round,76 E 200 S
105116,0.19,100.0,2024-01-14,2024-01-09,348000,832,0,2024-02-27,350000.0,CONV,B-1013-0004-0000,4,2,0,0,0,1,1,1664,1952,Paved,,466 S 75 E
105123,0.13,0.0,2024-02-20,2024-01-09,320000,0,0,2024-03-18,308000.0,CASH,B-1791-0031-0001,3,2,0,0,0,1,1,1290,2005,Paved,Year Round,1425 Southern View Drive
105124,0.05,0.0,2024-02-05,2024-01-09,228000,0,0,2024-03-06,235000.0,FHA,B-1323-0001-0000,2,1,1,0,0,1,1,986,1983,Paved,Year Round,101 N 1850 #1 W
105125,0.0,0.0,2024-05-01,2024-01-09,499000,0,0,2024-06-07,480000.0,CONV,A-1173-0023-0000,3,3,0,0,1,1,1,1305,1981,Paved,Year Round,407 S Vasels Rd #23
105126,0.89,0.0,2024-02-27,2024-01-10,890000,0,0,2024-04-29,880000.0,CONV,B-2030-0008-0000,5,3,0,0,1,1,1,2602,2024,Paved,Year Round,4218 W 1800 S
105128,0.92,100.0,2024-01-22,2024-01-10,1200000,2740,0,2024-03-12,1175000.0,CONV,D-1213-000D-005A,6,6,1,0,1,1,1,7497,2018,,Year Round,1334 S 4475 W
105130,0.52,0.0,2024-01-10,2024-01-10,648845,0,0,2024-04-01,648845.0,CASH,D-0535-0030-0000,3,2,1,0,1,1,1,2115,2024,Paved,Year Round,5144 N 2570 Lot 30 W
105135,0.46,80.0,2024-01-17,2024-01-11,425000,1533,0,2024-02-12,425000.0,CONV,A-0941-0023-0000,5,3,0,0,0,1,1,3080,2005,Paved,Year Round,4932 N Horseshoe Drive
105137,0.0,100.0,2024-06-25,2024-01-08,639900,193,0,2024-07-26,625000.0,CASH,A-1207-0003-009G,2,3,0,0,1,1,1,1683,2006,Paved,Year Round,565 Vasels #9G
105138,0.53,100.0,2024-01-24,2024-01-11,499900,720,0,2024-02-20,491400.0,CASH,A-0876-0000-000T-01,5,3,0,0,1,1,1,2940,1996,Paved,Year Round,4422 N Maple
105147,0.5,0.0,2024-01-22,2024-01-12,230000,0,11000,2024-02-09,221000.0,Utah Hsng,D-0518-0039-0028,2,1,0,0,0,1,1,896,1996,Paved,Year Round,5013 N 2900 W
105149,0.11,0.0,2024-01-25,2024-01-12,310000,0,0,2024-02-20,300000.0,CASH,B-2038-0001-000W,3,2,0,0,0,1,1,1154,2024,Paved,Year Round,445 W 2360 N
105151,0.27,0.0,2024-07-01,2024-01-13,429000,0,0,2024-08-22,415000.0,FHA,B-1132-0007-0038,3,2,1,0,0,1,1,1715,1990,Paved,Year Round,687 S St James Place
105152,0.29,100.0,2024-06-10,2024-01-15,434000,2123,10000,2024-07-19,415000.0,FHA,B-1135-0089-0003,6,3,1,0,1,1,1,4949,1975,Paved,,1232 S Interstate
105153,3.72,0.0,2024-06-12,2024-01-15,130000,0,0,2024-06-28,110000.0,CASH,E-1606-0004-00CL,3,1,0,0,1,1,1,1400,1949,Unimproved,Year Round,1980 W 3600 N
105154,0.92,0.0,2024-06-23,2024-01-15,459900,0,10000,2024-07-26,436000.0,CONV,D-0621-0001-0030,4,2,0,0,1,1,1,1999,1998,Paved,,2548 W 3700 N
105168,0.06,0.0,2024-01-22,2024-01-16,320000,0,0,2024-02-09,316000.0,CASH,B-1597-0006-0000,3,2,0,0,0,1,1,1362,1998,Paved,,368 N Liberty Circle
105191,0.12,0.0,2024-02-02,2024-01-16,418805,0,3000,2024-04-18,415000.0,CONV,B-2029-0006-000N,4,3,0,0,0,1,1,2024,2023,Paved,Year Round,2827 N Rosie Lot 6N Ph 1 Loop
105202,2.94,100.0,2024-05-06,2024-01-16,775000,2160,21330,2024-05-31,715000.0,CONV,D-1208-0053-0000,7,4,0,0,1,1,1,4320,2006,,Year Round,1099 S Westview Drive
105206,0.3,0.0,2024-06-10,2024-01-22,610000,0,10000,2024-07-02,605000.0,CONV,B-1434-0000-000,5,3,0,0,1,1,1,2631,2024,Paved,,4496 W 200 N Street
105207,0.14,0.0,2024-05-20,2024-01-18,383965,0,0,2024-06-06,380455.0,CONV,B-2029-0010-000W,3,2,0,0,0,1,1,1448,2024,Paved,Year Round,357 W Rosie Lot 10W Loop
105208,0.12,0.0,2024-01-19,2024-01-18,378965,0,0,2024-05-31,379015.0,CASH,B-2029-0015-000E,3,2,0,0,0,1,1,1448,2024,Paved,Year Round,373 W Bradley Lot 15 E Lane
105211,0.14,0.0,2024-06-05,2024-01-18,383400,0,0,2024-06-28,383400.0,CASH,B-2029-0010-000E,3,2,0,0,0,1,1,1448,2024,Paved,Year Round,349 W Rosie Lot 10E Loop
105214,0.25,0.0,2024-01-29,2024-01-22,575000,0,7500,2024-03-01,575000.0,CONV,B-2016-0013-0000,4,3,0,0,0,1,1,2504,2024,Paved,,3375 W Sun W Circle
105217,0.13,0.0,2024-02-17,2024-01-18,410100,0,8000,2024-05-31,412175.0,VA,B-2029-0011-000E,4,3,0,0,0,1,1,2024,2024,Paved,Year Round,346 W Bradley Lot 11E Lane
105219,0.13,0.0,2024-08-09,2024-01-18,415100,0,0,2024-09-16,404904.0,FHA,B-2029-0011-000W,4,3,0,0,0,1,1,2024,2024,Paved,Year Round,354 W Bradley Lot 11W Lane
105220,0.04,0.0,2024-02-01,2024-01-19,338000,0,0,2024-03-11,335000.0,CONV,B-2003-0044-0000,3,2,0,0,0,1,1,1454,2021,Paved,Year Round,1825 N Lund Hwy #44
105222,0.03,0.0,2024-02-05,2024-01-19,319900,0,5000,2024-02-29,319900.0,CONV,B-1436-0013-0000,3,2,1,0,0,1,1,1672,2023,Paved,,4283 W HWY 56 #13
105224,0.0,0.0,2024-04-16,2024-01-19,95500,0,0,2024-06-25,101000.0,CONV,0,2,2,0,0,0,1,1,612,2017,Paved,,780 W 1125 #123 N
105243,0.19,0.0,2024-05-13,2024-01-23,449000,0,0,2024-06-03,430000.0,Own Fin,B-1870-0007-0000,3,2,0,0,1,1,1,1546,2016,Paved,,2966 N Gemini Meadows Lane
105252,0.24,50.0,2024-02-05,2024-01-24,500000,1840,3000,2024-02-22,500000.0,CONV,B-1114-0003-0008-318,4,3,1,0,0,1,1,3714,1999,Paved,,1946 W 500 S Circle
105253,0.4,0.0,2024-01-25,2024-01-23,495000,1381,0,2024-02-13,500000.0,FHA,A-0976-0004-0000,3,2,0,0,0,1,1,2931,2020,Paved,,1363 E 4375 N
105255,0.26,0.0,2024-02-05,2024-01-24,570000,0,0,2024-03-14,550000.0,VA,B-2020-0048-0000,4,2,1,0,1,1,1,2143,2024,Paved,Year Round,4482 W 250 N
105265,0.24,75.0,2024-01-30,2024-01-24,420000,1375,0,2024-02-08,420000.0,CASH,B-1115-0006-0000,4,3,0,0,1,1,1,2750,1971,Paved,,275 S 900 W
105272,0.28,0.0,2024-01-29,2024-01-24,402800,0,10000,2024-03-15,417920.0,CONV,A-1038-0030-0000,3,2,0,0,0,1,1,1609,2024,Paved,Year Round,4982 Bald Eagle Drive
105280,0.14,0.0,2024-02-24,2024-01-29,310000,0,15000,2024-04-02,315734.0,VA,B-2038-0014-000E,3,2,0,0,0,1,1,1154,2024,Paved,Year Round,438 W 2360 N
105281,0.2,0.0,2024-09-26,2024-01-26,444900,0,0,2024-10-18,437500.0,CASH,B-1568-0003-0007,3,2,0,0,0,1,1,1600,2024,Paved,Year Round,2989 S Hawk Lot 7 Ph 3 Drive
105283,0.11,0.0,2024-02-28,2024-01-26,310000,0,10000,2024-03-19,310000.0,FHA,B-1520-0002-0000,3,2,0,0,0,1,1,1154,2024,Paved,Year Round,446 W 2360 N
105295,1.36,0.0,2024-01-31,2024-01-27,330000,0,0,2024-02-29,325000.0,Utah Hsng,D-0621-0001-0028,3,2,0,0,1,1,1,1456,1986,,Year Round,3538 N 2700 W
105296,0.35,0.0,2024-02-05,2024-01-28,695000,0,0,2024-02-23,665000.0,CASH,B-2007-0010-00AM,5,3,0,0,1,1,1,2623,2023,,Year Round,2383 W Portal Hill Road
105297,0.02,0.0,2024-01-29,2024-01-29,259900,0,0,2024-03-12,257500.0,CONV,B-2040-0018-000C,3,2,1,0,0,1,1,1242,2023,Paved,Year Round,920 S 25 #18C E
105300,0.02,0.0,2024-01-29,2024-01-29,259900,0,0,2024-03-12,257500.0,CONV,B-2040-0018-000D,3,2,1,0,0,1,1,1242,2023,Paved,Year Round,920 S 25 #18D E
105301,0.02,0.0,2024-02-06,2024-01-29,264000,0,0,2024-03-08,268752.0,CONV,B-2040-0017-000H,3,2,1,0,0,1,1,1242,2023,Paved,Year Round,920 S 25 #17H E
105302,0.23,100.0,2024-02-24,2024-01-27,540000,1954,5000,2024-04-08,527000.0,CONV,B-1785-0033-0000,7,4,1,0,2,1,1,3854,2006,Paved,,49 S Marble Canyon Dr.
105303,0.04,0.0,2024-03-12,2024-01-30,269999,0,0,2024-04-17,265000.0,CASH,B-1472-000A-0042,2,2,0,0,1,1,1,1226,1996,Paved,,195 E Fiddlers Cyn #42
105310,0.15,0.0,2024-05-14,2024-01-30,315000,0,15000,2024-06-14,315000.0,VA,B-1604-0018-0000,3,2,0,0,0,1,1,1226,2005,Paved,Year Round,1541 N Cedar N Boulevard
105311,0.33,10.0,2024-04-10,2024-01-30,599000,2428,0,2024-05-09,575000.0,CONV,B-1811-0006-0000,4,2,1,0,0,1,1,4852,2023,Paved,Year Round,1502 N Knoll Street
105316,0.3,0.0,2024-01-30,2024-01-30,453000,0,0,2024-06-12,500873.0,CONV,B-2020-0153-0000,4,2,0,0,1,1,1,1861,2024,Paved,Year Round,4615 W 200 Lot 153 N
105322,0.1,0.0,2024-08-12,2024-01-30,309000,0,9953,2024-09-03,295000.0,CONV,B-1202-0006-000N,3,2,1,0,0,1,1,1717,2018,Paved,,887 S 25 W
105323,0.25,0.0,2024-02-21,2024-01-30,499000,0,0,2024-03-20,485000.0,CONV,B-1732-0005-0000,3,2,0,0,2,1,1,1862,2006,Paved,,2283 W Crestview Circle
105325,0.54,100.0,2024-02-04,2024-01-31,382000,900,0,2024-02-28,382000.0,CONV,A-0779-0059-0000,4,2,1,0,0,1,1,1800,1991,Paved,Year Round,4498 N Wagon Wheel Drive
105328,0.27,0.0,2024-05-13,2024-01-31,435000,0,0,2024-05-23,435000.0,CASH,B-2020-0135-0000,3,2,0,0,0,1,1,1700,2024,Paved,Year Round,4531 W 250 Lot 135 N
105329,1.01,95.0,2024-08-27,2024-01-30,525000,1600,6000,2024-09-30,525000.0,VA,A-0639-0028-0000,5,3,0,0,0,1,1,3216,2008,Paved,,475 E Center Street
105330,0.37,0.0,2024-05-16,2024-02-01,584000,1823,0,2024-06-03,565000.0,CASH,A-2056-0009-0000,3,2,0,0,0,1,1,3646,2024,Paved,,259 S 1125 W
105340,0.03,0.0,2024-03-11,2024-01-31,285000,0,0,2024-03-29,283000.0,CASH,B-1958-0010-000B,3,2,1,0,0,1,1,1420,2024,Paved,Year Round,3045 N 125 E
105341,0.03,0.0,2024-02-20,2024-02-01,289900,0,0,2024-04-01,289000.0,CONV,B-1958-0010-000A,3,2,1,0,0,1,1,1420,2024,Paved,Year Round,3043 N 125 E
105342,0.24,0.0,2024-04-02,2024-02-01,419999,0,3000,2024-05-02,420000.0,CONV,B-1857-0027-0093,3,2,0,0,0,1,1,1610,2024,Paved,Year Round,540 S Cedar Creek Drive
105344,0.68,100.0,2024-04-01,2024-02-01,675900,1867,965,2024-05-10,650000.0,CONV,B-1395-003-0011,7,3,1,0,1,1,2,4638,1994,Paved,Year Round,2117 N Sumack Circle
105345,0.25,0.0,2024-09-30,2024-02-01,424900,0,0,2024-10-25,424900.0,CONV,A-1035-0002-0000,3,2,0,0,1,1,1,1594,2024,Paved,Year Round,4863 N 10 E
105350,1.0,0.0,2024-04-22,2024-02-01,240000,0,2000,2024-06-24,240000.0,CASH,D-0518-0049-0000,3,2,0,0,0,1,1,1500,1995,Paved,,5385 N 3000 W
105352,0.03,0.0,2024-02-07,2024-01-31,289500,0,0,2024-02-27,289500.0,CONV,B-1825-0083-0000,3,2,1,0,0,1,1,1648,2024,Paved,Year Round,3159 W 1700 #C N
105353,0.03,0.0,2024-03-08,2024-01-31,292500,0,0,2024-04-12,287500.0,CONV,B-1825-0085-0000,4,2,1,0,0,1,1,1480,2023,Paved,Year Round,3159 W 1700 #A N
105354,0.03,0.0,2024-02-28,2024-01-31,292500,0,4000,2024-04-12,292500.0,FHA,B-1825-0082-0000,4,2,1,0,0,1,1,1480,2024,Paved,Year Round,3159 W 1700 #D N
105356,0.08,0.0,2024-02-03,2024-02-01,429500,0,2500,2024-03-08,429500.0,VA,B-2009-003A-0010,3,2,0,0,1,1,1,1680,2021,Paved,Year Round,2352 W Portal Hill #10 Road
105360,0.27,85.0,2024-03-22,2024-02-01,370000,995,7171,2024-04-24,350000.0,CONV,B-0006-0008-0006-10,4,2,0,0,0,2,2,2278,1951,Paved,Year Round,240 N 1400 W
105368,0.28,0.0,2024-02-02,2024-02-02,448500,0,0,2024-06-13,455175.0,FHA,A-0990-0033-0000,3,2,0,0,0,1,1,1751,2024,Paved,,1085 E 4240 (Lot 33 Phs 4 Settlers Square) N
105369,0.5,0.0,2024-02-28,2024-02-02,285000,0,4500,2024-04-01,285000.0,Utah Hsng,D-0518-0039-0051,3,2,0,0,1,1,1,1092,2000,Paved,,4947 N 2900 W
105382,2.14,0.0,2024-11-11,2024-01-30,570000,0,5000,2024-12-11,570000.0,CONV,C-1045-0009-0000,5,4,0,0,2,1,1,2623,2000,Paved,,171 S 3500 W
105383,1.0,0.0,2024-04-16,2024-02-01,774900,0,20000,2024-05-29,775000.0,VA,A-3000-0004-0000,5,3,1,0,1,1,1,3800,2019,,Year Round,89 N 700 E E
105397,0.13,0.0,2024-05-13,2024-02-05,395000,0,7000,2024-07-09,395000.0,CONV,B-1832-0022-0001,4,3,0,0,0,1,1,2028,2005,Paved,Year Round,1335 W 1575 S
105398,0.23,100.0,2024-04-18,2024-02-05,450000,1426,0,2024-05-28,430000.0,CONV,B-1747-0012-0000,5,3,0,0,1,1,1,2869,2005,Paved,Year Round,1461 N 3775 W
105399,0.22,100.0,2024-07-13,2024-02-05,435000,1671,6000,2024-08-23,425000.0,FHA,B-1013-0036-0001,6,3,0,0,1,1,1,3377,1973,Paved,Year Round,746 S Sunset Drive
105401,1.0,15.0,2024-03-28,2024-02-06,675000,2522,0,2024-11-13,707978.59,CONV,D-0617-0032-0000,4,3,0,0,0,1,1,5044,2024,Paved,,2317 W 3650 Lot 32 N
105408,0.02,0.0,2024-02-20,2024-02-06,258900,0,0,2024-03-20,258000.0,CONV,B-2040-0017-000F,3,2,1,0,0,1,1,1242,2024,Paved,Year Round,920 S 25 #17F E
105409,0.02,0.0,2024-02-27,2024-02-06,259900,0,0,2024-03-18,261900.0,CONV,B-2040-0017-000G,3,2,1,0,0,1,1,1242,2024,Paved,Year Round,920 S 25 #17G E
105412,0.06,0.0,2024-02-09,2024-02-06,299000,0,0,2024-02-28,305000.0,CONV,B-1806-002A-0008,3,2,0,0,1,1,1,1261,2005,Paved,,299 N Pachea Circle
105418,0.11,0.0,2024-02-14,2024-02-07,225000,0,0,2024-03-12,225000.0,CONV,B-1893-0012-0000,2,1,0,0,0,1,1,768,2007,Paved,Year Round,1895 N 550 W
105419,0.25,0.0,2024-06-02,2024-02-07,489900,0,0,2024-07-03,489900.0,CASH,B-2031-13,4,2,0,0,1,1,1,1871,2024,,Year Round,1067 N Olesia Street
105427,0.19,0.0,2024-02-19,2024-02-07,385000,0,550,2024-03-15,377000.0,FHA,B-1870-0050-0000,3,2,0,0,0,1,1,1442,2014,Paved,,2823 N Clark Parkway
105429,0.53,0.0,2024-03-03,2024-02-07,374900,0,7500,2024-03-21,375000.0,FHA,D-0527-0001-0002-101,3,2,0,0,1,1,1,1470,2006,Paved,,2733 W 5025 N
105435,0.28,100.0,2024-02-09,2024-02-08,110000,1061,0,2024-02-15,110000.0,CASH,A-0274-0000-0000,5,2,0,0,1,1,1,2122,1955,,Year Round,239 W Center Street
105437,0.29,100.0,2024-02-08,2024-02-08,405000,1056,0,2024-03-22,378000.0,VA,A-0442-0000-0000,4,2,0,0,1,1,1,2400,1974,Paved,,579 W Center Street
105438,0.03,0.0,2024-02-29,2024-02-08,285000,0,0,2024-03-29,285000.0,CONV,B-1958-0032-000D,3,2,1,0,0,1,1,1420,120,Paved,,3041 N 225 E
105439,1.0,0.0,2024-02-22,2024-02-08,319900,0,0,2024-03-26,285000.0,CASH,C-1158-0002-0002-021,1,1,0,0,1,1,1,1152,1981,,Year Round,5490 S Woods Ranch Drive
105446,0.33,0.0,2024-04-28,2024-02-09,399500,0,0,2024-05-22,399500.0,CONV,A-1035-0022-0000,3,2,0,0,0,1,1,1549,2024,Paved,,4946 N 75 E
105447,0.32,0.0,2024-02-26,2024-02-09,444500,0,2000,2024-05-03,445100.0,CONV,A-1038-0011-0000,4,2,0,0,0,1,1,2167,2024,Paved,Year Round,5135 N Bald Eagle Drive
105450,0.02,0.0,2024-04-23,2024-02-09,273900,0,2000,2024-05-21,273900.0,FHA,B-2040-0018-000A,3,2,1,0,0,1,1,1242,2024,Paved,Year Round,920 S 25 #18A E
105451,0.26,0.0,2024-04-01,2024-02-09,415000,0,5000,2024-04-30,415000.0,Utah Hsng,B-2020-0055-0000,3,2,0,0,1,1,1,1609,2024,Paved,,4344 W 250 N
105484,0.24,100.0,2024-11-02,2024-02-12,450000,1344,0,2024-11-25,435000.0,CASH,B-1140-0001-0002,4,2,0,0,2,1,1,2688,1965,Paved,Year Round,335 S 900 W
105488,0.51,100.0,2024-06-05,2024-02-12,405000,1307,0,2024-07-02,393566.71,Own Fin,A-0779-0010-005A,6,3,0,0,0,1,1,2656,1997,Paved,,4468 N Pioneer Drive
105489,0.28,75.0,2024-02-12,2024-02-12,490000,1669,0,2024-07-03,548950.0,CONV,A-0990-0035-0000,5,3,0,0,1,1,1,3539,2024,Paved,,1109 E 4240 N (Lot 35 Phs 4 Settlers Square)
105490,0.04,0.0,2024-05-21,2024-02-12,937200,0,0,2024-06-10,870000.0,CASH,A-1204-0002-0000,4,3,1,0,1,1,1,2840,2019,Paved,,310 N Hwy 143 #2
105492,0.02,0.0,2024-03-20,2024-02-12,284900,0,0,2024-04-12,282500.0,CASH,B-2013-0037-0000,3,2,1,0,0,1,1,1500,2024,Paved,Year Round,498 W 1225 37 N
105496,0.0,0.0,2024-03-23,2024-02-12,360000,0,0,2024-04-13,350000.0,CASH,A-1173-0046-0000,2,2,0,0,1,1,1,930,1981,Paved,,407 S Vasels (fka Brian Head Blvd) #46
105505,0.24,0.0,2024-05-27,2024-02-13,260000,0,0,2024-06-10,250000.0,CASH,B-0065-0124-0000,4,2,0,0,0,1,1,1600,2008,Paved,,393 N Foothill Drive
105506,0.18,100.0,2024-06-05,2024-02-13,380000,753,0,2024-07-18,391000.0,CONV,B-1013-0030-0000,5,2,1,0,1,1,1,2383,1969,Paved,,640 S Sunset Drive
105511,0.48,0.0,2024-02-20,2024-02-14,270000,0,15600,2024-04-19,285600.0,FHA,D-0518-0062-0002,3,2,0,0,0,1,1,898,1995,Paved,Year Round,2920 W 5300 N
105514,0.82,0.0,2024-02-20,2024-02-12,719500,0,0,2024-03-06,715000.0,CONV,B-2023-0017-0000,3,2,1,0,1,1,1,2118,2023,Paved,Year Round,1680 S 4250 W
105522,0.21,0.0,2024-03-07,2024-02-14,330000,0,0,2024-04-17,309000.0,VA,B-0065-0091-0000,3,2,0,0,0,1,1,1296,2001,Paved,,305 N Bulloch Place
105524,0.32,0.0,2024-02-22,2024-02-14,398500,0,0,2024-03-27,395000.0,CONV,A-1038-0008-0000,3,2,0,0,0,1,1,1546,2024,Paved,Year Round,5079 N Bald Eagle Drive
105526,0.68,0.0,2024-04-03,2024-02-14,620000,0,0,2024-05-17,580000.0,CONV,D-0518-0034-0000,3,2,0,0,2,1,1,2843,2012,,Year Round,5314 N 3100 W
105528,0.06,0.0,2024-02-15,2024-02-15,349900,0,0,2024-03-18,339900.0,CASH,B-1566-0014-0000,3,2,0,0,1,1,1,1261,1996,Paved,Year Round,372 N Tahquitz Drive
105531,0.74,0.0,2024-02-25,2024-02-15,389900,0,0,2024-04-01,375000.0,CONV,A-0178-0003-0000,3,2,0,0,1,1,1,1183,1946,Paved,Year Round,33 S 200 W
105533,0.0,0.0,2024-10-02,2024-02-14,115000,0,0,2024-10-25,110000.0,CASH,A-1178-0114-0000,0,1,0,0,0,1,1,464,1983,,Year Round,150 Ridgeview #114 Street
105535,0.32,90.0,2024-02-15,2024-02-15,470000,1176,0,2024-07-23,470000.0,CONV,B-2020-0097-0000,3,2,1,0,0,1,1,2595,2022,Paved,Year Round,4588 W 275 Lot 97 N
105563,0.28,0.0,2024-03-09,2024-02-16,430000,0,12000,2024-04-12,437000.0,FHA,A-0990-0039-0000,3,2,0,0,1,1,1,1541,2024,Paved,,1161 E 4240 N (Lot 39 Phs 4 Settlers Square)
105577,0.17,0.0,2024-03-09,2024-02-16,398500,0,7890,2024-04-12,394515.0,CONV,B-0006-0029-0010,6,3,0,0,0,1,1,1416,1971,,Year Round,272 N 1500 W
105585,0.02,15.0,2024-03-11,2024-02-17,355990,632,0,2024-04-18,355990.0,CONV,B-1857-1110-0000,3,2,1,0,0,1,1,2187,2024,Paved,Year Round,488 S Rockwell Lane #1110
105586,0.02,15.0,2024-03-20,2024-02-17,349990,632,0,2024-05-13,349990.0,CASH,B-1857-1111-0000,3,2,1,0,0,1,1,2187,2024,Paved,Year Round,482 S Rockwell Lane #1111
105587,0.02,15.0,2024-03-05,2024-02-17,349990,632,0,2024-04-12,349990.0,CONV,B-1857-1114-0000,3,2,1,0,0,1,1,2187,2024,Paved,Year Round,528 S Rockwell Lane #1114
105588,0.02,15.0,2024-02-29,2024-02-17,355990,632,0,2024-04-05,355990.0,CONV,B-1857-1115-0000,3,2,1,0,0,1,1,2187,2024,Paved,Year Round,522 S Rockwell Lane #1115
105589,0.02,15.0,2024-04-06,2024-02-17,344990,632,0,2024-05-07,344990.0,CONV,B-1857-1112-0000,4,2,1,0,0,1,1,2247,2024,Paved,Year Round,534 S Rockwell Lane #1112
105590,0.02,15.0,2024-04-06,2024-02-17,344990,632,0,2024-05-07,344990.0,CONV,B-1857-1113-0000,4,2,1,0,0,1,1,2247,2024,Paved,Year Round,532 S Rockwell Lane #1113
105593,20.0,100.0,2024-08-12,2024-02-20,899000,1325,0,2024-11-07,875000.0,CONV,E-0395-0016-0001,3,3,1,0,1,1,1,3650,1993,Unimproved,,1101 S Taylor Mtn Road
105595,0.18,90.0,2024-11-12,2024-02-19,299900,883,5000,2024-12-17,290000.0,CONV,B-0897-0000-0000,4,1,1,0,0,2,1,1766,1944,Paved,,398 N 300 W
105596,0.0,0.0,2024-02-22,2024-02-19,35000,0,0,2024-04-05,35000.0,Other,,2,1,0,0,0,1,1,718,1970,Paved,Year Round,465 N 800 W #3
105616,0.22,0.0,2024-03-19,2024-02-21,550000,0,0,2024-05-01,496000.0,CONV,B-2016-0012-0000,3,2,0,0,1,1,1,1837,2023,Paved,,3372 W Spring Spring Circle W Circle
105619,0.49,5.0,2024-03-22,2024-02-19,475000,1548,5000,2024-04-12,456000.0,VA,A-0955-0005-0000,3,2,0,0,1,1,1,3096,2016,Paved,,4889 N 300 (sagewood Lane) E
105625,0.02,0.0,2024-05-01,2024-02-20,265000,0,6000,2024-05-24,269000.0,CONV,B-2040-0017-000E,3,2,1,0,0,1,1,1242,2024,Paved,Year Round,920 S 25 #17E E
105630,0.28,0.0,2024-05-27,2024-02-21,479000,0,4790,2024-07-02,479000.0,CONV,A-0990-0036-0000,4,2,1,0,0,1,1,2300,2024,Paved,,1127 E 4240 N (Lot 36 Phs 4 Settlers Square)
105632,2.5,75.0,2024-05-23,2024-02-21,510000,480,0,2024-06-21,495000.0,CONV,C-0992-0003-0000,3,2,0,0,0,1,1,1316,1980,Paved,Year Round,1268 W 200 N
105634,0.51,0.0,2024-02-23,2024-02-21,409000,0,0,2024-03-29,409000.0,CONV,D-0463-0026-0000,3,2,0,0,0,1,1,1511,2024,Paved,,4651 N 2600 W
105645,2.02,100.0,2024-05-24,2024-02-22,649900,2165,650,2024-07-03,649900.0,CONV,A-0743-0004-0000,4,3,1,0,1,1,1,4330,2013,,Year Round,5440 N Enoch
105708,0.28,0.0,2024-03-16,2024-02-23,485000,1547,5000,2024-05-21,485800.0,VA,A-0990-0021-0000,3,2,0,0,1,1,1,3313,2024,Paved,,1070 E 4290 N (Lot 21 Phs 4 Settlers Square)
105710,0.28,100.0,2024-03-03,2024-02-23,895000,574,2000,2024-04-01,875000.0,CONV,A-1144-0001-0002-38,4,3,0,0,1,1,1,2310,2005,,Year Round,216 N Rue Jolley
105711,0.23,0.0,2024-07-13,2024-02-23,560000,0,0,2024-08-09,560000.0,CASH,B-2016-0001-0000,4,3,0,0,0,1,1,2544,2023,Paved,,3369 W Spring Circle
105720,0.21,100.0,2024-04-22,2024-02-26,549999,1722,10000,2024-05-27,539999.0,VA,B-1736-0009-0000,6,3,0,0,0,1,1,3444,2006,Paved,,2633 N 400 W
105734,0.28,0.0,2024-02-27,2024-02-26,440000,0,0,2024-07-22,449750.0,CASH,A-0990-0022-0000,4,2,1,0,0,1,1,2300,2024,Paved,,1064 E 4290 N (Lot 22 Phs 4 Settlers Square)
105746,0.02,0.0,2024-04-17,2024-02-27,265000,0,0,2024-05-02,260000.0,CASH,B-2040-0017-000D,3,2,1,0,0,1,1,1242,2024,Paved,Year Round,920 S 25 #17D E
105755,0.08,0.0,2024-04-22,2024-02-27,305000,0,7500,2024-07-03,305000.0,VA,B-1870-0109-000N,3,2,1,0,0,1,1,1626,2007,Paved,,2748 N Mountain Valley
105764,0.0,0.0,2024-08-30,2024-02-24,299000,0,1000,2024-10-07,285000.0,CONV,A-1176-000B-0311,2,2,0,0,1,1,1,940,1984,Paved,,464 N Ut-143 143 #b311
105769,0.02,0.0,2024-12-12,2024-02-27,259900,0,0,2024-12-20,252500.0,CASH,B-1976-0023-0073,3,2,1,0,0,1,1,1346,2010,Paved,Year Round,1177 N Northfield #73
105788,0.02,0.0,2024-08-06,2024-02-28,269900,0,0,2024-08-30,265000.0,CASH,B-20013-0038-0000,2,2,1,0,0,1,1,1388,2024,Paved,Year Round,498 W 1225 38 N
105789,0.02,0.0,2024-04-19,2024-02-28,289900,0,0,2024-05-21,293700.0,CONV,B-2013-0039-0000,3,2,1,0,0,1,1,1500,2024,Paved,Year Round,498 W 1225 39 N
105793,0.27,100.0,2024-03-29,2024-02-28,429900,1487,0,2024-04-30,416000.0,CONV,B-1454-0025-0000,5,3,0,0,1,1,1,3006,2003,Paved,,248 W 1550 N
105794,0.19,100.0,2024-05-10,2024-02-28,325000,1300,6000,2024-06-13,325000.0,FHA,B-1103-0041-0000,5,3,0,0,1,1,1,2600,1972,Paved,,251 E Altamira Drive
105801,0.26,0.0,2024-04-18,2024-03-01,474000,1807,15000,2024-05-15,475000.0,CONV,B-2020-0010-0000,3,2,0,0,0,1,1,3502,2024,Paved,,4322 W 300 N Circle
105802,0.03,0.0,2024-02-29,2024-02-27,292500,0,0,2024-06-29,292500.0,CONV,B-1825-0096-0000,3,2,1,0,0,1,1,1648,2024,Paved,Year Round,3172 W 1700 #B N
105803,0.03,0.0,2024-02-29,2024-02-27,292500,0,0,2024-06-29,292500.0,CONV,B-1825-0095-0000,3,2,1,0,0,1,1,1648,2024,Paved,Year Round,3172 W 1700 #C N
105809,0.13,0.0,2024-04-08,2024-02-29,50700,0,600,2024-04-22,47000.0,CASH,UT001587399,2,2,0,0,0,1,1,995,1996,Paved,Year Round,3870 N Minersville Hwy. #3
105814,0.27,100.0,2024-03-26,2024-02-29,599000,1489,600,2024-06-13,586000.0,CASH,B-1856-0025-0000,5,2,0,1,1,1,1,3044,2019,Paved,Year Round,3322 W Kingsbury Drive
105820,0.26,0.0,2024-04-24,2024-03-01,419000,0,0,2024-05-23,407000.0,CONV,B-1799-0017-0000,3,2,1,0,1,1,1,1585,2006,Paved,Year Round,1334 N 3900 W
105823,0.03,0.0,2024-03-08,2024-02-28,319900,0,0,2024-03-27,315000.0,CONV,B-2018-0018-0000,3,2,1,0,0,1,1,1810,2023,Paved,Year Round,2875 W Cody #18 Road
105825,0.0,0.0,2024-03-18,2024-03-01,230000,0,5000,2024-04-25,230000.0,CONV,B-1151-0001-0004-013,2,2,0,0,0,1,1,1136,1977,Paved,,931 Three Fountains
105826,0.03,0.0,2024-03-15,2024-03-01,285000,0,0,2024-04-19,287000.0,CONV,B-1958-0010-000C,3,2,1,0,0,1,1,1420,2024,Paved,Year Round,3047 N 125 E
105832,0.7,100.0,2024-04-26,2024-03-02,1250000,2730,0,2024-06-15,1175000.0,CASH,B-1184-0010-0000,5,4,1,0,1,1,1,5319,2023,,Year Round,2097 S Estate Drive
105848,0.1,0.0,2024-03-04,2024-03-04,417700,0,0,2024-03-04,417700.0,CONV,B-2026-005B-0000,5,2,1,0,0,1,1,2101,2024,Paved,Year Round,721 S Liberty Cove
105852,0.25,100.0,2024-03-19,2024-03-04,540000,1498,0,2024-04-15,525000.0,FHA,B-1096-0010-0000,6,4,0,0,1,1,1,2996,1994,Paved,Year Round,445 S Circleway Drive
105856,0.11,0.0,2024-04-12,2024-03-05,315000,0,15000,2024-06-06,315000.0,FHA,B-2038-0002-000E,3,2,0,0,0,1,1,1154,2024,Paved,Year Round,455 W 2360 N
105857,0.11,0.0,2024-03-26,2024-03-05,315000,0,8000,2024-06-18,313000.0,CONV,B-2038-0002-000W,3,2,0,0,0,1,1,1154,2024,,Year Round,465 W 2360 N
105858,1.83,0.0,2024-03-25,2024-03-05,595000,0,0,2024-04-16,568750.0,CASH,D-1024-0008-0004,2,2,0,0,0,1,1,1400,1997,,Year Round,1115 E Cedar Highlands Drive
105859,0.03,0.0,2024-07-05,2024-03-05,285000,0,4000,2024-08-06,275000.0,CONV,B-1985-0002-0043,3,2,1,0,0,1,1,1728,2016,Paved,,1677 N Main #43 Street
105860,0.42,60.0,2024-03-21,2024-03-05,450000,1402,10000,2024-05-15,450000.0,VA,A-0974-0066-0000,4,3,0,0,0,1,1,2804,2015,Paved,Year Round,4521 N High Noon Street
105861,0.18,0.0,2024-03-29,2024-03-05,494900,1404,20000,2024-04-19,510000.0,VA,B-2017-0011-0000,3,2,0,0,0,1,1,2932,2024,Paved,,131 N Strathmore Ln (Lot 11 Phs 4 Crescent Hills)
105863,0.28,0.0,2024-04-18,2024-03-05,450000,0,2500,2024-05-17,450000.0,CONV,A-0990-0037-0000,3,2,0,0,0,1,1,1769,2024,Paved,,1135 E 4240 N (Lot 37 Phs 4 Settlers Square)
105864,0.1,0.0,2024-03-05,2024-03-05,417700,0,0,2024-03-05,417700.0,CONV,B-2026-005A-0000,5,2,1,0,0,1,1,2101,2024,Paved,Year Round,727 S Liberty Cove Drive
105870,0.5,0.0,2024-03-18,2024-03-05,409000,0,0,2024-04-09,409000.0,CONV,D-0463-0021-0000,3,2,0,0,0,1,1,1511,2024,Paved,,4547 N 2600 W
105873,1.0,0.0,2024-04-15,2024-03-06,429900,0,0,2024-05-09,420000.0,CONV,D-1188-000C-0004,3,2,0,0,1,1,1,1536,1996,Paved,Year Round,4136 W 1525 S
105874,0.24,0.0,2024-08-19,2024-03-06,414999,0,7500,2024-09-16,415000.0,CONV,B-1857-0027-0091,3,2,0,0,0,1,1,1608,2024,Paved,Year Round,516 S Cedar Creek Drive
105875,0.26,0.0,2024-09-23,2024-03-06,269000,0,0,2024-10-25,267000.0,CONV,A-0506-0002-0007,3,2,0,0,0,1,1,1341,1996,Paved,Year Round,490 W Old Hwy 91
105884,0.12,0.0,2024-11-13,2024-03-08,372125,0,0,2024-12-06,378605.0,CONV,B-2029-0016-000E,3,2,0,0,0,1,1,1448,2024,Paved,,359 W Bradley Lane Lot 16E Lot 16E
105885,0.12,0.0,2024-07-05,2024-03-08,373640,0,1983,2024-08-30,373640.0,CONV,B-2029-0016-000W,3,2,0,0,0,1,1,1448,2024,Paved,Year Round,365 W Bradley Lot 16W Lane
105897,0.28,0.0,2024-05-21,2024-03-07,454900,0,0,2024-07-15,450000.0,FHA,A-1034-0014-0000,3,2,0,0,0,1,1,1743,2022,Paved,,1024 E Southern Homestead Boulevard
105898,0.27,0.0,2024-05-09,2024-03-07,455000,0,10000,2024-06-12,462500.0,CONV,B-2020-0134-0000,4,2,0,0,0,1,1,1864,2024,Paved,Year Round,4551 W 250 Lot 134 N
105899,0.27,100.0,2024-03-07,2024-03-07,469900,1117,0,2024-07-15,487715.0,CONV,B-2020-0133-0000,4,2,1,0,0,1,1,2536,2024,Paved,Year Round,4571 W 250 Lot 133 N
105900,0.41,5.0,2024-03-13,2024-03-08,450000,1540,4586,2024-05-01,460000.0,CONV,A-0974-0075-0000,3,2,0,0,0,1,1,3080,2018,Paved,Year Round,4355 N High Noon Street
105903,1.02,0.0,2024-04-08,2024-03-07,759900,1333,0,2024-05-17,759900.0,CASH,E-0842-0008-000B-09,4,3,0,0,1,1,1,2666,2020,Paved,,3846 S 17725 W
105912,0.04,0.0,2024-03-25,2024-03-08,338499,0,0,2024-04-30,338000.0,CASH,B-2003-0001-0000,3,2,0,0,1,1,1,1454,2020,Paved,Year Round,1825 N Lund #1
105914,0.02,0.0,2024-03-28,2024-03-07,260000,0,0,2024-05-01,260000.0,CONV,B-1386-0035-0000,2,2,1,0,0,1,1,1424,2019,,Year Round,1583 S Quartz #D Drive
105920,0.55,0.0,2024-06-21,2024-03-08,185000,0,9000,2024-10-11,184000.0,FHA,E-0147-0004-0001-03,2,1,0,0,0,1,1,924,1979,Paved,,2129 N 4650 W
105921,0.1,0.0,2024-03-20,2024-03-08,417900,0,8000,2024-04-29,416900.0,CONV,B-2026-006B-0000,5,3,0,0,0,1,1,2101,2024,Paved,Year Round,705 S Liberty Cove Drive
105922,0.35,0.0,2024-10-15,2024-03-08,599999,0,7000,2024-10-31,584902.0,FHA,D-0535-0005-0000,5,3,1,0,0,1,1,2820,2024,Paved,Year Round,2410 W 5190 Lot 5 Ph 1 N
106275,0.46,0.0,2024-04-06,2024-04-05,459000,0,0,2024-07-26,479675.0,CASH,B-2017-0045-0000,3,2,0,0,0,1,1,1743,2024,Paved,,38 N Sterling Dr (Lot 45 Phs 4 Crescent Hills)
105938,0.04,0.0,2024-04-11,2024-03-11,69900,0,0,2024-05-02,69900.0,CONV,423813S4630UTCBC,3,2,0,0,0,1,1,924,1983,Paved,Year Round,465 N 800 #16 W
106277,0.03,0.0,2024-05-15,2024-04-08,295000,0,0,2024-07-01,290000.0,CASH,B-1958-0013-000A,3,2,1,0,0,1,1,1420,2024,Paved,Year Round,3062 N 125 E
106278,0.03,0.0,2024-05-17,2024-04-08,289900,0,0,2024-06-27,289900.0,CONV,B-1958-0013-000B,3,2,1,0,0,1,1,1420,2024,Paved,Year Round,3064 N 125 E
106280,0.27,0.0,2024-09-06,2024-04-08,399994,0,7150,2024-11-05,410500.0,VA,A-0798-0035-0000,3,2,0,0,0,1,1,1432,2024,Paved,Year Round,4926 N Winchester Drive
106285,0.08,0.0,2024-08-28,2024-04-08,399999,0,0,2024-10-04,399999.0,CASH,B-2009-003A-0014,3,2,0,0,1,1,1,1660,2024,Paved,Year Round,2352 W Portal Hill #14 Road
106286,0.03,0.0,2024-06-01,2024-04-08,319000,0,0,2024-06-11,319000.0,Own Fin,B-1577-036a-0000,4,2,1,0,0,1,1,1635,2021,Paved,Year Round,383 W 2050 N
105950,0.25,0.0,2024-06-17,2024-03-11,455000,0,0,2024-06-28,455000.0,CASH,B-2031-14,3,2,0,0,1,1,1,1625,2024,Paved,Year Round,1053 N Olesia Street
105951,0.46,0.0,2024-03-18,2024-03-11,200000,0,6200,2024-05-24,211500.0,Other,A-0876-0000-000R-28,3,2,0,0,0,1,1,1568,1994,Paved,,693 E Rose Lane
105956,0.28,0.0,2024-04-16,2024-03-12,436800,0,0,2024-05-24,436000.0,CASH,A-1038-0026-0000,3,2,0,0,1,1,1,1600,2023,Paved,Year Round,5038 N Bald Eagle Drive
105957,0.03,0.0,2024-05-08,2024-03-12,285000,0,0,2024-05-15,285000.0,CONV,B-1958-0010-000D,3,2,1,0,0,1,1,1420,2024,Paved,Year Round,3049 N 125 E
105958,0.36,0.0,2024-03-22,2024-03-12,399900,0,0,2024-04-09,385000.0,CASH,B-0065-0116-0000,3,2,0,0,0,1,1,1683,2020,Paved,Year Round,364 N Foothill Drive
105963,0.03,0.0,2024-03-18,2024-03-12,292500,0,0,2024-04-30,292500.0,CONV,B-1825-0101-0000,4,2,1,0,0,1,1,1480,2023,Paved,Year Round,3148 W 1700 #A N
105964,0.03,0.0,2024-05-15,2024-03-12,292500,0,0,2024-06-28,287500.0,CASH,B-1825-0086-0000,4,2,1,0,0,1,1,1480,2024,Paved,Year Round,3181 W 1700 #E N
105966,0.56,15.0,2024-07-22,2024-03-12,509000,1550,0,2024-08-12,500000.0,CASH,A-0875-0002-0000,3,2,0,0,0,1,1,3100,2022,Paved,,4407 N 2525 W
105967,0.32,0.0,2024-04-10,2024-03-12,455000,0,0,2024-07-11,446459.0,CASH,B-2020-0132-0000,3,2,0,0,0,1,1,1773,2024,Paved,Year Round,4591 W 250 Lot 132 N
105971,2.35,0.0,2024-08-03,2024-03-12,699000,0,0,2024-08-22,675000.0,CONV,C-1044-0019-0000,4,3,0,0,1,1,1,2166,2022,,Year Round,24 N 3500 W
105989,0.53,80.0,2024-06-13,2024-03-14,350000,956,0,2024-07-17,350000.0,CONV,A-0373-0001-0000,4,1,0,0,1,1,1,2235,1943,Paved,Year Round,36 W 400 N
105990,0.13,0.0,2024-04-03,2024-03-14,370000,0,5000,2024-05-03,370000.0,CONV,B-1832-0026-000W,3,2,1,0,0,1,1,1848,2010,Paved,Year Round,1286 W 1600S
105991,0.02,0.0,2024-05-01,2024-03-14,273900,0,5000,2024-06-03,270000.0,FHA,B-1955-0010-000B,3,2,1,0,1,1,1,1467,2007,Paved,,1295 N Cedar #10 N
105999,0.08,0.0,2024-03-14,2024-03-14,452955,0,0,2024-03-20,448647.0,CASH,B-2009-003A-0017,3,2,0,0,1,1,1,1590,2024,Paved,Year Round,2352 W Portal Hill #17 Road
106304,0.27,0.0,2024-05-28,2024-04-10,424900,0,0,2024-06-20,427000.0,FHA,A-0883-0018-0000,3,2,0,0,0,1,1,1743,2021,Paved,,1128 E 4375 N
106305,0.27,80.0,2024-05-31,2024-04-09,549900,2023,14000,2024-06-27,549900.0,VA,B-1397-0001-0000,4,3,0,0,1,1,1,4367,1997,Paved,Year Round,144 S 2050 W
106306,0.42,85.0,2024-04-26,2024-04-10,575000,1809,6500,2024-05-24,550000.0,FHA,A-0945-0081-0000,7,4,0,0,1,1,2,3618,2017,Paved,Year Round,564 E 4960 N
106308,0.08,0.0,2024-05-28,2024-04-10,430000,0,0,2024-06-14,430000.0,CASH,B-2009-003A-0015,3,2,0,0,1,1,1,1590,2024,Paved,Year Round,2352 W Portal Hill #15
106309,0.1,0.0,2024-04-16,2024-04-10,230000,0,0,2024-05-01,227000.0,CASH,B-1893-0006-0000,2,1,0,0,0,1,1,768,2007,Paved,Year Round,1892 N Access Road
106310,0.08,0.0,2024-09-07,2024-04-08,420000,0,0,2024-09-24,410000.0,CASH,B-2009-003A-0024,3,2,0,0,1,1,1,1590,2024,Paved,Year Round,2352 W Portal Hill #24 Road
106311,0.08,0.0,2024-06-17,2024-04-10,420000,0,0,2024-07-15,420000.0,CASH,B-2009-003A-0025,3,2,0,0,1,1,1,1615,2024,Paved,Year Round,2352 W Portal Hill #25
106313,0.14,0.0,2024-04-19,2024-04-10,345000,0,5000,2024-05-22,335000.0,FHA,B-1778-0019-0001,3,2,1,0,0,1,1,1489,2005,Paved,Year Round,297 N Torrey Pines Circle
106316,0.02,15.0,2024-05-09,2024-04-10,314990,632,0,2024-06-03,314990.0,CASH,B-1857-1096-0000,4,2,1,0,0,1,1,2247,2024,Paved,Year Round,528 S Rockwell Lane #1100
106317,0.02,15.0,2024-04-27,2024-04-10,344990,632,0,2024-06-03,344990.0,CASH,B-1857-1097-0000,4,2,1,0,0,1,1,2247,2024,Paved,Year Round,522 S Rockwell Lane #1101
106318,0.02,15.0,2024-05-09,2024-04-10,309990,632,0,2024-06-13,309990.0,CONV,B-1857-1098-0000,3,2,1,0,0,1,1,2187,2024,Paved,Year Round,518 S Rockwell Lane #1102
106319,0.02,15.0,2024-04-24,2024-04-10,344990,632,0,2024-05-28,344990.0,VA,B-1857-1103-0000,3,2,1,0,0,1,1,2187,2024,Paved,Year Round,514 S Rockwell Lane #1103
106005,0.28,100.0,2024-04-16,2024-03-15,590000,988,0,2024-05-31,575000.0,CONV,B-1132-0007-0008,6,3,1,0,1,1,1,2898,1991,Paved,Year Round,734 S 1100 West
106006,0.41,100.0,2024-03-21,2024-03-15,499900,1540,6000,2024-05-06,499900.0,FHA,A-0917-0082-0000,6,3,0,0,1,1,1,3111,2006,Paved,Year Round,5063 N Heather Hue Road
106014,0.29,50.0,2024-03-27,2024-03-15,315000,334,5234,2024-04-25,310250.0,CONV,B-0956-0001-0000,4,1,0,0,0,1,1,1670,1949,Paved,,490 N 300 W
106016,1.0,50.0,2024-04-11,2024-03-18,600000,2336,15000,2024-05-13,605000.0,CONV,A-0877-0001-0012,4,2,1,0,1,1,1,4672,2007,Paved,Year Round,3835 N Driftwood Lane
106020,0.68,0.0,2024-03-20,2024-03-18,450000,0,10000,2024-04-17,450000.0,CONV,D-0527-0001-0006,3,2,0,0,2,1,1,2092,1992,Paved,Year Round,4840 N 2800 W
106021,0.25,100.0,2024-07-29,2024-03-18,444900,1144,4000,2024-09-06,394000.0,FHA,B-1103-0078-0000,5,2,0,1,2,2,2,3104,1966,Paved,,196 E Altamira Drive
106022,0.03,0.0,2024-03-18,2024-03-18,285000,0,0,2024-04-12,283500.0,CONV,B-1958-0010-000G,3,2,1,0,0,1,1,1420,2024,Paved,Year Round,3055 N 125 E
106023,0.12,0.0,2024-03-26,2024-03-15,327500,0,7500,2024-04-19,317500.0,FHA,B-1791-0024-0001,3,2,0,0,0,1,1,1290,2005,Paved,,1452 Southern View Drive
106028,0.46,0.0,2024-05-03,2024-03-18,645000,0,0,2024-06-11,615000.0,CONV,B-1408-0000-0000,4,3,0,0,0,1,1,3190,1994,Paved,Year Round,682 E 200 S
106033,0.25,0.0,2024-04-09,2024-03-19,397500,0,10000,2024-05-01,400000.0,CONV,B-1153-0013-0000,4,2,0,1,2,1,1,1875,1977,Paved,,2171 W Skyview Drive
106035,5.0,0.0,2024-07-11,2024-03-19,1200000,0,0,2024-08-13,1050000.0,CONV,A-0885-000B-0016,4,5,0,0,1,1,1,4718,2007,Paved,Year Round,1281 E Midvalley Road
106036,0.04,0.0,2024-03-27,2024-03-19,319900,0,5000,2024-04-26,319900.0,CONV,B-2018-0033-0000,3,2,1,0,1,1,1,1810,2024,Paved,Year Round,2875 W Cody #33 Drive
106037,0.04,0.0,2024-03-18,2024-03-18,309500,0,0,2024-03-18,309900.0,CONV,B-2018-0034-0000,3,2,1,0,1,1,1,1810,2024,Paved,Year Round,2875 W Cdy #34 Drive
106038,1.0,0.0,2024-07-08,2024-03-19,519900,0,10000,2024-08-16,470000.0,VA,D-1191-000C-0010,3,2,0,0,1,1,1,1872,2002,,Year Round,641 N 4375 W
106041,0.28,0.0,2024-03-25,2024-03-19,504900,0,10000,2024-04-26,504900.0,CONV,A-0883-0035-0000,4,2,1,0,1,1,1,2118,2022,Paved,,1178 E Southern Homestead Boulevard
106047,0.36,0.0,2024-07-19,2024-03-20,339900,0,0,2024-08-15,335000.0,FHA,A-0506-0002-0011,3,2,0,0,0,1,1,1400,2005,Paved,,448 W Old 91
106051,0.43,100.0,2024-06-20,2024-03-20,349900,0,9216,2024-07-19,340000.0,CONV,A-0840-0010-0001,3,2,0,0,0,1,1,1582,1997,Paved,,4613 N Quickdraw Lane
106052,0.12,0.0,2024-03-22,2024-03-21,315000,0,0,2024-04-29,315000.0,FHA,B-1870-0010-000N,3,2,1,0,0,1,1,1587,2015,Paved,,2932 N Gemini Meadows Lane
106054,0.86,44.0,2024-06-18,2024-03-21,895000,1977,15000,2024-07-15,892500.0,CONV,B-2030-0011-0000,4,2,2,0,1,1,1,4152,2024,,Year Round,1746 S 4150 W
106057,2.5,95.0,2024-04-17,2024-03-21,699900,1328,9988,2024-05-28,710000.0,CONV,E-0209-0002-000A-02,7,4,0,0,1,1,1,4853,2003,Paved,,4517 W 1400 S
106065,0.09,0.0,2024-08-05,2024-03-22,373495,0,0,2024-09-02,363495.0,CASH,A-2060-0024-0000,3,2,0,0,0,1,1,1322,2019,Paved,,2230 W 475 S
106068,0.26,0.0,2024-03-21,2024-03-21,540000,1795,0,2024-08-30,566515.0,CONV,A-0990-0050-0000,4,2,0,0,1,1,1,3782,2024,Paved,,1012 E 4240 N (Lot 50 Phs 4 Settlers Square)
106069,0.03,0.0,2024-03-27,2024-03-21,280000,0,0,2024-04-05,265000.0,CASH,B-1472-000A-0059,3,2,1,0,1,1,1,1515,2001,Paved,Year Round,195 E Fiddlers Cyn #59
106070,0.25,0.0,2024-05-01,2024-03-22,394000,0,0,2024-05-29,390000.0,FHA,D-1210-0031-00AM,3,2,0,0,1,1,1,1499,2016,Paved,,3789 N Monarch Drive
106071,0.25,0.0,2024-10-07,2024-03-20,394000,0,0,2024-11-01,400000.0,CONV,A-0798-0045-0000,3,2,0,0,0,1,1,1542,2024,Paved,Year Round,951 E Winchester lot 45 Drive
106072,0.25,0.0,2024-08-02,2024-03-20,435000,0,0,2024-09-13,429000.0,CASH,A-0798-0023-0000,3,2,0,0,1,1,1,1656,2024,Paved,Year Round,4977 N Winchester lot 23 Drive
106073,0.25,0.0,2024-08-06,2024-03-20,399000,0,0,2024-08-21,403000.0,CONV,A-0798-0043-0000,3,2,0,0,0,1,1,1542,2024,Paved,Year Round,927 E Winchester lot 43 Drive
106083,0.02,0.0,2024-04-09,2024-03-22,126000,0,0,2024-04-26,127000.0,CASH,UT008359850,3,0,2,0,0,1,1,1021,2003,Paved,Year Round,780 W 1125 #6 N
106088,0.24,0.0,2024-10-18,2024-03-22,407000,0,0,2024-11-21,410000.0,CONV,B-1857-0027-0090,3,2,0,0,0,1,1,1608,2024,Paved,Year Round,504 S Cedar Creek Drive
106091,0.65,100.0,2024-04-05,2024-03-22,779500,700,5000,2024-05-06,755000.0,CASH,A-1115-0003-0011,3,2,1,0,1,1,1,2725,1999,,Year Round,410 W Kokopelli
106097,0.04,0.0,2024-07-01,2024-03-25,329900,0,3000,2024-08-01,320000.0,FHA,B-2003-0029-0000,3,2,0,0,0,1,1,1454,2020,Paved,,1825 N Lund Hwy #29
106106,0.27,80.0,2024-05-02,2024-03-26,469000,1117,0,2024-09-06,508009.0,FHA,B-2020-0156-0000,3,2,1,0,0,1,1,2536,2024,Paved,Year Round,4555 W 200 Lot 156 N
106107,0.02,100.0,2024-03-27,2024-03-26,273900,0,0,2024-04-24,273900.0,FHA,B-2040-0018-000H,3,2,0,0,0,1,1,1242,2024,Paved,,920 S 25 E. #18H
106109,0.27,0.0,2024-08-30,2024-03-26,440000,0,0,2024-09-11,430000.0,Own Fin,B-2020-0155-0000,3,2,1,0,0,1,1,1683,2024,Paved,Year Round,4575 W 200 Lot 155 N
106121,1.0,0.0,2024-04-12,2024-03-27,110000,0,0,2024-05-03,85000.0,CASH,E-0171-0001-0002,2,1,0,0,0,1,1,920,1980,,Year Round,1266 N 6625 W
106126,0.36,0.0,2024-03-27,2024-03-26,469000,0,0,2024-08-23,496247.0,CONV,B-2017-0049-0000,4,2,0,0,1,1,1,1912,2024,Paved,,110 N Sterling Dr (Lot 49 Phs 4 Crescent Hills)
106129,0.02,15.0,2024-04-19,2024-03-27,344990,632,0,2024-06-03,344990.0,CONV,B-1857-1098-0000,3,2,1,0,0,1,1,2187,2024,Paved,Year Round,534 S Rockwell Lane #1098
106130,0.02,15.0,2024-05-22,2024-03-27,309990,632,0,2024-06-06,309990.0,CASH,B-1857-1099-0000,3,2,1,0,0,1,1,2187,2024,Paved,Year Round,532 S Rockwell Lane #1099
106134,0.5,0.0,2024-06-11,2024-03-27,409000,0,0,2024-07-03,409000.0,CONV,D-0463-0028-0000,3,2,0,0,0,1,1,1511,2023,Paved,,4681 N 2600 W
106136,1.25,0.0,2024-08-15,2024-03-27,624999,0,0,2024-09-27,600000.0,CONV,D-0456-0033-0000,5,3,0,0,0,1,1,3454,2011,Unimproved,Year Round,6455 N 4400 W
106137,0.25,0.0,2024-08-16,2024-03-28,415000,0,600,2024-09-05,400000.0,CASH,D-1216-0034-0000,3,2,0,0,1,1,1,1504,2017,Paved,,3733 N Monarch Drive
106146,0.13,0.0,2024-05-21,2024-03-28,380000,0,7000,2024-06-24,377000.0,FHA,B-1832-0043-000E,3,2,1,0,0,1,1,1719,2016,Paved,,1347 W 1650 S
106147,0.25,0.0,2024-11-22,2024-03-27,524900,0,0,2024-12-06,0.0,FHA,A-1035-0029-0000,5,3,1,0,0,1,1,2634,2024,Paved,Year Round,4876 N 10 E
106154,0.65,0.0,2024-06-14,2024-03-29,599900,0,0,2024-07-16,569000.0,CASH,D-1197-000A-0010,4,2,1,0,1,1,1,2372,2005,Paved,,4178 W 975 S
106155,0.13,0.0,2024-03-31,2024-03-29,399900,0,0,2024-04-22,395900.0,CASH,B-1832-0017-0001,4,3,0,0,1,1,1,2028,2006,Paved,,1334 W 1575 S
106157,1.23,0.0,2024-04-09,2024-03-29,227000,0,0,2024-05-24,225000.0,FHA,D-0456-0736-0000,2,1,0,0,1,1,1,822,1963,,Year Round,3399 W 5600 N
106174,0.03,0.0,2024-05-15,2024-04-01,285000,0,0,2024-06-21,282000.0,CASH,B-1958-0010-000E,3,2,1,0,0,1,1,1420,2024,Paved,Year Round,3051 N 125 E
106180,0.28,0.0,2024-04-01,2024-04-01,395000,0,0,2024-08-16,401430.0,CASH,A-0990-0025-0000,3,2,0,0,0,1,1,1467,2024,Paved,,1020 E 4290 N (Lot 25 Phs 4 Settlers Square)
106183,0.03,0.0,2024-04-05,2024-04-02,285000,0,0,2024-05-03,290000.0,CONV,B-1958-0010-000F,3,2,1,0,0,1,1,1420,2024,Paved,Year Round,3053 N 125 E
106184,0.03,0.0,2024-04-13,2024-04-02,290000,0,0,2024-05-10,288000.0,CONV,B-1958-0009-000G,3,2,1,0,0,1,1,1420,2018,Paved,Year Round,3039 N 125 E
106186,0.17,100.0,2024-04-16,2024-04-02,415000,1118,12750,2024-05-09,425000.0,FHA,B-0001-0009-0019-32,4,2,0,1,1,1,1,2246,1992,Paved,Year Round,311 W 1725 N
106188,0.05,0.0,2024-04-25,2024-04-02,230000,0,0,2024-06-03,220000.0,CONV,B-1323-0013-0000,2,1,1,0,0,1,1,986,1983,Paved,,101 N 1850 Unit #13 W
106203,1.04,0.0,2024-04-08,2024-04-03,350000,0,10000,2024-05-06,345000.0,CONV,D-0456-1099-0001,3,2,0,0,1,1,1,1550,2002,Unimproved,Year Round,3705 W 5200 N
106205,0.27,100.0,2024-04-03,2024-04-02,469000,1117,10000,2024-07-10,473700.0,FHA,B-2020-0138-0000,4,2,1,0,0,1,1,2536,2024,Paved,Year Round,4534 W 200 Lot 138 N
106206,0.32,0.0,2024-04-04,2024-04-03,469000,0,0,2024-08-02,485530.0,CONV,B-2020-0154-0000,4,2,1,0,1,1,1,2300,2024,Paved,Year Round,4595 W 200 Lot 154 N
106209,0.27,10.0,2024-04-03,2024-04-03,507000,1699,0,2024-06-24,534506.3,CONV,B-2020-0140-0000,4,2,0,0,1,1,1,3584,2024,Paved,,4574 W 200 Lot 140 N
106214,0.25,0.0,2024-06-11,2024-04-03,589000,0,0,2024-08-30,594550.0,CONV,B-2039-0011-0000,3,2,0,0,1,1,1,1810,2024,,Year Round,3127 W 2350 S
106218,0.51,0.0,2024-04-04,2024-04-04,690095,0,3700,2024-07-22,698060.0,CONV,D-0535-0018-0000,5,3,0,0,1,2,1,2489,2024,Paved,Year Round,5166 N 2475 & 5158 N 2475 W Lot 18 W
106224,0.48,100.0,2024-04-30,2024-04-02,424900,1237,10250,2024-05-31,435250.0,VA,A-0941-0008-0000,5,3,0,0,0,1,1,2474,2005,Paved,,1774 Sunset Road
106231,2.91,0.0,2024-04-12,2024-04-05,799000,0,0,2024-05-08,775000.0,CASH,D-1139-0010-0145,3,2,1,0,1,1,1,2581,2001,Paved,,1533 S Cross Hollow Drive
106233,0.02,0.0,2024-04-19,2024-04-05,249900,0,1500,2024-05-16,249900.0,CASH,B-1742-0041-0000,3,2,1,0,0,1,1,1365,2004,Paved,Year Round,1148 N Northfield #41
106235,0.03,0.0,2024-05-02,2024-04-05,345900,0,0,2024-05-15,323000.0,CASH,B-1386-0069-0000,4,2,1,0,0,1,1,1957,2020,Paved,,1558 S Quartz Drive
106236,0.24,0.0,2024-04-22,2024-04-05,434999,0,3260,2024-06-10,438260.0,CASH,B-1857-0027-0094,3,2,0,0,0,1,1,1610,2024,Paved,Year Round,552 S Cedar Creek Drive
106237,0.26,0.0,2024-04-05,2024-04-05,464500,0,0,2024-06-24,465345.0,CONV,A-0798-0039-0000,3,2,0,0,0,1,1,1611,2024,Paved,Year Round,857 E Winchester Lot 39 Drive
106239,0.08,0.0,2024-04-11,2024-04-05,309900,0,500,2024-05-08,309900.0,CONV,B-1870-0115-0001,3,2,1,0,1,1,1,1672,2007,Paved,,2730 N Mountain Valley Trail
106240,0.36,100.0,2024-06-18,2024-04-05,449900,1264,10000,2024-07-18,454900.0,FHA,A-0639-0057-0009,4,3,1,0,0,1,1,2453,1997,Paved,Year Round,55 S 700 E
106242,19.37,0.0,2024-04-18,2024-04-05,449900,0,0,2024-04-24,439000.0,CONV,E-0209-0030-0001,3,2,0,0,0,1,1,1090,1995,,Year Round,1042 S 6300 W
106246,0.0,0.0,2024-10-29,2024-04-05,140000,0,0,2024-11-21,130000.0,CASH,A-1178-0107-0000,0,1,0,0,0,1,1,464,1983,Paved,,150 W Ridge View #107
106247,0.51,0.0,2024-04-05,2024-04-04,687865,0,5000,2024-07-31,689025.0,CASH,D-0535-0026-0000,4,3,0,0,1,1,1,2115,2024,Paved,Year Round,5144 N 2475 Lot 26 Ph 1 W
106248,0.18,25.0,2024-04-22,2024-04-05,325000,1088,12000,2024-06-10,318000.0,FHA,D-0121-0001-0000,3,1,0,0,1,1,1,2176,1946,Paved,,56 E Main Street
106251,0.18,30.0,2024-08-19,2024-04-05,534999,1426,10000,2024-10-08,545000.0,CONV,B-2010-0056-0000,4,3,1,0,0,1,1,3552,2021,Paved,Year Round,140 N Castle Drive
106252,0.19,0.0,2024-04-24,2024-04-05,469000,0,0,2024-05-30,469000.0,CONV,B-2010-0052-0000,3,2,0,0,1,1,1,1630,2021,Paved,Year Round,82 N Castle Drive
106258,0.25,0.0,2024-04-23,2024-04-05,450000,0,0,2024-06-05,440000.0,CONV,A-1035-0014-0000,3,2,0,0,0,1,1,2002,2024,Paved,,4981 N 75 E
106260,0.37,100.0,2024-05-06,2024-04-04,500000,896,5750,2024-06-03,499250.0,CONV,B-1400-0024-0000,5,3,1,0,0,1,1,2704,1995,Paved,Year Round,91 S Cedar Hill Circle
106265,0.27,70.0,2024-04-13,2024-04-05,550000,1660,2500,2024-05-21,535000.0,FHA,B-1400-0064-0000,5,3,0,0,1,1,1,3320,2014,Paved,,2193 W 30 N
106272,0.36,85.0,2024-04-14,2024-04-07,489900,1540,11000,2024-05-10,489900.0,CONV,B-1150-0002-0000,4,3,0,0,2,2,1,3500,1976,Paved,Year Round,539 S RIDGE RD Road
106332,0.65,0.0,2024-04-12,2024-04-11,250000,0,0,2024-04-25,250000.0,CASH,A-0779-0001-0002-02,3,2,0,0,2,1,1,1608,1972,,Year Round,4710 N Enoch Road
106345,0.0,0.0,2024-08-20,2024-04-12,364000,0,0,2024-09-13,334000.0,CASH,A-1150-0003-0002-028,1,2,0,0,1,1,1,1020,1975,Paved,Year Round,226 S Hwy 143 #H-4
106350,1.46,100.0,2024-09-06,2024-04-12,1395900,2885,0,2024-09-27,1300000.0,CASH,B-1804-0010-0000,7,4,1,0,2,1,2,6413,2008,Paved,,3328 W 1375 N
106353,0.14,0.0,2024-05-06,2024-04-12,390000,0,7000,2024-06-03,397000.0,VA,B-1946-0022-0000,3,2,0,0,1,1,1,1403,2009,Paved,Year Round,1741 N Cypress Ln
106360,0.32,0.0,2024-05-21,2024-04-12,457800,0,5000,2024-06-28,457800.0,FHA,A-1038-0012-0000,4,2,0,0,0,1,1,1993,2024,Paved,Year Round,5149 N Bald Eagle Drive
106362,1.02,0.0,2024-05-17,2024-04-12,600000,0,0,2024-07-12,585000.0,CONV,A-3000-0013-0000,3,2,1,0,1,1,1,2100,2018,Paved,Year Round,144 N 700 E
106379,0.23,100.0,2024-06-05,2024-04-15,370000,780,7981,2024-07-11,341000.0,CONV,B-1091-0027-0000,2,2,0,0,0,1,1,1560,1944,Paved,,455 S 300 W
106399,0.03,0.0,2024-04-16,2024-04-16,319900,0,0,2024-10-18,318500.0,CONV,B-2018-0032-0000,3,2,1,0,1,1,1,1776,2023,Paved,Year Round,2875 W Cody #32 Road
106401,0.45,100.0,2024-05-21,2024-04-16,499000,1603,0,2024-06-24,495000.0,CONV,B-1115-0003-0003,4,3,0,0,1,1,1,3206,1971,Paved,Year Round,309 S 1000 W
106402,0.31,0.0,2024-04-16,2024-04-16,514000,0,0,2024-09-03,524888.0,CONV,B-2020-0158-0000,5,2,1,0,1,1,1,2300,2024,Paved,Year Round,4515 W 200 Lot 158 N
106405,0.03,0.0,2024-04-16,2024-04-15,322900,0,0,2024-08-21,322900.0,CONV,B-2018-0029-0000,3,2,1,0,1,1,1,1776,2023,Paved,Year Round,2875 W Cody #29 Road
106406,0.55,0.0,2024-04-19,2024-04-16,350000,0,6000,2024-05-13,350000.0,FHA,E-0147-0004-0000,3,2,0,0,1,1,1,1584,1986,Unimproved,Year Round,4712 W 2100 N
106412,0.03,0.0,2024-04-16,2024-04-15,314900,0,0,2024-07-31,316500.0,CASH,B-2018-0031-0000,3,2,1,0,0,1,1,1810,2024,Paved,Year Round,2875 W Cody #31 Road
106418,0.1,0.0,2024-07-03,2024-04-17,329000,0,2500,2024-07-31,325000.0,CONV,B-1202-0005-000N,3,2,0,0,1,1,1,1550,2020,Paved,,901 S 25 W
106422,0.02,0.0,2024-07-29,2024-04-17,268000,0,2500,2024-08-12,265000.0,CONV,B-2040-0017-000C,3,2,1,0,0,1,1,1242,2024,Paved,,920 S 25 E. #17C
106425,0.5,0.0,2024-04-18,2024-04-15,499900,0,8000,2024-05-24,497000.0,FHA,D-1209-000B-0007,4,2,1,0,1,1,1,2617,2006,Paved,Year Round,926 S 4375 W
106440,0.11,0.0,2024-04-23,2024-04-17,315000,0,15000,2024-06-01,315000.0,VA,B-1520-0002-0000,3,2,0,0,0,1,1,1154,2024,Paved,Year Round,456 W 2360 N
106441,0.11,0.0,2024-05-21,2024-04-17,315000,0,15000,2024-05-31,315000.0,CONV,B-1520-0002-0000,3,2,0,0,0,1,1,1154,2024,,Year Round,466 W 2360 N
106442,0.0,0.0,2024-09-19,2024-04-16,199999,0,0,2024-10-21,192500.0,CONV,B-1151-0001-0004-129,2,2,0,0,0,1,1,1136,1977,Paved,,896 S Three Fountains
106451,0.26,0.0,2024-05-03,2024-04-18,399999,0,4800,2024-06-11,399999.0,CONV,A-0798-0036-0000,3,2,0,0,0,1,1,1386,2024,Paved,,4918 N Winchester Dr. Lot 36
106455,0.33,0.0,2024-09-30,2024-04-18,680000,0,0,2024-10-31,680000.0,CONV,B-2012-0939-0000,4,2,1,0,1,1,1,2287,2024,,Year Round,1813 S Harvest Lane
106456,0.3,0.0,2024-08-20,2024-04-18,775000,0,0,2024-09-30,775000.0,CASH,B-2012-0938-0000,3,2,1,0,1,1,1,2530,2024,,Year Round,1827 S Harvest Lane
106457,0.33,0.0,2024-04-19,2024-04-18,640000,0,0,2024-08-31,643700.0,CONV,B-2012-0941-0000,3,2,1,0,1,1,1,2100,2024,,Year Round,1834 S Harvest Lane
106458,0.18,0.0,2024-10-08,2024-04-18,488000,1600,4800,2024-11-26,480000.0,CONV,B-1999-0058-0000,3,2,0,0,0,1,1,3231,2018,Paved,,196 N 2825 W
106461,0.03,0.0,2024-05-03,2024-04-19,282900,0,0,2024-09-13,275000.0,CONV,B-1958-0014-000A,3,2,1,0,0,1,1,1420,2024,Paved,Year Round,3067 N 125 E
106464,0.19,100.0,2024-05-20,2024-04-19,599000,1428,0,2024-07-18,589000.0,CASH,B-2002-0035-0000,5,3,1,0,1,1,1,3556,2020,Paved,Year Round,184 N Hartford W Drive
106466,0.16,100.0,2024-05-21,2024-04-18,349900,840,10000,2024-06-18,350000.0,CONV,B-0208-0002-0000,4,2,0,0,1,1,1,1680,1941,Paved,,384 S 200 W
106467,0.03,0.0,2024-06-04,2024-04-19,119999,0,0,2024-06-04,119900.0,CASH,A-0504-0003-0003-25,1,1,0,0,0,1,1,374,1994,Paved,,325 Kari 1435 W 200 S
106470,0.27,100.0,2024-08-01,2024-04-19,374900,0,19810,2024-09-04,379900.0,CONV,A-0366-0005-0009,4,2,0,0,1,1,1,1760,1997,Paved,Year Round,489 W 500 N
106475,2.35,100.0,2024-09-21,2024-04-20,399900,2304,0,2024-10-04,399900.0,CONV,D-0767-0006-0000,6,3,0,0,2,2,1,4608,1979,,Year Round,4390 W 1880 n W
106478,0.28,100.0,2024-04-20,2024-04-20,636825,1795,0,2024-09-27,659453.0,VA,A-0990-0030-0000,7,3,0,0,1,1,2,3782,2024,Paved,,1047 E 4240 N (Lot 30 Phs 4 Settlers Square)
106482,0.02,0.0,2024-08-02,2024-04-22,275000,0,0,2024-08-09,269990.0,CASH,B2013-0041-0000,2,2,1,0,0,1,1,1388,2024,Paved,Year Round,498 W 1225 41 N
106483,0.02,0.0,2024-04-23,2024-04-22,294900,0,0,2024-07-03,292000.0,CASH,B-2013-0040-0000,3,2,1,0,0,1,1,1500,2024,Paved,Year Round,498 W 1225 40 N
106484,0.02,0.0,2024-05-11,2024-04-22,289900,0,0,2024-07-05,292400.0,CONV,B-2013-0042-0000,3,2,1,0,0,1,1,1500,2024,Paved,Year Round,498 W 1225 42 N
106485,0.41,100.0,2024-06-24,2024-04-22,589000,1486,0,2024-07-11,575000.0,CONV,A-0974-0029-0000,6,3,0,0,1,1,2,3160,2017,Paved,Year Round,4453 N Prospector Ln Lane
106494,1.01,0.0,2024-04-26,2024-04-22,650000,0,5000,2024-05-17,650000.0,CASH,D-1193-000A-0002,3,2,0,0,1,1,1,2508,2002,Paved,,2226 W 2650 N
106497,0.48,0.0,2024-06-26,2024-04-23,332500,0,0,2024-07-31,340000.0,CONV,D-0518-0039-0027,3,1,0,1,0,1,1,1462,1996,Paved,Year Round,5027 N 2900 W
106499,0.09,100.0,2024-04-29,2024-04-22,329000,643,10000,2024-05-31,329000.0,CONV,B-1778-0001-0000,3,2,1,0,0,1,1,1964,2005,Paved,Year Round,312 N Beacon Dr
106505,0.43,100.0,2024-04-26,2024-04-23,559000,1555,7500,2024-05-29,559000.0,CONV,A-0956-0140-0000,6,4,0,0,0,1,1,3012,2023,Paved,,4371 Half Mile Road
106511,0.16,100.0,2024-07-09,2024-04-24,305000,0,3050,2024-08-02,305000.0,CONV,B-1870-0015-0000,3,2,1,0,0,1,1,1612,2007,,Year Round,1888 W Clark Parkway
106512,0.31,75.0,2024-06-21,2024-04-24,719900,2191,0,2024-07-18,700000.0,CASH,B-1780-0019-0000,5,3,0,0,1,1,1,4401,2005,Paved,Year Round,408 S Carmel Canyon Circle
106515,1.0,0.0,2024-05-02,2024-04-24,325000,0,9750,2024-06-03,325000.0,Utah Hsng,E-0171-0001-0026,3,2,0,0,1,1,1,1288,1994,,Year Round,1163 N 6400 W
106519,0.03,0.0,2024-05-15,2024-04-22,292500,0,0,2024-06-28,287500.0,CASH,B-1825-0094-0000,4,2,1,0,0,1,1,1480,2023,Paved,Year Round,3181 W 1700 #A N
106520,0.08,0.0,2024-06-12,2024-04-24,305000,0,0,2024-07-10,303000.0,CONV,B-1870-0096-000N,3,2,0,0,0,1,1,1150,2018,Paved,,2761 N Mountain Valley Trail
106521,0.25,0.0,2024-08-27,2024-04-24,459900,0,0,2024-09-18,450000.0,CASH,B-1798-0012-0000,3,2,0,0,1,1,1,1635,2019,Paved,Year Round,39 S 4100 W
106522,0.03,0.0,2024-12-19,2024-04-24,311000,0,0,2024-12-23,301000.0,VA,B-1976-0025-0077,3,2,1,0,0,1,1,1664,2013,,Year Round,1177 N Northfield #77
106526,0.02,15.0,2024-05-17,2024-04-24,319990,632,0,2024-07-11,319990.0,CASH,B-1857-1104-0000,3,2,1,0,0,1,1,2187,2024,Paved,Year Round,508 S Rockwell Lane #1104
106527,0.02,15.0,2024-06-25,2024-04-24,316990,632,0,2024-08-01,316990.0,CONV,B-1857-1105-0000,3,2,1,0,0,1,1,2187,2024,Paved,Year Round,504 S Rockwell Lane #1105
106528,0.02,15.0,2024-05-17,2024-04-24,319990,632,0,2024-06-27,319990.0,CONV,B-1857-1106-0000,4,2,1,0,0,1,1,2247,2024,Paved,Year Round,498 S Rockwell Lane #1106
106529,0.02,15.0,2024-05-11,2024-04-24,319990,632,0,2024-06-27,319990.0,FHA,B-1857-1107-0000,4,2,1,0,0,1,1,2247,2024,Paved,Year Round,496 S Rockwell Lane #1107
106530,0.02,15.0,2024-06-27,2024-04-24,316990,632,0,2024-08-13,316990.0,CONV,B-1857-1108-0000,3,2,1,0,0,1,1,2187,2024,Paved,Year Round,494 S Rockwell Lane #1108
106531,0.02,15.0,2024-05-28,2024-04-24,319990,632,0,2024-06-20,319990.0,CONV,B-1857-1109-0000,3,2,1,0,0,1,1,2187,2024,Paved,Year Round,492 S Rockwell Lane #1109
106535,0.03,0.0,2024-05-15,2024-04-24,292500,0,0,2024-06-28,287500.0,CASH,B-1825-0097-0000,3,2,1,0,0,1,1,1480,2023,Paved,Year Round,3172 W 1700 #A N
106544,0.46,60.0,2024-07-19,2024-04-26,369999,965,0,2024-07-25,360000.0,CASH,A-0977-0033-0000,4,2,0,0,0,1,1,1930,2007,Paved,,4991 N Heather Hue
106545,0.26,0.0,2024-08-07,2024-04-26,479000,0,0,2024-09-11,487000.0,CASH,A-0798-0040-0000,4,2,0,0,1,1,1,2081,2024,Paved,Year Round,867 E Winchester Dr.
106546,0.24,100.0,2024-04-29,2024-04-26,398000,960,0,2024-05-29,398000.0,CONV,B-1105-0004-0005,4,2,0,0,1,1,1,1954,1977,Paved,,56 S 580 E
106548,0.26,0.0,2024-08-03,2024-04-24,419900,0,12900,2024-09-03,429990.0,CONV,B-2020-0061-0000,3,2,0,0,1,1,1,1802,2024,Paved,,4345 W 250 North Circle
106552,0.11,100.0,2024-04-30,2024-04-26,309900,1004,2500,2024-05-31,312500.0,CONV,B-1562-0014-0001,4,3,0,0,0,1,1,2008,1997,Paved,,224 E 820 S
106553,0.03,0.0,2024-05-20,2024-04-26,283900,0,4500,2024-06-18,284300.0,CONV,B-1958-0031-000B,3,2,1,0,0,1,1,1420,2020,Paved,Year Round,3045 N 225 E
106555,0.03,0.0,2024-05-15,2024-04-26,283900,0,5700,2024-06-12,284200.0,CONV,B-1958-0031-000A,3,2,1,0,0,1,1,1510,2020,Paved,Year Round,3043 N 225 E
106556,0.25,0.0,2024-05-20,2024-04-26,283900,0,4500,2024-06-18,284300.0,CONV,B-1958-0031-000C,3,2,1,0,0,1,1,1420,2020,Paved,,3047 N 225 E
106557,0.12,0.0,2024-05-08,2024-04-26,309900,0,0,2024-06-07,309900.0,VA,B-1791-0041-0001,3,2,0,0,0,1,1,1290,2006,Paved,,1396 S Northern View Drive
106558,0.15,0.0,2024-05-01,2024-04-26,319900,0,0,2024-07-08,315000.0,CONV,B-1791-0011-0001,3,2,0,0,0,1,1,1290,2005,Paved,,1511 S Southern View Drive
106565,0.36,100.0,2024-04-29,2024-04-29,515000,1117,0,2024-10-28,569390.0,CONV,B-2017-0052-0000,4,2,1,0,2,1,1,2536,2024,Paved,,166 N Sterling Dr (Lot 52 Phs 4 Crescent Hills)
106582,0.02,0.0,2024-06-07,2024-04-29,299900,0,1000,2024-07-05,303000.0,CONV,B-1857-1040-0000,3,2,0,0,1,1,1,1399,2023,Paved,Year Round,517 S May
106585,0.27,100.0,2024-05-29,2024-04-29,585000,1616,0,2024-06-28,573000.0,CASH,B-1716-0007-0000,6,3,0,0,0,1,1,3448,2002,Paved,Year Round,585 S Morningside Circle
106588,0.02,0.0,2024-05-07,2024-04-29,294900,0,0,2024-07-01,294000.0,CONV,B-2013-0044-0000,3,2,1,0,0,1,1,1500,2024,Paved,Year Round,498 W 1225 44 N
106594,0.02,0.0,2024-06-12,2024-04-30,269000,0,5380,2024-07-19,267500.0,CONV,B-2040-0018-000G,3,2,1,0,0,1,1,1242,2024,Paved,Year Round,920 S 25 E #18G
106597,0.41,100.0,2024-05-14,2024-04-30,449900,1174,7000,2024-06-13,435500.0,FHA,A-0938-0020-0000,5,3,0,0,0,1,1,2354,2005,Paved,,4725 N Halterman Road
106601,0.39,0.0,2024-05-24,2024-04-27,799000,0,0,2024-06-18,799000.0,FHA,B-2000-0007-0000,3,2,1,0,1,1,1,2614,2020,Paved,Year Round,170 S Temple Cove Drive
106602,0.02,0.0,2024-10-25,2024-04-29,175000,0,0,2024-12-11,175000.0,CONV,BUC0155078AZ-ABAC,3,2,0,0,0,1,1,1493,2024,,Year Round,780 W 1125 #55 N
106603,0.0,0.0,2024-06-21,2024-04-29,175000,0,0,2024-07-17,175000.0,CASH,BUC015070AZ-ABAC,3,2,0,0,0,1,1,1474,2024,,Year Round,780 W 1125 54 N
106610,0.52,0.0,2024-05-13,2024-04-30,350000,0,15000,2024-06-06,359500.0,VA,A-0876-0000-000T-07,3,2,0,0,0,1,1,1408,1996,Paved,,4324 N Maple Lane
106611,0.03,0.0,2024-05-01,2024-04-30,295000,0,0,2024-05-31,285000.0,CASH,B-1958-0018-000D,3,2,1,0,0,1,1,1420,2021,Paved,,3075 N 175 W
106612,2.33,0.0,2024-05-24,2024-05-01,639000,0,0,2024-06-24,620000.0,CASH,D-1218-0023-0000,4,3,0,0,1,1,1,1750,2016,Paved,,739 S North Ridge Way
106614,0.14,0.0,2024-05-04,2024-05-01,324900,0,0,2024-05-31,322000.0,CASH,B-1482-0002-0000,3,1,1,0,0,1,1,1152,1996,Paved,Year Round,792 W North Cedar Boulevard
106622,0.16,0.0,2024-10-08,2024-05-02,365000,0,3000,2024-11-07,368000.0,FHA,B-2042-0011-000E,3,2,1,0,0,1,1,1637,2024,Paved,,4511 W 300 N
106625,0.02,15.0,2024-05-18,2024-05-01,319990,632,0,2024-06-25,319990.0,FHA,B-1857-1097-0000,3,2,1,0,0,1,1,2187,2024,Paved,Year Round,542 S Rockwell Lane #1097
106626,0.02,15.0,2024-06-27,2024-05-01,316990,632,0,2024-08-13,316990.0,CONV,B-1857-1096-0000,3,2,1,0,0,1,1,2187,2024,Paved,Year Round,546 S Rockwell Lane #1096
106627,0.02,15.0,2024-06-03,2024-05-01,319990,632,0,2024-06-27,319990.0,CASH,B-1857-1095-0000,4,2,1,0,0,1,1,2247,2024,Paved,Year Round,554 S Rockwell Lane #1095
106628,0.02,15.0,2024-06-05,2024-05-01,319990,632,0,2024-07-05,319990.0,CONV,B-1857-1094-0000,4,2,1,0,0,1,1,2247,2024,Paved,Year Round,558 S Rockwell Lane #1094
106629,0.02,15.0,2024-06-28,2024-05-01,316990,632,0,2024-08-06,316990.0,FHA,B-1857-1093-0000,3,2,1,0,0,1,1,2187,2024,Paved,Year Round,560 S Rockwell Lane #1093
106630,0.02,15.0,2024-06-07,2024-05-01,321990,632,0,2024-07-12,321990.0,CONV,B-1857-1092-0000,3,2,1,0,0,1,1,2187,2024,Paved,Year Round,562 S Rockwell Lane #1092
106637,0.34,100.0,2024-06-05,2024-05-02,549900,1761,0,2024-07-12,535000.0,CONV,B-1424-0077-0000,6,3,1,0,1,1,1,3561,2000,Paved,Year Round,440 S Mesa Hills Drive
106642,0.0,0.0,2024-06-26,2024-05-02,259000,0,0,2024-07-23,255000.0,CONV,B-1976-0024-0040,2,2,0,0,0,1,1,1307,2016,Paved,Year Round,1177 N Northfield #40 Road
106644,0.17,0.0,2024-08-10,2024-05-03,490000,0,0,2024-09-25,490000.0,CONV,B-2016-0009-0000,3,2,0,0,0,1,1,1837,2024,Paved,,3334 W Spring Circle
106645,0.19,0.0,2024-08-15,2024-05-02,479000,1455,0,2024-09-04,474000.0,CASH,B-2017-0014-0000,3,2,0,0,1,1,1,3049,2024,Paved,,81 N Strathmore Ln (Lot 14 Phs 4 Crescent Hills)
106656,0.03,0.0,2024-05-02,2024-05-02,330000,0,0,2024-05-10,330000.0,CASH,B-2021-0081-0000,3,2,1,0,1,1,1,1734,2024,Paved,,668 E Fiddlers Cove Drive #81
106657,0.03,0.0,2024-05-02,2024-04-30,330000,0,0,2024-05-10,330000.0,CASH,B-2021-0082-0000,3,2,1,0,1,1,1,1734,2024,Paved,,668 E Fiddlers Cove #82
106658,0.03,0.0,2024-05-09,2024-05-02,329900,0,0,2024-06-05,329900.0,FHA,B-2021-0089-0000,3,2,1,0,1,1,1,1734,2024,Paved,,668 E Fiddlers Cove #89
106659,0.03,0.0,2024-05-09,2024-05-01,329900,0,0,2024-06-10,329900.0,CASH,B-2021-0090-0000,3,2,1,0,1,1,1,1734,2024,Paved,,668 E Fiddlers Cove #90
106663,0.5,0.0,2024-05-31,2024-05-02,549900,0,15000,2024-07-01,549900.0,VA,D-1209-000D-0013,4,2,1,0,1,1,1,2021,2006,Paved,,848 S 4475 W
106664,0.38,100.0,2024-07-11,2024-05-03,649000,0,10000,2024-08-01,649000.0,Other,B-1206-0001-0000,3,2,1,1,0,1,1,2809,2024,Paved,Year Round,242 S 2050 W
106672,0.29,100.0,2024-06-07,2024-05-03,579000,1823,0,2024-07-25,565000.0,CONV,B-1614-0005-0000,5,3,0,0,2,1,1,3660,2002,Paved,Year Round,2153 N Cliffrose
106674,0.34,100.0,2024-05-13,2024-05-03,619000,1189,0,2024-06-20,615000.0,FHA,B-1607-0031-0000,5,3,1,0,1,1,1,3742,2000,Paved,,2143 W 546 S
106675,0.1,0.0,2024-07-30,2024-05-03,335000,0,0,2024-08-01,294000.0,CASH,B-1135-000A-0002,3,2,0,0,1,1,1,1452,2020,Paved,Year Round,1121 Cedar Knolls Street #2
106681,0.43,100.0,2024-06-01,2024-05-03,369900,0,8000,2024-07-01,374000.0,VA,A-0840-0008-0018,4,2,0,0,0,1,1,1848,1996,Paved,,4751 N 1230 E
106683,0.45,0.0,2024-05-06,2024-05-03,585000,0,0,2024-06-07,585000.0,CONV,A-0944-0050-0000,4,2,1,0,1,1,1,1947,2006,Paved,,3613 N 170 E
106689,0.51,100.0,2024-05-26,2024-05-03,849900,1827,0,2024-05-31,830000.0,CASH,D-1213-000F-0012,5,4,0,0,1,1,1,4096,2020,Paved,,1318 S 4175 W
106692,3.85,25.0,2024-07-16,2024-05-01,235000,700,0,2024-07-26,0.0,CASH,E-0147-0001-0000,3,2,0,0,1,1,1,2100,1974,Paved,,4771 W 2100 N
106701,0.03,0.0,2024-05-20,2024-05-06,259900,0,7950,2024-06-25,265000.0,Other,B-1472-000B-0004,3,2,1,0,1,1,1,1515,1995,Paved,,195 E Fiddlers Canyon Rd Eagle Point Unit #8
106710,0.1,0.0,2024-06-19,2024-05-06,190000,0,0,2024-07-19,170000.0,CONV,B-1474-0019-0000,3,2,0,0,0,1,1,1573,1995,Paved,,668 W 1400 N
106718,0.03,0.0,2024-06-04,2024-05-07,317900,0,3000,2024-08-21,317900.0,CONV,B-2018-0030-0000,3,2,1,0,0,1,1,1776,2024,Paved,Year Round,2875 W Cody #30 Road
106719,0.51,100.0,2024-06-14,2024-05-07,800000,2150,0,2024-07-19,755000.0,CONV,D-1210-0028-00AM,7,4,1,0,1,1,1,4300,2017,Paved,,3820 N Monarch Drive
106720,0.43,0.0,2024-05-11,2024-05-07,549500,0,0,2024-06-05,527500.0,CASH,A-0950-0004-0000,3,2,0,0,1,1,1,1650,2017,Paved,,4833 N Sagewood Lane
106721,0.42,10.0,2024-09-09,2024-05-07,549000,2067,2500,2024-10-09,549000.0,CONV,A-0917-0068-0000,3,2,0,0,1,1,1,4134,2015,Paved,Year Round,5077 N Mountain View Circle
106728,5.09,0.0,2024-06-24,2024-05-07,650000,0,0,2024-07-15,647500.0,CASH,D-0506-0005-0000,4,2,1,0,1,1,1,1928,1999,,Year Round,2227 W 6100 N
106729,0.41,0.0,2024-05-08,2024-05-08,469900,0,0,2024-09-25,503136.0,CONV,B-2017-0047-0000,4,2,1,0,1,1,1,2300,2024,Paved,,74 N Sterling Dr (Lot 47 Phs 4 Crescent Hills)
106730,0.28,0.0,2024-05-08,2024-05-08,494950,1653,0,2024-10-07,501545.0,CONV,A-0990-0023-0000,3,2,0,0,0,1,1,3509,2024,Paved,,1048 E 4290 N (Lot 23 Phs 4 Settlers Square)
106733,5.89,0.0,2024-06-04,2024-05-08,375000,0,0,2024-09-30,360000.0,CASH,E-0685-0004-0012-011,2,1,0,0,0,1,1,896,1978,,Year Round,3306 S Comstock Road
106749,1.47,100.0,2024-06-20,2024-05-09,939900,1164,600,2024-08-19,875007.0,VA,A-5000-0009-0008,4,4,1,0,3,1,1,4242,2013,Unimproved,Year Round,1228 E High Valley View Circle
106750,0.26,25.0,2024-05-30,2024-05-09,675000,1715,0,2024-07-26,700000.0,CONV,B-2012-0209-0000,6,4,0,0,1,1,1,3719,2024,Paved,Year Round,1933 S Oak Springs Circle
106755,0.02,0.0,2024-11-23,2024-05-09,264990,0,10950,2024-12-23,263000.0,FHA,B-1917-0007-0000,3,2,1,0,0,1,1,1365,2009,Paved,Year Round,340 W 1425 N #82
106778,0.18,0.0,2024-09-09,2024-05-10,420000,0,0,2024-10-15,420000.0,CONV,B-1947-0013-0000,4,2,0,0,1,1,1,1786,2017,Paved,Year Round,1796 N Willow Lane
106780,0.29,0.0,2024-08-13,2024-05-10,389000,0,10000,2024-10-07,399000.0,VA,A-0798-0038-0000,3,2,0,0,0,1,1,1386,2024,Paved,Year Round,839 E Winchester Drive
106791,0.45,0.0,2024-08-15,2024-05-11,385000,0,0,2024-09-13,370000.0,CONV,A-0639-0046-000A-05,3,2,0,0,1,1,1,1912,2009,Paved,Year Round,251 E 335 N
106792,1.69,0.0,2024-06-19,2024-05-11,495500,0,0,2024-07-30,496000.0,CONV,D-0767-0001-0000,4,2,0,0,1,1,1,1974,2002,,Year Round,1754 N 4500 W
106793,0.03,0.0,2024-06-11,2024-05-12,57500,0,0,2024-06-26,52000.0,CASH,A-0504-0003-0004-27,1,1,0,0,0,1,1,250,1996,Paved,Year Round,427 Rhonda
106799,0.51,0.0,2024-05-13,2024-05-13,924235,0,8567,2024-10-21,924235.0,CONV,D-0535-0017-0000,5,3,1,0,1,2,1,3527,2024,Paved,,5165 N 2475 Lot 17 W
106804,1.0,0.0,2024-06-01,2024-05-13,350000,0,4017,2024-06-28,340000.0,FHA,D-1191-000D-0002,3,2,0,0,1,1,1,1642,1996,Paved,,737 N 4275 W
106818,0.2,100.0,2024-06-25,2024-05-15,350000,1298,15000,2024-07-30,355000.0,FHA,B-1135-0032-0011,5,3,0,0,1,1,1,2596,1976,Paved,Year Round,1271 S 860 W
106820,3.22,100.0,2024-08-17,2024-05-15,599900,1008,4000,2024-09-20,574000.0,CONV,A-5000-0002-0028,6,3,1,0,2,1,1,3024,2006,,Year Round,2133 S High Cedar View Dr
106824,0.51,0.0,2024-05-15,2024-05-15,634110,0,5000,2024-11-01,634110.0,CONV,D-0535-0027-0000,5,3,1,0,0,1,1,2820,2024,Paved,Year Round,5145 N 2475 Lot 27 W
106828,0.51,0.0,2024-05-18,2024-05-15,339000,0,5000,2024-06-13,339000.0,CONV,E-0843-0002-0001-411,2,1,1,0,1,2,1,1120,2021,,Year Round,4241 S Arrowhead Lane
106829,0.65,100.0,2024-07-10,2024-05-15,419900,0,5000,2024-08-06,419000.0,CONV,A-0366-0005-0043 and A-0366-0005-0044,4,2,0,0,1,1,1,1760,1998,Paved,,440 W 500 North
106830,0.46,0.0,2024-05-30,2024-05-15,499900,0,0,2024-07-02,485000.0,CONV,A-0907-0004-0000,3,2,0,0,0,1,1,1670,2023,Paved,Year Round,4272 N Tomahawk Lot4 Drive
106831,0.3,100.0,2024-06-05,2024-05-15,489900,1674,13500,2024-06-28,484000.0,FHA,B-0380-0000-0000,5,3,0,0,1,1,2,3348,1936,Paved,Year Round,237 S 400 E
106840,0.28,0.0,2024-07-16,2024-05-16,405800,0,0,2024-08-26,406000.0,CONV,A-1038-0019-0000,3,2,0,0,0,1,1,1609,2024,Paved,Year Round,5150 N Bald Eagle Drive
106844,0.28,0.0,2024-05-15,2024-05-15,469000,0,0,2024-09-24,477662.0,CASH,A-0990-0024-0000,4,2,0,0,1,1,1,1864,2024,Paved,,1034 E 4290 N (Lot 24 Phs 4 Settlers Square)
106845,0.24,0.0,2024-07-10,2024-05-16,399000,0,0,2024-07-18,399000.0,CASH,B-1801-0009-0000,4,2,0,0,0,1,1,1718,2013,Paved,Year Round,129 S 4100 W
106848,0.26,10.0,2024-11-27,2024-05-16,499900,1563,0,2024-12-20,499900.0,CONV,B-2020-0128-0000,3,2,0,0,0,1,1,3261,2024,Paved,Year Round,4661 W 250 Lot 128 N
106849,0.38,0.0,2024-05-18,2024-05-16,450000,0,0,2024-07-11,450000.0,CASH,B-2017-0048-0000,3,2,0,0,0,1,1,1541,2024,Paved,,94 N Sterling Dr (Lot 48 Phs 4 Crescent Hills)
106852,0.42,95.0,2024-07-13,2024-05-16,969900,2213,0,2024-08-12,969900.0,CASH,B-2007-0005-00AM,6,3,2,0,1,1,1,4526,2022,Paved,,2457 W Portal Hill Road
106854,0.53,0.0,2024-06-07,2024-05-17,629999,0,5000,2024-07-12,610000.0,CONV,A-0778-0006-0003,4,3,0,0,1,1,1,2662,2018,Paved,Year Round,1763 E Midvalley Road
106855,0.26,0.0,2024-06-17,2024-05-17,459900,0,0,2024-10-17,488960.0,CASH,B-2020-0129-0000,4,2,0,0,1,1,1,1864,2024,Paved,Year Round,4649 W 250 Lot 129 N
106857,0.03,0.0,2024-05-31,2024-05-17,295000,0,0,2024-07-05,295000.0,CONV,B-1958-0013-000F,3,2,1,0,0,1,1,1420,2024,Paved,Year Round,3072 N 125 E
106858,0.03,0.0,2024-05-31,2024-05-17,289900,0,0,2024-07-10,295000.0,CONV,B-1958-0013-000E,3,2,1,0,0,1,1,1420,2024,Paved,Year Round,3070 N 125 E
106861,0.03,0.0,2024-05-31,2024-05-17,289900,0,0,2024-07-05,289000.0,CASH,B-1958-0013-000C,3,2,1,0,0,1,1,1420,2024,Paved,Year Round,3066 N 125 E
106862,0.16,0.0,2024-09-20,2024-05-17,449900,0,0,2024-10-22,449900.0,FHA,B-2033-0017-0000,5,3,0,0,1,1,1,2020,2024,Paved,Year Round,1157 N Yucca Street
106868,0.27,0.0,2024-05-29,2024-05-17,459900,0,0,2024-10-02,466583.0,CONV,B-2020-0157-0000,4,2,0,0,1,1,1,1864,2024,Paved,Year Round,4535 W 200 Lot 157 N
106870,0.44,0.0,2024-06-03,2024-05-17,418000,0,0,2024-07-05,418000.0,CONV,A-2059-0001-0000,3,2,0,0,1,1,1,1819,2024,Paved,,255 S 1375 W
106889,0.02,0.0,2024-07-31,2024-05-18,264900,0,0,2024-08-29,264000.0,CONV,B-2013-0004-0000,2,2,1,0,0,1,1,1388,2021,Paved,Year Round,498 W 1225 #4 N
106892,0.35,25.0,2024-05-30,2024-05-20,450000,1429,0,2024-06-14,389000.0,CASH,B-1176-0012-0006,3,3,0,0,1,1,1,3145,1997,Paved,Year Round,109 N Roundabout Way
106893,0.02,0.0,2024-06-07,2024-05-20,279000,0,0,2024-07-01,279900.0,CONV,B-1985-0002-0017,3,2,1,0,0,1,1,1457,2017,Paved,,1677 N Main #17
106900,0.06,0.0,2024-07-11,2024-05-20,335000,0,8000,2024-08-12,330000.0,FHA,B-1566-0005-0000,3,2,0,0,0,1,1,1449,1996,Paved,Year Round,2478 W Pachea Trail
106903,0.23,100.0,2024-05-29,2024-05-20,389900,1764,0,2024-06-18,399000.0,CASH,B-1151-0004-0002-22,4,3,0,0,2,2,1,3528,1985,Paved,Year Round,1091 S 1265 W
106904,0.29,0.0,2024-07-01,2024-05-20,510000,0,5000,2024-07-29,462000.0,CONV,B-1338-0001-0069,4,1,0,1,0,1,1,1762,1992,Paved,Year Round,2223 W 350 S
106905,0.92,0.0,2024-06-28,2024-05-20,400000,0,6000,2024-08-02,400000.0,FHA,D-0621-0001-0051,3,2,0,0,0,1,1,1368,2023,Unimproved,Year Round,2649 W 3750 N
106911,0.25,0.0,2024-05-20,2024-05-20,489900,0,0,2024-10-10,489900.0,CASH,B-2031-21,4,2,0,0,1,1,1,1871,2024,,Year Round,1069 N Reese Street
106913,0.17,0.0,2024-06-20,2024-05-21,409000,0,7000,2024-07-23,385000.0,FHA,B-1803-0018-0000,5,2,0,0,1,1,1,1782,2007,Paved,,4237 W 150 N
106920,1.14,0.0,2024-10-08,2024-05-21,1500000,0,0,2024-10-29,1450000.0,CASH,A-1189-000A-0035,4,3,1,0,2,1,1,2656,2021,Paved,Year Round,841 E Kodiak Drive
106924,0.5,0.0,2024-07-03,2024-05-21,365000,0,6500,2024-08-06,348000.0,FHA,D-0518-0005-0000,3,2,0,0,0,1,1,1512,1999,Paved,Year Round,4905 N 2900 W
106927,1.16,100.0,2024-05-29,2024-05-20,899000,800,0,2024-07-05,860000.0,CASH,A-1115-0003-0043,3,3,0,0,2,1,1,3254,1975,,Year Round,1006-906 N Aspen Ski View Estate u-a b-b lot 11
106931,0.22,90.0,2024-06-14,2024-05-22,429900,1267,0,2024-07-02,429900.0,CONV,B-1124-0011-1124-141,5,3,0,0,2,1,1,2749,1955,Paved,Year Round,479 S 700 W
106932,0.26,100.0,2024-07-05,2024-05-20,449000,1542,0,2024-07-30,429000.0,CONV,B-1154-0001-0008,4,3,0,0,2,1,1,3084,1976,Paved,Year Round,1040 S Cedar Knolls W
106933,0.53,100.0,2024-09-17,2024-05-22,345000,576,0,2024-10-15,333000.0,CONV,A-0878-0010-0001,3,3,0,0,0,1,1,1728,1998,Paved,,4196 N Quarterhorse Drive
106935,0.26,90.0,2024-07-03,2024-05-22,450000,1917,12500,2024-08-02,450000.0,CONV,B-1092-0006-0000,5,3,1,0,1,1,1,3834,1965,Paved,Year Round,390 W 600 S
106946,0.11,0.0,2024-08-23,2024-05-22,315000,0,10000,2024-09-23,315000.0,CASH,B-2038-0004-000E,3,2,0,0,0,1,1,1176,2024,Paved,Year Round,501 W 2360 N
106947,1.92,0.0,2024-05-22,2024-05-22,500000,0,0,2024-06-03,507500.0,CONV,D-0730-0003-0001,4,2,0,0,1,1,1,1996,1990,Paved,,1711 W 3000 N
106961,0.33,100.0,2024-07-15,2024-05-23,490000,1365,10000,2024-08-16,485000.0,CONV,A-0976-0008-0000,3,2,0,0,0,1,1,2899,2020,Paved,Year Round,1279 E 4375 N
106965,0.66,100.0,2024-07-16,2024-05-23,680000,0,0,2024-07-29,670000.0,CONV,D-1213-000B-0006,4,3,1,0,1,1,1,2178,2015,,Year Round,1217 S 4425 W
106967,0.0,0.0,2024-07-29,2024-05-22,159000,0,500,2024-08-14,140000.0,CASH,A-1181-0207-0000,1,1,0,0,1,1,1,420,1972,,Year Round,651 S Snowflake #207
106974,0.03,0.0,2024-06-11,2024-05-23,319000,0,0,2024-06-28,319000.0,CASH,B-1179-0057-0000,3,2,1,0,1,1,1,1734,2020,Paved,,1549 N Northfield #57
106991,0.23,100.0,2024-05-30,2024-05-24,390000,1107,0,2024-07-02,394500.0,CONV,B-1151-0004-0002-21,5,3,0,0,1,1,1,2214,1992,Paved,Year Round,1075 S 1265 W
107009,0.0,0.0,2024-10-03,2024-05-25,372000,0,7400,2024-11-04,355000.0,CONV,A-1175-0024-0000,1,2,0,0,1,1,1,1240,1984,Paved,Year Round,102 S Alpine Ln. #B12 Alpine Condos #B12
107012,0.09,0.0,2024-09-17,2024-05-27,303800,0,0,2024-10-28,295000.0,CONV,B-1870-0127-000S,3,2,0,0,0,1,1,1368,2017,,Year Round,2685 N Mountain Valley Trail
107014,2.18,0.0,2024-06-24,2024-05-26,275000,0,0,2024-07-15,255000.0,CASH,C-1115-0006-0033,2,1,0,0,1,1,1,672,1983,Unimproved,Year Round,1462 N Aspen Drive
107018,0.04,0.0,2024-07-05,2024-05-27,329900,0,5525,2024-08-02,329900.0,FHA,B-2003-0021-0000,3,2,0,0,0,1,1,1454,2021,Paved,Year Round,1825 N Lund Highway #21
107019,1.23,0.0,2024-06-07,2024-05-27,999999,0,0,2024-07-08,945000.0,CASH,B-1872-0022-0000,5,3,0,0,1,1,1,3646,2020,Paved,Year Round,2045 S Eagle Ridge Loop
107025,0.28,0.0,2024-09-18,2024-05-28,480000,1548,0,2024-10-17,480000.0,CONV,A-0990-0032-0000,3,2,0,0,1,1,1,3254,2024,Paved,,1073 E 4240 N (Lot 32 Phs 4 Settlers Square)
107028,0.31,100.0,2024-10-29,2024-05-28,399000,855,0,2024-12-04,380000.0,CASH,C-0645-0241-0000,5,3,0,0,1,1,1,2370,2007,,Seasonal,2568 E 3125 S
107029,0.16,0.0,2024-07-03,2024-05-28,340000,0,0,2024-07-30,315000.0,CASH,B-1837-0011-0000,3,2,0,0,1,1,1,1680,2007,,Year Round,4209 W 300 N
107035,0.47,100.0,2024-07-06,2024-05-29,786000,1769,0,2024-09-03,749000.0,CASH,B-1769-0027-0000,6,4,0,0,1,1,1,3960,2022,Paved,Year Round,1086 E Smokey Trail Way
107037,0.43,50.0,2024-08-02,2024-05-29,405000,450,9000,2024-08-30,394000.0,VA,A-0906-0182-0000,4,2,1,0,0,1,1,2000,2004,Paved,,830 E Homestead N Boulevard
107042,0.26,50.0,2024-06-24,2024-05-30,489000,1117,0,2024-11-06,493975.0,CONV,B-2020-0151-0000,4,2,1,0,0,1,1,2536,2024,Paved,Year Round,4647 W 200 Lot 151 N
107056,0.09,100.0,2024-07-16,2024-05-30,379900,1041,10000,2024-08-27,379000.0,CONV,B-1563-0003-0001,4,4,0,0,1,1,1,2093,1996,Paved,Year Round,352 W Mountain View Drive
107060,0.1,0.0,2024-05-30,2024-05-30,417900,0,5000,2024-05-30,417900.0,CONV,B-2026-006A-0000,5,3,0,0,0,1,1,2101,2024,Paved,Year Round,713 S Liberty Cove Street
107065,0.43,100.0,2024-10-19,2024-05-27,699900,1750,0,2024-11-20,699900.0,CONV,C-1115-0007-0035,4,3,1,0,1,1,1,3500,2019,Unimproved,Seasonal,606 W Kokopelli Loop
107069,0.08,0.0,2024-05-31,2024-05-30,420000,0,0,2024-07-01,423250.0,CASH,B-2009-003A-0016,3,2,0,0,1,1,1,1631,2024,Paved,Year Round,2352 W Portal Hill #16 Road
107072,0.03,0.0,2024-06-02,2024-05-31,329000,0,0,2024-07-01,329000.0,CASH,B-1386-0095-00AM,4,2,1,0,0,1,1,1957,2021,Paved,Year Round,1559 S West Topaz #A Drive
107073,0.42,5.0,2024-06-07,2024-05-31,525000,1795,8400,2024-06-28,525000.0,FHA,A-0974-0061-0000,3,2,0,0,0,1,1,3590,2018,Paved,Year Round,4528 N Prospector Ln E Lane
107074,0.04,100.0,2024-08-21,2024-05-31,356000,700,10200,2024-09-24,340000.0,CONV,B-1898-0015-0000,4,3,1,0,0,1,1,2100,2008,Paved,Year Round,173 E Fiddlers Canyon #15
107091,0.23,0.0,2024-09-05,2024-05-31,199900,0,0,2024-10-11,207000.0,FHA,B-1011-0003-0000,3,2,0,0,0,1,1,1188,1997,Paved,Year Round,86 W Sunset Drive
107092,0.5,0.0,2024-06-13,2024-05-31,429000,0,0,2024-07-17,429000.0,CONV,d_0518-0188-0000,3,2,0,0,0,1,1,1695,2006,Paved,,5273 N 2900 W
107095,0.0,100.0,2024-05-31,2024-05-29,425000,268,0,2024-06-05,425000.0,CONV,A-1200-0BA2-0000,2,2,0,0,1,1,1,1168,2006,Paved,,74 W Ridge View B2 or BA2 #ba2
107109,1.62,0.0,2024-08-23,2024-06-03,269900,0,0,2024-08-30,250000.0,CASH,C-1135-0004-0018-03,2,1,0,0,0,1,1,880,2009,,Seasonal,971 N 725 W
107113,0.0,0.0,2024-07-17,2024-06-03,239500,0,0,2024-07-30,239000.0,CASH,A-1153-0016-0000,1,1,0,0,1,1,1,675,1980,Paved,Year Round,385 S Vasels (fka Brian Head Blvd) #16
107114,0.1,0.0,2024-07-09,2024-06-03,429000,0,5000,2024-07-29,429000.0,CONV,B-2026-007A-0000,5,3,0,0,0,1,1,2277,2024,Paved,Year Round,695 S Liberty Cove Drive
107115,0.11,0.0,2024-07-28,2024-06-03,413900,0,8192,2024-09-06,408775.51,CONV,B-2026-012B-0000,5,3,0,0,0,1,1,2101,2024,Paved,Year Round,776 S Liberty Cove Drive
107119,0.46,0.0,2024-06-28,2024-06-03,400000,0,1000,2024-07-09,394000.0,CASH,C-0645-0230-0000,3,2,0,0,1,1,1,1965,2007,,Seasonal,3148 S 2650 E
107121,0.62,0.0,2024-08-13,2024-06-03,405000,0,7000,2024-09-18,405000.0,VA,A-0779-0010-0009,3,2,0,0,1,1,1,1684,1999,Paved,Year Round,4429 Sagebrush
107122,0.29,100.0,2024-10-02,2024-06-04,650000,2330,0,2024-10-21,640000.0,CASH,B-1132-0007-0024,6,3,0,0,1,1,1,4772,1993,Paved,Year Round,696 S St James Place
107124,0.16,50.0,2024-08-12,2024-06-04,250000,500,0,2024-08-22,220000.0,CASH,B-0005-0001-0007,3,1,0,0,0,1,1,1515,1972,Paved,Year Round,345 N 1500 W
107125,0.02,0.0,2024-09-20,2024-06-04,209000,0,7000,2024-11-01,205000.0,FHA,B-1323-0036-0000,2,1,1,0,0,1,1,986,1984,Paved,Year Round,101 N 1850 #36 W
107126,0.12,0.0,2024-06-28,2024-06-04,370000,0,0,2024-08-01,365000.0,CONV,B-1832-0030-000W,3,2,1,0,1,1,1,1848,2012,Paved,Year Round,1285 W 1600 S
107128,0.66,100.0,2024-07-05,2024-06-04,425000,1056,0,2024-08-30,412500.0,CONV,A-0878-0008-0021,5,2,0,0,1,1,1,2112,1978,Paved,,182 Spanish Trail Drive
107140,0.33,100.0,2024-09-07,2024-06-04,499900,0,0,2024-09-24,500000.0,CASH,B-1896-0008-0000,3,3,0,0,2,1,1,3825,2010,Paved,Year Round,3466 W Hidden Hills Loop
107141,0.11,100.0,2024-06-06,2024-06-05,318900,0,0,2024-06-26,311000.0,CASH,B-1379-0019-0001,4,2,1,0,0,1,1,1460,1995,Paved,,996 W Greens Lake Drive
107150,0.55,0.0,2024-10-09,2024-06-05,389900,0,0,2024-10-30,380000.0,CASH,A-0626-0002-0000,3,2,0,0,1,1,1,1800,2020,Paved,,295 West 200 South
107158,0.03,0.0,2024-06-14,2024-06-06,329800,0,0,2024-07-05,329800.0,VA,B-1386-0070-0000,4,2,1,0,0,1,1,1957,2019,Paved,Year Round,1476 W Topaz #A
107163,0.19,0.0,2024-07-12,2024-06-07,575000,0,0,2024-08-30,575000.0,CONV,B-2016-0016-0000,4,3,0,0,0,1,1,2504,2024,Paved,,3333 W Sun W Circle
107164,0.26,100.0,2024-07-12,2024-06-06,475000,1376,0,2024-08-16,455000.0,CONV,B-1135-0089-0009,6,3,0,0,1,1,1,3056,1997,Paved,Year Round,1261 W 1225 S
107166,0.21,0.0,2024-06-11,2024-06-06,388750,0,6000,2024-07-08,388750.0,FHA,B-1832-0033-000W,3,2,1,0,0,1,1,1620,2013,Paved,Year Round,1401 W 1600 S
107170,0.41,100.0,2024-08-26,2024-06-07,434000,594,15000,2024-09-17,440000.0,CONV,B-1065-0002-0000,4,2,0,0,1,1,1,1936,1966,Paved,Year Round,44 S Ridge Road
107173,0.03,0.0,2024-09-20,2024-06-06,314900,0,0,2024-10-17,0.0,CONV,B-2018-0039-0000,3,2,1,0,0,1,1,1776,2024,Paved,Year Round,2875 W Cody #39 Drive
107174,0.03,0.0,2024-09-20,2024-06-07,319900,0,0,2024-10-15,0.0,CASH,B-2018-0040-0000,3,2,1,0,0,1,1,1776,2024,Paved,Year Round,2875 W Cody #40 Drive
107178,0.3,100.0,2024-09-19,2024-06-07,629900,1999,0,2024-10-22,627500.0,CASH,B-1770-0035-0000,4,3,0,0,2,1,1,3998,2005,Paved,Year Round,523 E Hillview Drive
107185,0.22,100.0,2024-06-14,2024-06-07,500000,300,0,2024-06-27,510000.0,CASH,B-1153-0015-0000,3,3,0,0,2,1,1,2372,1977,Paved,,2171 W Meadow Street
107186,0.27,0.0,2024-06-30,2024-06-07,449900,0,4000,2024-07-31,425000.0,VA,B-1338-0001-0074,3,2,0,0,1,1,1,1821,2001,Paved,,2129 W 370 S
107191,0.44,0.0,2024-07-09,2024-06-09,680000,0,0,2024-07-30,650000.0,CONV,A-2065-001-0000,3,2,0,0,0,1,1,2498,2024,Paved,Year Round,699 S 1600 W
107192,0.35,0.0,2024-06-17,2024-06-10,450000,0,0,2024-08-05,410000.0,CONV,B-0065-0120-0000,3,2,0,0,0,1,1,1638,2020,Paved,,424 N Foothill Drive
107196,0.59,0.0,2024-10-08,2024-06-10,399000,0,0,2024-11-22,399000.0,CONV,D-0518-0087-0000,5,4,0,0,1,1,1,2595,2000,Paved,Year Round,2746 W 5325 N
107200,0.0,0.0,2024-07-24,2024-06-07,334900,0,1350,2024-08-02,327500.0,CONV,A-1175-0020-0000,1,2,0,0,1,1,1,1118,1984,,Year Round,102 S Alpine #B-8 Lane
107205,0.28,100.0,2024-09-18,2024-06-10,669900,1223,19900,2024-10-15,669900.0,CONV,B-1857-0027-0059,6,3,1,0,0,1,1,3733,2022,Paved,,3553 W Foundation Trail
107207,0.28,0.0,2024-08-28,2024-06-07,399900,0,0,2024-09-24,409000.0,CONV,A-1035-0026-0000,3,2,0,0,0,1,1,1549,2024,Paved,Year Round,4916 N 10 E
107210,0.02,0.0,2024-07-10,2024-06-10,139999,0,0,2024-08-13,135000.0,CONV,A-1182-000A-0110,0,1,0,0,1,1,1,458,1991,Paved,Year Round,286 W Eagles Roost Cedar Village #a-110
107211,0.19,100.0,2024-06-27,2024-06-10,459000,1152,16000,2024-08-02,465000.0,FHA,B-1158-0001-0003,7,-1,0,2,0,2,1,2704,1979,Paved,Year Round,336 W Sunbow Street
107222,2.63,90.0,2024-08-26,2024-06-12,624900,1774,20000,2024-09-25,615000.0,CONV,E-0209-0001-0010-23,5,3,0,0,0,1,1,3788,2015,Paved,Year Round,1038 S 4575 W
107223,0.46,100.0,2024-06-25,2024-06-11,419000,1100,10000,2024-07-25,415000.0,CONV,A-0874-0000-000B-07,5,2,1,0,0,1,1,2236,1978,Paved,,4449 N Magnolia Drive
107224,0.26,0.0,2024-10-16,2024-06-12,399900,0,0,2024-11-04,399900.0,CONV,A-1035-0020-0000,3,2,0,0,0,1,1,1549,2024,Paved,Year Round,4964 N 75 E
107226,0.12,0.0,2024-06-12,2024-06-12,383635,0,0,2024-11-07,385740.0,CASH,B-2029-0018-000W,3,2,0,0,0,1,1,1448,2024,Paved,Year Round,364 W Rosie Loop Lot 18W
107227,0.23,0.0,2024-08-28,2024-06-12,499990,0,0,2024-09-30,495000.0,CONV,B-1212-0018-0000,4,2,1,0,1,1,1,1812,2024,Paved,Year Round,2878 W Eagle Drive
107230,0.28,90.0,2024-06-18,2024-06-12,399900,450,11615,2024-07-26,418900.0,CONV,B-1120-0006-1120-29,4,2,1,0,1,1,1,1796,1955,Paved,,447 Kayenta Circle
107231,0.03,0.0,2024-07-27,2024-06-11,129900,0,5500,2024-08-22,129900.0,CONV,A-0504-0003-0002-08,2,1,0,0,0,1,1,740,1992,Paved,,208 Beth
107239,0.39,75.0,2024-11-16,2024-06-10,295000,281,5000,2024-12-30,281500.0,FHA,A-0442-0001-0000,3,1,0,0,1,1,1,1404,1924,Paved,Year Round,24 S 500 W
107242,0.03,0.0,2024-09-19,2024-06-12,319900,0,0,2024-10-17,0.0,CONV,B-2018-0037-0000,3,2,1,0,0,1,1,1776,2024,Paved,Year Round,2875 W Cody #37 Drive
107249,0.12,0.0,2024-06-13,2024-06-13,370285,0,0,2024-08-30,370285.0,CASH,B-2029-0017-000E,3,2,0,0,0,1,1,1448,2024,Paved,Year Round,343 W Bradley Lot 17E Lane
107253,0.47,100.0,2024-06-14,2024-06-14,1299000,860,10000,2024-07-12,1270000.0,CASH,A-1184-0072-0000,4,3,1,0,1,1,1,3440,1997,Paved,Seasonal,497 W Yarrow Court
107254,0.17,100.0,2024-06-18,2024-06-14,399900,910,0,2024-07-15,395000.0,CONV,B-0027-0007-0001,4,2,0,0,1,1,1,1820,1948,Paved,,397 N 400 W
107258,1.08,0.01,2024-09-18,2024-06-14,350000,1011,0,2024-10-28,320000.0,CONV,A-0639-0022-0000,2,1,0,0,1,1,1,2097,1923,,Year Round,395 E 270 N
107259,0.03,0.0,2024-07-22,2024-06-14,336700,0,0,2024-08-08,336700.0,CONV,B-2021-0052-0000,3,2,1,0,1,1,1,1734,2023,Paved,Year Round,668 E Fiddlers Cove #52
107261,1.13,100.0,2024-09-04,2024-06-14,847500,758,0,2024-10-03,830000.0,CONV,D-1024-0002-0022,4,4,1,0,2,1,1,3212,2006,Unimproved,Year Round,1998 S High Spruce Circle
107266,20.0,100.0,2024-09-04,2024-06-14,1190000,1398,0,2024-10-11,1000000.0,CONV,C-1075-0002-0000,4,1,0,2,1,1,1,3696,2000,Paved,,896 W 625 S
107272,0.18,0.0,2024-06-15,2024-06-15,349900,0,10000,2024-07-15,349900.0,CONV,B-1833-0021-0000,3,2,0,0,0,1,1,1337,2006,Paved,,418 W 2050 N
107273,0.27,0.0,2024-06-19,2024-06-15,519900,0,0,2024-07-25,519900.0,CONV,B-1113-000A-0009,5,3,1,0,1,1,2,2696,2013,,Year Round,18 S 1650 W
107279,0.5,0.0,2024-06-17,2024-06-17,335000,0,0,2024-07-09,335000.0,CONV,D-1189-000C-0014,3,2,0,0,0,1,1,1296,1994,Paved,,4186 W 475 N
107293,0.51,5.0,2024-08-05,2024-06-18,464900,1471,0,2024-08-29,460000.0,FHA,D-1211-0020-0000,3,3,0,0,0,1,1,2942,2018,Paved,,2438 W 4875 N
107294,0.18,0.0,2024-09-13,2024-06-18,434900,0,0,2024-09-24,425000.0,CASH,B-1996-0001-0000,4,2,0,0,0,1,1,1698,2019,Paved,,2855 W Taba Drive
107313,0.24,0.0,2024-10-04,2024-06-18,474900,0,0,2024-10-29,470000.0,CONV,A-0798-0034-0000,4,2,1,0,1,1,1,1930,2024,Paved,,4940 N Winchester Drive
107314,0.43,90.0,2024-07-23,2024-06-19,439900,1092,10000,2024-09-03,440000.0,FHA,A-0840-0008-0003,4,3,0,0,0,1,1,2201,1997,Paved,,4748 N Quickdraw Ln
107324,0.62,0.0,2024-07-26,2024-06-19,275900,0,0,2024-08-22,265000.0,FHA,A-0876-0000-000Q-25,3,2,0,0,0,1,1,1080,2000,Paved,,4340 N Sunshine Circle
107327,0.12,0.0,2024-06-23,2024-06-19,375000,0,0,2024-07-12,360000.0,CASH,B-1832-0037-0000,3,2,1,0,0,1,1,1690,2006,Paved,Year Round,1312 W 1650 S
107331,0.3,0.0,2024-06-20,2024-06-20,442000,0,0,2024-10-25,449900.0,FHA,B-2020-0147-0000,3,2,0,0,0,1,1,1700,2024,Paved,Year Round,4692 W 200 Lot 147 N
107336,0.09,0.0,2024-08-07,2024-06-20,305000,0,7000,2024-08-30,302500.0,FHA,B-1870-0094-000N,3,2,0,0,0,1,1,1362,2018,Paved,Year Round,2739 N Clark Park Way
107351,0.23,100.0,2024-06-22,2024-06-21,605000,1757,0,2024-07-31,605000.0,CONV,B-1735-0015-0000,5,3,0,0,1,1,1,3547,2003,Paved,,754 S 1950 W Circle
107352,0.02,0.0,2024-07-22,2024-06-21,249900,0,0,2024-07-30,245000.0,CASH,B-1742-0035-0000,3,2,1,0,0,1,1,1365,2004,Paved,Year Round,1148 N Northfield #35 Road
107356,0.02,0.0,2024-09-19,2024-06-21,230000,0,0,2024-09-30,185000.0,CASH,B-1960-0004-000A,3,2,1,0,0,1,1,1258,2007,Paved,Year Round,920 S 25 4A E
107366,0.19,0.0,2024-07-19,2024-06-21,509000,1610,0,2024-08-14,500000.0,CONV,B-2017-0013-0000,3,2,0,0,1,1,1,3370,2024,Paved,,97 N Strathmore Ln (Lot 13 Phs 4 Crescent Hills)
107375,0.09,0.0,2024-07-14,2024-06-23,225000,0,0,2024-07-25,218000.0,CONV,B-1893-0014-0001,2,1,0,0,0,1,1,758,2007,Paved,Year Round,1913 N 550 W
107387,0.0,0.0,2024-08-27,2024-06-24,185000,0,0,2024-10-01,185000.0,CASH,0,4,2,0,0,0,1,1,1560,2024,Paved,Year Round,780 W 1125 #115 N
107388,2.74,100.0,2024-09-30,2024-06-24,449000,1092,19728,2024-11-04,440000.0,CONV,D-0456-1017-0000,6,2,0,0,1,1,1,2184,2017,Unimproved,Year Round,5948 N 4200 W
107389,0.5,0.0,2024-07-31,2024-06-24,689900,0,1500,2024-08-23,689900.0,CONV,D-1209-000E-0012,4,2,1,0,0,1,1,2323,2024,Paved,Year Round,1173 S 4475 W
107403,0.03,0.0,2024-07-26,2024-06-26,299900,0,8000,2024-08-29,299900.0,CONV,B-1958-0021-000A,3,2,1,0,1,1,1,1430,2023,Paved,Year Round,3029 N 175 E
107411,0.13,0.0,2024-08-16,2024-06-26,405000,0,0,2024-11-20,405000.0,CONV,B-2046-001S-0000,3,2,0,0,0,1,1,1720,2024,Paved,Year Round,1841 N Golden Eagle
107422,0.26,0.0,2024-09-26,2024-06-26,530000,0,4000,2024-10-31,515000.0,CONV,B-1829-0005-0000,4,2,1,0,1,1,1,2073,2007,Paved,,98 S Glen Canyon Drive
107435,0.0,0.0,2024-07-09,2024-06-27,75000,0,0,2024-08-16,75000.0,Other,VIN#CAVAZL2984106X,3,2,0,0,0,1,1,1000,1998,Paved,Year Round,3890 N Minersville HWY #4
107442,0.11,0.0,2024-07-21,2024-06-27,315000,0,21000,2024-08-23,315000.0,CONV,B-2038-0003-000E,3,2,0,0,0,1,1,1176,2024,Paved,Year Round,475 W 2360 N
107448,0.0,100.0,2024-10-14,2024-06-27,145000,0,0,2024-11-06,130000.0,CASH,A-1176-0002-0001,0,1,0,0,1,1,1,420,1984,Paved,Year Round,464 N Highway 143 143 #a201 Timberbrook Village
107449,0.11,0.0,2024-07-25,2024-06-27,430000,0,0,2024-08-19,430000.0,CASH,B-1895-0026-0000,3,2,0,0,1,1,1,1419,2021,Paved,Year Round,2372 W Clubhouse Loop W
107452,20.0,100.0,2024-07-24,2024-06-26,1399000,1296,0,2024-09-27,1399000.0,CONV,E-0395-0017-0000,6,3,0,2,1,1,2,4442,2007,Unimproved,Year Round,1264 S Taylor Mtn Rd Road
107453,0.41,100.0,2024-08-09,2024-06-28,550000,1994,0,2024-08-31,530000.0,CONV,A-0945-0003-0000,7,3,1,0,1,1,1,3876,2009,Paved,Year Round,652 E 5020 N
107458,0.0,0.0,2024-07-19,2024-06-28,243900,0,0,2024-07-31,230000.0,CASH,A-1153-0002-0000,1,1,0,0,1,1,1,628,1980,Paved,Year Round,385 S Vasels (FKA Brian Head Blvd) #2 Road
107459,0.25,100.0,2024-07-22,2024-06-28,435000,978,8000,2024-08-16,430000.0,VA,B-1176-0006-0002,4,3,0,0,0,1,1,2447,1994,Paved,Year Round,139 N Beacon Drive
107460,0.02,15.0,2024-07-10,2024-06-28,334990,632,0,2024-08-20,334990.0,FHA,B-1857-1085-0000,3,2,1,0,0,1,1,2187,2024,Paved,Year Round,2957 W Graham Loop #1085
107461,0.02,15.0,2024-06-29,2024-06-28,319990,632,0,2024-08-29,319990.0,FHA,B-1857-1086-0000,3,2,1,0,0,1,1,2187,2024,Paved,Year Round,2961 W Graham Loop #1086
107463,0.02,15.0,2024-07-06,2024-06-28,334990,632,0,2024-08-13,334990.0,CONV,B-1857-1087-0000,4,2,1,0,0,1,1,2247,2024,Paved,Year Round,2963 W Graham Loop #1087
107464,0.02,15.0,2024-06-29,2024-06-28,319990,632,0,2024-08-08,319990.0,CONV,B-1857-1088-0000,3,2,1,0,0,1,1,2187,2024,Paved,Year Round,2967 W Graham Loop #1088
107466,0.02,15.0,2024-06-29,2024-06-28,319990,632,0,2024-08-07,319990.0,CONV,B-1857-1090-0000,3,2,1,0,0,1,1,2187,2024,Paved,Year Round,2981 W Graham Loop #1090
107478,0.73,100.0,2024-10-02,2024-06-29,879000,576,0,2024-11-22,860000.0,CASH,A-1210-009A-0000,3,2,1,0,1,1,1,2148,2008,Paved,Year Round,177 N Hidden Lake Road
107479,0.02,15.0,2024-07-10,2024-06-28,334990,632,0,2024-08-27,334990.0,FHA,B-1857-1091-0000,3,2,1,0,0,1,1,2187,2024,Paved,Year Round,2987 W Graham Loop #1091
107496,0.25,100.0,2024-08-22,2024-07-01,494900,1356,0,2024-09-01,488000.0,CASH,B-0003-0005-0015,5,3,1,0,2,1,1,3202,1978,Paved,Year Round,372 W 970 N
107498,0.32,0.0,2024-08-02,2024-07-02,419500,0,4000,2024-08-23,419500.0,CONV,A-1038-0009-0000,3,2,0,0,0,1,1,1627,2024,Paved,Year Round,5093 N Bald Eagle Drive
107526,0.29,0.0,2024-07-03,2024-07-03,450000,0,0,2024-11-08,451730.0,FHA,B-2020-0126-0000,4,2,0,0,0,1,1,1864,2024,Paved,Year Round,4697 W 250 Lot 126 N
107530,0.43,100.0,2024-09-14,2024-07-03,369000,718,7000,2024-10-16,365000.0,FHA,A-0840-0003-0005,4,2,1,0,0,1,1,1801,1999,Paved,,4544 N Marshal Trail
107531,0.03,0.0,2024-07-23,2024-07-03,324500,0,6500,2024-08-16,324500.0,CONV,B-2018-0017-0000,3,2,1,0,0,1,1,1810,2023,Paved,,2875 W Cody #17 Drive
107532,0.93,100.0,2024-07-09,2024-07-03,500000,1317,0,2024-08-05,495000.0,VA,E-0843-0002-009A,4,2,1,0,1,1,1,2634,2010,,Year Round,4151 S Artifact Drive
107534,0.16,100.0,2024-10-11,2024-07-01,314900,912,0,2024-11-07,314900.0,FHA,B-0023-0004-0000,4,2,0,0,1,1,1,1824,1971,Paved,,1199 Brook Street
107542,0.32,0.0,2024-09-04,2024-07-03,399900,0,0,2024-10-12,0.0,Other,A-1038-0010-0000,3,2,0,0,0,1,1,1638,2024,Paved,Year Round,5119 N Bald Eagle Drive
107545,0.08,0.0,2024-08-02,2024-07-03,309000,0,0,2024-08-28,310500.0,CONV,B-1870-0131-000N,3,2,1,0,0,1,1,1577,2019,Paved,Year Round,2668 N Clark Parkway
107556,0.2,0.0,2024-10-21,2024-07-03,405000,0,0,2024-11-26,397000.0,CONV,B-1870-0069-0000,3,2,1,0,0,1,1,1478,2012,Paved,Year Round,1816 W Gemini Meadows Lane
107560,0.26,100.0,2024-08-15,2024-07-05,384900,1008,600,2024-09-13,394900.0,FHA,B-1103-0020-0001,4,2,0,0,2,1,1,2016,1955,Paved,Year Round,195 Monterey Drive
107564,0.19,10.0,2024-11-09,2024-07-05,418000,1566,8500,2024-12-06,421500.0,FHA,B-1797-0010-0000,3,2,0,0,1,1,1,3132,2005,Paved,,4109 W 250 N
107576,0.03,0.0,2024-08-20,2024-07-05,249000,0,0,2024-09-11,230000.0,CASH,B-1386-0021-0000,2,2,1,0,0,1,1,1424,2019,Paved,Year Round,1580 S 1450 Topaz #d;;;1580 #d W
107584,0.02,0.0,2024-09-05,2024-07-08,292500,0,7375,2024-10-11,295000.0,CONV,B-1386-0033-0000,3,2,1,0,0,1,1,1620,2020,Paved,Year Round,1583 S 1500 #B W
107593,0.35,0.0,2024-11-06,2024-07-08,359000,450,0,2024-11-22,352000.0,CONV,A-0449-0000-0000,3,2,0,0,2,1,1,2342,1918,Paved,,112 S 500 W
107599,0.21,50.0,2024-10-25,2024-07-08,399000,336,0,2024-11-22,399000.0,CONV,A-1148-0003-0001-01,3,1,0,0,1,1,1,1624,1963,Paved,Year Round,1039 S Nordic Court
107602,0.39,100.0,2024-09-05,2024-07-08,464000,1254,0,2024-09-30,460000.0,VA,A-0223-0001-0000,4,2,1,0,3,1,1,2498,1974,Paved,Year Round,170 N 100 E
107607,0.43,0.0,2024-07-17,2024-07-09,250000,0,0,2024-08-13,220500.0,CASH,A-0332-0000-0000,2,2,0,0,0,1,1,1308,1922,Paved,,290 N 200 E
107616,0.08,0.0,2024-08-22,2024-07-10,299000,0,10000,2024-09-26,299000.0,CONV,B-1870-0141-000S,3,2,1,0,0,1,1,1287,2019,Paved,Year Round,2636 N Shady Place
107617,0.24,75.0,2024-11-04,2024-07-10,515000,1717,0,2024-11-26,480000.0,CONV,B-1208-0005-0005,4,3,0,0,0,1,1,3499,1998,Paved,Year Round,2113 N Buckboard Drive
107625,0.55,0.0,2024-08-24,2024-07-11,365000,0,5000,2024-09-26,360000.0,CONV,E-0147-0036-0000,3,2,0,0,1,1,1,1404,2002,Unimproved,Year Round,2067 N 4650 W
107644,0.28,0.0,2024-08-23,2024-07-12,469900,0,18000,2024-09-20,477000.0,VA,A-1034-0009-0000,3,2,0,0,0,1,1,1769,2022,Paved,,1080 E Southern Homestead Boulevard
107664,0.08,0.0,2024-07-16,2024-07-16,320000,0,0,2024-08-02,320000.0,CONV,B-1870-0093-000S,3,2,1,0,0,1,1,1657,2020,Paved,,2736 N Clark Parkway
107665,0.23,100.0,2024-08-29,2024-07-15,429000,1200,0,2024-09-12,422000.0,CASH,B-0065-0053-0000,4,2,1,0,2,1,1,2400,1961,Paved,Year Round,210 N Highland Drive
107668,0.27,100.0,2024-07-25,2024-07-15,630000,2117,12000,2024-08-27,630000.0,VA,B-1782-0003-0000,7,3,0,0,1,1,1,4234,2005,Paved,,3764 W 1375 N
107672,0.13,0.0,2024-07-27,2024-07-15,344500,0,5000,2024-08-30,344500.0,CONV,B-1791-0009-0000,3,2,0,0,0,1,1,1290,2005,Paved,,1469 S Northern View Dr
107674,0.53,0.0,2024-08-28,2024-07-15,195000,0,0,2024-09-12,175000.0,CASH,D-0527-0001-0002-07,3,2,0,0,1,1,1,1080,1994,Paved,Year Round,2736 W 5025 N
107675,0.04,0.0,2024-11-21,2024-07-15,335000,0,0,2024-12-18,325000.0,CASH,B-2003-0015-0000,3,2,0,0,1,1,1,1454,2020,Paved,Year Round,1825 N Lund Highway #15
107681,0.16,1548.0,2024-10-29,2024-07-16,559000,1586,10000,2024-12-05,554500.0,CONV,B-1613-0005-0000,6,3,0,0,2,1,1,3172,2001,Paved,Year Round,639 S Legacy Park Ave
107682,0.1,0.0,2024-11-18,2024-07-16,429000,0,6067,2024-12-16,429000.0,CONV,B-2026-007B-0000,5,3,0,0,0,1,1,2277,2024,Paved,Year Round,693 S Liberty Cove Drive
107688,0.12,0.0,2024-09-09,2024-07-16,374150,0,4037,2024-11-05,371150.0,FHA,B-2029-0018-000E,3,2,0,0,0,1,1,1448,2024,Paved,Year Round,356 W Rosie Lot 18E Loop
107693,0.29,80.0,2024-07-16,2024-07-16,620000,1936,0,2024-12-10,628250.0,CASH,B-2012-0823-0000,5,3,0,0,1,1,1,3872,2024,Paved,,1923 S Harvest Lane
107698,1.09,100.0,2024-08-05,2024-07-16,544900,2183,10000,2024-08-30,530000.0,FHA,A-0758-0002-0003,6,3,1,0,1,1,1,4200,2003,Paved,,5088 N Veterans Memorial Dr
107707,0.0,0.0,2024-08-18,2024-07-17,139000,0,0,2024-09-19,135000.0,Own Fin,A-1176-000B-0202,0,1,0,0,1,1,1,420,1984,Paved,,464 N Highway 143 #B202
107716,1.25,100.0,2024-10-28,2024-07-17,420000,1025,5000,2024-11-29,425000.0,FHA,D-0456-0686-0000,5,3,0,0,0,1,1,2050,2017,,Year Round,5946 N 4275 W
107718,0.1,0.0,2024-08-16,2024-07-17,465000,0,1500,2024-09-12,465000.0,CASH,B-1895-0013-0000,3,2,0,0,1,1,1,1726,2016,Paved,Year Round,2398 W Crescent Heights S Drive
107721,0.25,5.0,2024-10-22,2024-07-18,410000,1273,0,2024-11-13,400000.0,CASH,B-1395-0003-0002,3,1,0,1,0,1,1,3019,1995,Paved,Year Round,2219 N Sumack Circle
107723,0.25,0.0,2024-07-26,2024-07-18,425000,0,8000,2024-08-28,425000.0,CONV,A-1035-0011-0000,3,2,0,0,0,1,1,1799,2024,Paved,,4953 N 75 E
107728,0.24,0.0,2024-07-18,2024-07-16,490000,1650,5000,2024-09-19,493400.0,CONV,B-1857-0027-0117,3,2,0,0,0,1,1,3300,2024,Paved,Year Round,548 S Foundation Trail
107732,0.24,0.0,2024-08-15,2024-07-18,435900,0,14000,2024-09-23,437000.0,VA,B-1857-0027-0119,3,2,0,0,0,1,1,1769,2024,Paved,Year Round,572 S Foundation Trail
107734,0.29,0.0,2024-07-26,2024-07-18,530000,0,7500,2024-08-28,530000.0,VA,D-1216-0023-0000,4,2,0,0,1,1,1,1854,2018,Paved,Year Round,3678 N Monarch Drive
107735,0.23,0.0,2024-12-05,2024-07-18,435900,0,0,2024-12-27,435900.0,CASH,B-1857-0027-0104,3,2,0,0,0,1,1,1769,2024,Paved,Year Round,656 S Foundation Trail
107738,0.1,0.0,2024-09-16,2024-07-19,349900,0,7100,2024-10-15,352000.0,FHA,B-1013-0002-0002,3,2,0,0,0,1,1,1550,2017,Paved,,692 S 75 E
107739,0.36,0.0,2024-09-19,2024-07-19,484900,0,7500,2024-10-18,484900.0,CONV,B-2017-0050-0000,4,2,0,0,1,1,1,1864,2024,Paved,,132 N Sterling Dr (Lot 50 Phs 4 Crescent Hills)
107741,0.26,0.0,2024-08-01,2024-07-19,399450,0,0,2024-08-30,405000.0,FHA,A-0798-0041-0000,3,2,0,0,0,1,1,1406,2024,Paved,Year Round,881 E Winchester Lot 41 Drive
107747,0.26,40.0,2024-07-19,2024-07-19,509000,1681,0,2024-11-21,566000.0,CONV,B-2020-0150-0000,5,3,0,0,1,1,1,3545,2024,Paved,Year Round,4663 W 200 Lot 150 N
107764,0.1,0.0,2024-08-07,2024-07-23,305000,0,5175,2024-09-13,305000.0,CASH,B-1870-0006-0000,3,2,1,0,1,1,1,1614,2006,Paved,Year Round,2978 N Gemini Meadows Lane
107765,0.46,65.0,2024-10-29,2024-07-22,360000,1008,0,2024-11-25,350000.0,CONV,A-0840-0005-0013,5,2,0,0,0,1,1,2016,1985,Paved,,4669 N Marshal Trail
107767,0.46,0.0,2024-09-18,2024-07-22,395000,432,0,2024-10-30,375000.0,CONV,A-0941-0021-0000,3,1,1,0,0,1,1,1909,2006,Paved,,1945 E Saddleback View E Drive
107773,0.28,0.0,2024-11-12,2024-07-23,677000,0,0,2024-12-27,675000.0,CONV,B-2012-0924-0000,4,3,0,0,1,1,1,2242,2024,Paved,Year Round,1825 S Hidden Canyon Road
107777,0.5,0.0,2024-08-28,2024-07-23,554800,1920,0,2024-10-25,554800.0,CASH,D-1214-0007-0000,3,2,0,0,0,1,1,3840,2024,Paved,Year Round,2337 W 4925 N
107778,0.03,0.0,2024-11-07,2024-07-23,285000,0,0,2024-12-13,282000.0,CONV,B-1958-0007-000H,3,2,1,0,0,1,1,1430,2018,Paved,Year Round,138 E 3025 N
107788,0.25,100.0,2024-09-20,2024-07-24,585000,1822,0,2024-10-11,610000.0,CASH,B-1688-0054-0000,3,2,1,0,2,1,1,3683,2007,Paved,Year Round,2823 N 175 W
107790,0.44,0.0,2024-07-25,2024-07-22,829500,0,0,2024-09-11,829500.0,CASH,B-2012-0842-0000,4,2,0,0,1,1,1,2719,2024,Paved,Year Round,3046 W Rock Ridge Road
107792,0.02,0.0,2024-08-13,2024-07-24,276900,0,0,2024-09-20,260000.0,CONV,B-1917-0004-0000,3,2,1,0,0,1,1,1365,2009,Paved,Year Round,340 W 1425 #85 N
107795,0.17,95.0,2024-08-02,2024-07-24,369900,1056,5000,2024-08-26,360000.0,CONV,B-0001-0009-0019-323,5,1,0,2,0,1,1,2138,1980,Paved,,338 W 1725 N
107808,0.03,80.0,2024-09-27,2024-07-25,344990,632,0,2024-11-07,344990.0,CONV,B-1857-1197-0000,3,2,1,0,0,1,1,2187,2024,Paved,Year Round,2939 W LaGrand Street #1197
107811,0.03,80.0,2024-09-10,2024-07-25,339990,632,0,2024-10-22,339990.0,FHA,B-1857-1198-0000,3,2,1,0,0,1,1,2187,2024,Paved,Year Round,2935 W LaGrand Street #1198
107813,0.3,0.0,2024-10-18,2024-07-26,645000,0,10000,2024-11-08,645000.0,CONV,B-2020-0076-0000,5,3,0,0,0,1,1,2631,2024,Paved,,4390 W 200 N
107814,0.03,80.0,2024-08-02,2024-07-25,359390,632,0,2024-09-17,359390.0,FHA,B-1857-1199-0000,4,2,1,0,0,1,1,2247,2024,Paved,Year Round,2931 W LaGrand Street #1199
107849,0.47,85.0,2024-11-03,2024-07-27,439000,672,0,2024-12-17,390000.0,CONV,A-1211-0034-0000,1,1,0,0,1,1,1,1800,1999,,Year Round,261 N Falcon Ct. CBME unit C lot 34
107856,5.85,50.0,2024-10-21,2024-07-29,1264000,2551,0,2024-11-18,1239000.0,CASH,E-0171-0002-0005,5,3,1,0,1,1,1,5103,2023,Paved,Year Round,1548 N 6775 W
107858,0.26,90.0,2024-07-29,2024-07-29,469900,1117,0,2024-12-13,479985.0,CONV,B-2020-0127-0000,4,2,1,0,0,1,1,2536,2024,Paved,Year Round,4679 W 250 Lot 127 N
107861,0.0,0.0,2024-10-31,2024-07-29,160000,0,0,2024-12-13,130000.0,CASH,A-1178-0119-0000,0,1,0,0,0,1,1,464,1983,Paved,Year Round,150 W Ridge View St #119
107862,0.25,0.0,2024-07-29,2024-07-29,424900,0,0,2024-07-29,424900.0,CASH,A-1035-0030-0000,3,2,0,0,1,1,1,1530,2024,Paved,,4860 N 10 E
107865,0.31,0.0,2024-07-29,2024-07-29,515000,1795,0,2024-12-20,538695.0,VA,A-0990-0027-0000,4,2,0,0,1,1,1,3782,2024,Paved,,1009 E 4240 N (Lot 27 Phs 4 Settlers Square)
107867,0.26,0.0,2024-08-29,2024-07-29,429900,0,10000,2024-09-23,429900.0,FHA,A-1035-0005-0000,3,2,0,0,1,1,1,1594,2024,Paved,,4895 N 10 E
107876,0.41,0.0,2024-11-02,2024-07-29,469000,0,0,2024-12-02,465000.0,VA,A-0938-0082-0000,3,2,1,0,1,1,1,2006,2024,Paved,Year Round,4774 N Millard Ln N
107883,0.32,0.0,2024-09-06,2024-07-29,403800,0,10000,2024-10-11,409400.0,VA,A-1038-0013-0000,3,2,0,0,0,1,1,1596,2024,Paved,Year Round,5171 N Bald Eagle Drive
107886,0.89,0.0,2024-11-11,2024-07-31,930000,0,26600,2024-11-27,959900.0,CONV,B-2030-0009-0000,4,4,0,0,1,1,1,3694,2024,Paved,,4182 W 1800 S
107894,0.02,0.0,2024-11-01,2024-08-01,286000,0,0,2024-11-27,283000.0,CASH,B-1857-1042-0000,3,2,0,0,0,1,1,1399,2023,Paved,Year Round,523 S May Drive
107896,0.02,0.0,2024-09-10,2024-08-01,305000,0,0,2024-10-04,300000.0,CONV,B-2013-0045-0000,3,2,1,0,0,1,1,1500,2024,Paved,Year Round,498 W 1225 45 N
107898,0.02,0.0,2024-08-12,2024-08-01,299000,0,0,2024-09-30,290000.0,CASH,B-2013-0047-0000,3,2,1,0,0,1,1,1500,2024,Paved,Year Round,498 W 1225 47 N
107901,0.26,0.0,2024-08-24,2024-08-01,565000,0,15000,2024-09-10,565000.0,VA,B-2020-0074-0000,4,2,1,0,0,1,1,2317,2024,Paved,,4426 W 200 N
107907,0.03,0.0,2024-10-11,2024-08-02,310000,0,0,2024-10-31,310000.0,CONV,B-1386-0032-0000,4,2,1,0,0,1,1,1957,2020,Paved,Year Round,1583 S Quartz A W
107910,0.27,0.0,2024-09-01,2024-08-02,329000,0,0,2024-10-03,329000.0,CONV,B-1160-0003-0001,3,2,0,0,0,1,1,1452,1984,Paved,Year Round,90 N Silverspur Drive
107912,0.02,0.0,2024-08-27,2024-08-01,281990,0,0,2024-10-08,281990.0,CONV,B-1857-1116-0000,3,2,0,0,0,1,1,1399,2024,Paved,Year Round,563 S May 1116 Drive
107913,0.02,0.0,2024-09-21,2024-08-01,275990,0,0,2024-10-30,275990.0,FHA,B-1857-1118-0000,3,2,0,0,0,1,1,1399,2024,Paved,Year Round,569 S May 1118 Drive
107915,0.02,0.0,2024-09-21,2024-08-01,269990,0,0,2024-10-29,269990.0,CONV,B-1857-1117-0000,3,2,0,0,0,1,1,1300,2024,Paved,Year Round,567 S May 1117 Drive
107916,0.03,80.0,2024-10-09,2024-08-01,334990,632,0,2024-11-28,334990.0,CONV,B-1857-1200-0000,3,2,1,0,0,1,1,2187,2024,Paved,Year Round,2927 W LaGrand Street #1200
107919,0.03,80.0,2024-09-12,2024-08-01,349990,632,0,2024-10-30,349990.0,CONV,B-1857-1201-0000,4,2,1,0,0,1,1,2247,2024,Paved,Year Round,2923 W LaGrand Street #1201
107924,0.19,0.0,2024-08-15,2024-08-03,449000,0,0,2024-09-27,443999.0,CASH,B-2010-0030-0000,3,2,0,0,1,1,1,1633,2021,Paved,Year Round,112 N Oxford Lane
107931,0.21,100.0,2024-08-09,2024-08-05,495000,1285,0,2024-09-10,475000.0,CONV,B-1941-0007-0000,5,3,0,0,0,2,1,2570,2008,Paved,,3534 W 325 S Circle
107938,0.23,0.0,2024-09-23,2024-08-06,529900,0,0,2024-10-11,529900.0,CONV,B-2027-0001-0000,4,2,0,0,1,1,1,2055,2024,Paved,,2185 S Bluff Drive
107942,0.37,0.0,2024-10-22,2024-08-06,439999,0,7000,2024-12-10,429000.0,CONV,A-2057-000A-0015,3,2,0,0,0,1,1,1800,2021,Paved,Year Round,340 S 1200 W
107947,0.02,0.0,2024-08-07,2024-08-06,275000,0,0,2024-08-16,272000.0,CASH,B-2013-0043-0000,2,2,1,0,0,1,1,1388,2024,Paved,Year Round,498 W 1225 43 N
107952,0.0,0.0,2024-10-22,2024-08-06,125000,0,0,2024-11-01,105000.0,CASH,A-1176-000B-0207,0,1,0,0,0,1,1,420,1984,Paved,Year Round,464 N HWY 143 #B207
107955,0.02,0.0,2024-11-13,2024-08-07,260000,0,0,2024-12-12,265000.0,FHA,B-2040-0017-000B,3,2,1,0,0,1,1,1242,2024,Paved,Year Round,920 S 25 #17B E
107957,0.03,0.0,2024-08-07,2024-08-07,329900,0,5000,2024-08-29,329900.0,CONV,B-1436-0013-0000,3,2,1,0,0,1,1,1625,2024,Paved,,4283 W HWY 56 #10
107958,0.25,100.0,2024-08-10,2024-08-07,439900,1187,10000,2024-09-13,449900.0,CONV,B-1194-0004-0014,5,1,0,1,1,1,1,2374,1994,Paved,,2126 N Wedgewood Lane
107966,0.49,0.0,2024-08-06,2024-08-06,1200000,0,0,2024-12-19,1254104.0,CONV,B-2012-0818-0000,4,3,1,0,1,1,1,3252,2024,Paved,Year Round,1853 S Harvest Lane
107968,0.29,0.0,2024-08-21,2024-08-06,398000,0,0,2024-09-30,395000.0,CASH,B-2020-0057-0000,3,2,0,0,0,1,1,1549,2024,Paved,,4312 W 250 N
107974,0.48,60.0,2024-10-29,2024-08-08,550000,1780,0,2024-11-22,530000.0,CONV,A-0953-0012-0000,3,3,0,0,0,1,1,3560,2022,Paved,Year Round,4410 Tomahawk Drive
107976,0.1,0.0,2024-08-22,2024-08-05,305000,0,0,2024-09-06,295750.0,CASH,B-1942-010B-0000,3,2,0,0,0,1,1,1155,2020,Paved,Year Round,2155 N 550 W W
107983,0.66,0.0,2024-09-10,2024-08-08,399900,0,5000,2024-10-02,399900.0,FHA,E-0843-0002-0001-027,3,2,0,0,1,1,1,1935,2005,Unimproved,Year Round,3961 S 17675 W
107995,0.08,0.0,2024-08-23,2024-08-09,295000,0,7900,2024-09-26,302900.0,CONV,B-1867-0013-000E,3,2,0,0,0,1,1,1219,2007,Paved,Year Round,513 W 2100 N
107997,0.13,0.0,2024-08-16,2024-08-09,397000,0,0,2024-12-12,397000.0,CASH,B-0777-0078-0080,3,2,0,0,0,1,1,1481,2024,Paved,Year Round,3099 W EKKO View Loop
107999,0.12,0.0,2024-08-21,2024-08-09,412400,0,0,2024-11-15,412650.0,Utah Hsng,B-2029-0019-000E,4,3,0,0,0,1,1,2024,2024,Paved,Year Round,370 W Rosie Lot 19E Loop
108000,0.64,50.0,2024-08-15,2024-08-09,479000,290,0,2024-09-19,465000.0,CASH,A-0437-0000-0000,4,4,0,0,1,1,1,2994,1968,,Year Round,55 S 500 W
108008,0.46,20.0,2024-08-20,2024-08-12,369000,100,0,2024-08-23,385000.0,CASH,A-0657-0001-0000,3,2,0,0,1,1,1,1471,1940,Paved,,180 S Main Street
108010,0.3,0.0,2024-08-19,2024-08-12,680000,0,0,2024-09-12,680000.0,CONV,B-2020-0047-0000,4,2,1,0,1,1,1,2454,2024,Paved,Year Round,4498 W 250 N
108015,0.24,100.0,2024-08-27,2024-08-12,425000,1048,0,2024-10-07,415000.0,CONV,B-1160-0002-0004,5,3,0,0,0,1,1,2442,1993,Paved,Year Round,2261 W Sunnyside Drive
108017,0.09,0.0,2024-12-03,2024-08-12,249000,0,5000,2024-12-30,240000.0,FHA,B-1474-0026-0000,2,1,0,0,0,1,1,955,2002,Paved,,1363 N Meadowbrook Drive
108029,0.47,100.0,2024-08-13,2024-08-13,349900,912,6000,2024-09-13,344000.0,FHA,A-0879-0000-000B-03,4,2,0,0,1,1,1,1824,1974,Paved,,768 W Columbia Drive
108033,0.2,100.0,2024-08-20,2024-08-14,360000,1263,10000,2024-09-12,360000.0,FHA,B-1135-0074-0000,4,2,0,0,1,1,1,2217,1975,Paved,Year Round,1190 S 860 W
108034,0.3,100.0,2024-10-17,2024-08-13,489900,1740,15000,2024-11-15,460000.0,FHA,B-0065-0046-0000,5,2,0,1,1,1,1,3480,1959,Paved,,217 Highland Drive
108035,0.16,0.0,2024-11-20,2024-08-13,449900,0,0,2024-12-11,449900.0,CONV,B-2033-0012-0000,5,3,0,0,1,1,1,2020,2024,Paved,Year Round,3314 W Pointe West Way
108042,4.04,10.0,2024-11-15,2024-08-13,749900,2053,0,2024-12-11,715800.0,CASH,D-1139-0005-0068,3,3,1,0,1,1,1,5280,1997,Paved,,3997 W 1950 S
108043,1.02,0.0,2024-09-16,2024-08-13,269900,0,5000,2024-10-17,245000.0,CONV,E-0258-0006-0000,3,2,0,0,0,1,1,1104,1995,Paved,,3322 S 5175 W
108055,0.03,0.0,2024-10-22,2024-08-15,329900,0,0,2024-11-08,320900.0,CASH,B-1436-0012-0000,3,2,1,0,1,1,1,1625,2024,Paved,,4283 W HWY 56 #12
108075,0.44,0.0,2024-10-21,2024-08-16,179000,0,0,2024-11-22,135000.0,CONV,D-0527-0001-0002-15,2,2,0,0,0,1,1,840,1987,Paved,Year Round,2717 W 5150 N
108080,0.21,100.0,2024-08-17,2024-08-14,307000,287,0,2024-09-11,249000.0,CONV,b-0924-0000-0000,3,1,0,0,0,1,1,1194,1938,,Year Round,347 W 300 N
108089,0.03,0.0,2024-09-06,2024-08-19,309900,0,0,2024-09-26,305000.0,CASH,B-1179-0055-0000,3,2,1,0,1,1,1,1734,2021,Paved,Year Round,1549 N Northfield #55
108096,1.02,0.0,2024-09-01,2024-08-19,375000,0,3000,2024-09-27,375000.0,FHA,E-0258-0048-0000,3,2,0,0,0,1,1,1389,2001,Paved,Year Round,3291 S 5225 W
108104,0.16,0.0,2024-08-28,2024-08-20,454500,0,3500,2024-09-27,451000.0,FHA,B-1379-0042-0000,3,2,1,0,1,1,1,2048,2006,Paved,Year Round,726 W 1350 S
108109,0.48,0.0,2024-10-16,2024-08-20,379000,0,7000,2024-11-18,394000.0,FHA,A-0758-0001-0001,4,2,0,0,0,1,1,1562,2005,Paved,,1786 E 5250 N
108111,0.28,100.0,2024-08-31,2024-08-21,549000,1654,0,2024-10-14,549000.0,CONV,B-1621-0017-0000,6,3,0,0,1,1,1,3342,2003,Paved,Year Round,2020 W 650 S
108118,0.46,100.0,2024-09-06,2024-08-22,675900,1700,0,2024-09-30,675000.0,CONV,B-1941-0006-0000,6,3,1,0,1,1,1,3416,2010,Paved,Year Round,3541 W Hidden Hills Drive
108119,20.0,0.0,2024-08-25,2024-08-22,849000,0,0,2024-09-27,835000.0,CONV,E-0678-0001-0001,3,2,1,0,1,1,1,2000,2023,,Year Round,12982 W 3000 S
108120,0.13,0.0,2024-09-05,2024-08-21,320000,0,0,2024-10-04,320000.0,FHA,A-0026-0001-0015,3,1,1,1,1,1,1,1382,1993,Paved,Year Round,619 W 60 N
108122,1.09,0.0,2024-10-23,2024-08-22,525000,0,0,2024-12-05,515000.0,CASH,E-0171-0002-0030,3,2,0,0,0,1,1,1440,2004,Paved,Year Round,6828 W 1350 N
108123,6.49,100.0,2024-10-23,2024-08-22,797500,1852,0,2024-11-15,797500.0,CONV,E-0231-0003-0000,5,4,0,0,2,1,1,3704,2015,Paved,Year Round,7752 W 1800 S
108126,0.22,100.0,2024-09-16,2024-08-22,549900,1910,3500,2024-10-24,552500.0,CONV,B-1718-0008-0000,5,3,0,0,1,2,1,3830,2002,Paved,,680 S Legacy Park Avenue
108134,0.02,0.0,2024-08-29,2024-08-22,275990,0,0,2024-10-10,275990.0,CONV,B-1857-1119-0000,3,2,0,0,0,1,1,1399,2024,Paved,Year Round,571 S May 1119 Drive
108139,0.18,0.0,2024-09-23,2024-08-23,139900,0,0,2024-10-18,82800.0,CASH,B-0913-0000-0000,2,1,0,0,1,1,1,638,1934,Paved,,351 W 400 N
108142,0.02,0.0,2024-09-27,2024-08-22,269990,0,0,2024-11-12,269990.0,FHA,B-1857-1120-0000,3,2,0,0,0,1,1,1300,2024,Paved,Year Round,573 S May 1120 Drive
108143,0.02,0.0,2024-09-07,2024-08-22,281990,0,0,2024-10-22,281990.0,CONV,B-1857-1121-0000,3,2,0,0,0,1,1,1399,2024,Paved,Year Round,577 S May 1121 Drive
108144,0.26,0.0,2024-09-13,2024-08-23,609900,0,0,2024-09-30,609000.0,VA,B-2020-0051-0000,4,2,0,0,1,1,1,2403,2024,Paved,Year Round,4428 W 250 N
108146,0.25,100.0,2024-10-15,2024-08-23,595000,1627,0,2024-11-15,592000.0,CONV,B-1866-0049-0000,6,3,0,0,1,2,1,3334,2014,Paved,Year Round,3947 W 175 S
108151,0.5,0.0,2024-10-01,2024-08-23,514900,1757,11619,2024-10-25,514000.0,FHA,A-0916-0001-002C,3,2,0,0,1,1,1,3514,2023,Paved,,4873 N Green Acres Circle
108163,0.42,0.0,2024-09-04,2024-08-26,515000,0,0,2024-09-30,510000.0,CASH,A-2057-000A-0003,3,2,0,0,1,1,1,1871,2005,Paved,Year Round,1160 W 375 S
108166,0.05,0.0,2024-08-29,2024-08-26,209000,0,0,2024-09-18,201000.0,CASH,B-1323-0014-0000,2,1,1,0,0,1,1,986,1983,Paved,Year Round,101 N 1850 #14 W
108168,0.23,0.0,2024-09-04,2024-08-29,779900,0,15000,2024-09-13,779900.0,CASH,B-2027-0012-0000,5,3,0,0,1,1,1,3151,2024,Paved,Year Round,2194 S Bluff Drive
108171,0.27,0.0,2024-09-14,2024-08-27,420000,0,0,2024-10-18,412070.0,CASH,A-0351-0000-0000,3,2,0,0,1,1,1,1583,2024,Paved,Year Round,342 N 100 W
108173,0.12,0.0,2024-08-27,2024-08-27,410650,0,3200,2024-11-15,410650.0,CONV,B-2029-0019-000W,4,3,0,0,0,1,1,2027,2024,Paved,Year Round,378 W Rosie Lot 19W Loop
108177,0.41,0.0,2024-09-07,2024-08-27,390000,0,3000,2024-10-02,380000.0,CONV,A-0938-0118-0000,3,2,0,0,1,1,1,1473,2010,Paved,Year Round,4510 N Millard Lane
108178,0.0,0.0,2024-09-18,2024-08-27,175000,0,0,2024-10-01,160000.0,CASH,A-1176-000B-0205,0,1,0,0,1,1,1,420,1984,Paved,Year Round,464 N Hwy 143 #b205
108187,0.16,0.0,2024-09-03,2024-08-28,315000,0,4000,2024-10-04,315000.0,VA,B-1629-0007-0000,3,2,1,0,0,1,1,1577,2017,Paved,Year Round,2684 N Clark Parkway Parkway
108188,0.02,0.0,2024-09-19,2024-08-28,292500,0,0,2024-10-30,290000.0,CONV,B-1386-0076-0000,3,2,1,0,1,1,1,1620,2020,Paved,Year Round,1510 W Topaz #C S
108196,0.23,100.0,2024-10-24,2024-08-29,585000,1768,0,2024-11-22,585000.0,CONV,B-1450-0010-0000,6,5,0,0,2,2,1,4656,1995,Paved,Year Round,17 S 2050 W
108199,0.21,0.0,2024-11-12,2024-08-29,429800,0,8000,2024-11-29,435000.0,CONV,D-1224-0022-0000,3,2,0,0,0,1,1,1804,2024,Paved,Year Round,1965 W 4750 N
108202,21.22,0.0,2024-09-06,2024-08-29,725000,0,1500,2024-10-04,725000.0,CONV,E-0395-0019-0000,3,2,1,0,1,1,1,2477,2006,Unimproved,Year Round,1331 S Taylor Mountain Road
108232,4.43,0.0,2024-09-04,2024-08-30,750000,0,0,2024-11-12,750000.0,CASH,E-0185-0022-0000,4,3,1,0,1,1,1,2351,2021,Paved,,5377 W 300 S
108241,0.31,0.0,2024-11-26,2024-08-30,479000,0,0,2024-12-20,450000.0,CONV,B-1379-0069-0000,3,2,1,0,1,1,1,2105,1994,Paved,,709 W Carousel Circle
108249,0.0,0.0,2024-10-05,2024-09-02,139900,0,1580,2024-11-06,128000.0,CONV,A-1181-0105-0000,1,1,0,0,1,1,1,429,1972,Paved,Year Round,651 S Snowflake #109 Lane
108252,0.27,0.0,2024-09-19,2024-09-02,255000,0,0,2024-10-24,245000.0,CONV,C-0645-0079-0000,2,1,0,0,1,1,1,1110,1972,,Seasonal,2732 E 2975 MLE Lots 18 & 19 S
108255,0.04,0.0,2024-09-05,2024-09-03,340000,0,3400,2024-09-25,340000.0,CONV,B-2003-0054-0000,3,2,0,0,1,1,1,1454,2021,Paved,Year Round,1825 N Lund #54
108260,0.03,0.0,2024-10-16,2024-09-03,285000,0,0,2024-11-08,280000.0,CASH,B-1958-0043-000C,3,2,1,0,0,1,1,1402,2019,Paved,,3044 N 275 E
108272,0.18,0.0,2024-09-18,2024-09-04,375000,0,6500,2024-11-01,375000.0,VA,B-1013-0017-0000,4,2,0,0,1,1,1,2094,1948,Paved,Year Round,583 S Sunset Drive
108281,0.02,0.0,2024-09-23,2024-09-04,260000,0,7817,2024-10-31,265000.0,VA,B-1386-0058-0000,2,2,1,0,0,1,1,1228,2020,Paved,,1541 S Quartz Unit D W Drive
108291,0.23,100.0,2024-09-06,2024-09-05,540000,1874,0,2024-09-27,540000.0,CONV,B-1151-0001-0004-312,5,4,1,0,2,1,1,3748,1977,Paved,,814 S 860 W
108293,0.19,100.0,2024-10-16,2024-09-04,475000,1521,2000,2024-11-25,470000.0,CASH,B-1736-0002-0000,5,3,0,0,1,1,2,3042,2005,Paved,,2602 N 475 W
108297,0.25,0.0,2024-10-11,2024-09-05,395000,0,0,2024-11-07,392500.0,CONV,A-1035-0010-0000,3,2,0,0,0,1,1,1518,2024,Paved,,52 E 4930 N
108307,0.41,100.0,2024-09-07,2024-09-06,850000,1805,0,2024-09-12,830000.0,CASH,D-0759-0006-0028,6,4,0,0,2,1,1,4238,2002,Paved,Year Round,2240 W 2350 N
108365,0.0,100.0,2024-10-14,2024-09-11,144000,0,0,2024-11-14,136400.0,CONV,A-1181-0204-0000,1,1,0,0,1,1,1,420,1972,,Year Round,651 S Snowflake #204
108329,0.23,100.0,2024-09-13,2024-09-06,375000,1078,0,2024-11-20,375000.0,VA,B-1138-0015-0000,5,1,1,2,2,1,1,3234,1961,Paved,,325 S 600 W
108332,0.03,50.0,2024-10-12,2024-09-07,339900,632,0,2024-10-18,341000.0,CASH,B-1857-1019-0000,3,2,1,0,0,1,1,2187,2023,Paved,Year Round,2979 W Ezra Drive
108345,0.47,100.0,2024-10-17,2024-09-10,529900,1071,10000,2024-11-15,535000.0,CONV,B-1340-0004-0015,5,3,1,0,1,1,1,3213,1992,Paved,,827 E Cottontail Circle
108355,0.42,0.0,2024-09-30,2024-09-11,526900,0,0,2024-11-08,527000.0,CONV,A-0944-0009-0000,3,2,0,0,1,1,1,1985,2017,Paved,Year Round,3744 N 250 E
108368,0.21,0.0,2024-09-09,2024-09-09,467642,0,0,2024-09-11,467642.0,CONV,B-2031-27,3,2,0,0,1,1,1,1625,2024,,Year Round,3987 W 1025 N
108398,4.34,100.0,2024-09-23,2024-09-13,849900,2048,0,2024-10-24,849900.0,CONV,B-1598-0008-0000,6,3,0,0,1,1,1,4096,2005,Paved,Year Round,3527 W 1600 N
108407,0.01,0.0,2024-11-21,2024-09-13,240000,0,0,2024-11-26,235000.0,CASH,B-2043-0013-0000,2,1,1,0,0,1,1,986,2024,Paved,,535 W 2530 Unit 13 N
108408,0.01,0.0,2024-10-09,2024-09-13,240000,0,0,2024-11-04,233000.0,FHA,B-2043-0014-0000,2,1,1,0,0,1,1,986,2024,Paved,,535 W 2530 Unit 14 N
108409,0.01,0.0,2024-10-09,2024-09-13,260000,0,0,2024-10-21,260000.0,CASH,B-2043-0015-0000,3,1,1,0,0,1,1,1270,2024,Paved,Year Round,535 W 2530 Unit 15 N
108451,0.14,0.0,2024-12-01,2024-09-18,365000,1393,0,2024-12-23,364000.0,CASH,B-1135-0001-0009,3,2,0,0,0,1,1,2786,2020,Paved,Year Round,1056 S Fir Street
108467,0.16,0.0,2024-10-09,2024-09-19,335000,0,4500,2024-11-08,338000.0,FHA,B-1565-0057-0000,3,2,0,0,1,1,1,1480,1996,Paved,Year Round,4065 W 75 N
108474,0.03,0.0,2024-11-19,2024-09-19,330000,0,0,2024-12-09,315000.0,CONV,B-1179-0018-0000,3,2,1,0,1,1,1,1734,2020,Paved,Year Round,1549 N Northfield #18
108477,0.11,0.0,2024-11-16,2024-09-20,315000,0,15000,2024-12-05,315000.0,CONV,B-2038-0011-000E,3,2,0,0,0,1,1,1176,2024,Paved,,502 W 2360 N
108478,0.11,0.0,2024-09-24,2024-09-20,315000,0,315000,2024-10-11,315000.0,CONV,B-2038-0012-000W,3,2,0,0,0,1,1,1176,2024,Paved,,490 W 2360 N
108483,0.16,100.0,2024-09-19,2024-09-19,415000,1125,0,2024-09-19,415000.0,CASH,B-0011-0017-0001,6,2,1,0,0,1,1,2250,1978,Paved,,1102 W Brook Street
108488,0.43,100.0,2024-09-24,2024-09-22,350000,432,20000,2024-10-25,370000.0,Utah Hsng,A-0906-0030-0000,5,3,1,0,0,1,1,1971,1999,Paved,Year Round,4484 N Oregon Trail
108495,0.11,0.0,2024-10-23,2024-09-20,329800,1004,10000,2024-12-04,339900.0,FHA,B-1562-0014-0001,4,3,0,0,0,1,1,2008,1997,Paved,Year Round,224 E 820 S
108499,0.34,0.0,2024-09-27,2024-09-23,550000,0,0,2024-11-05,540700.0,CONV,D-1210-0006-00AM,4,2,1,0,0,1,1,2484,2013,Paved,,3843 Native Dancer Drive
108503,0.55,100.0,2024-10-28,2024-09-23,350000,1001,15000,2024-12-02,340000.0,FHA,A-0779-0010-0000,4,2,0,0,0,1,1,2067,1978,Paved,Year Round,4764 N Wagon Wheel Drive
108505,0.29,0.0,2024-11-08,2024-09-23,387800,0,0,2024-11-25,387800.0,CASH,A-1043-0001-0000,3,2,0,0,0,1,1,1427,2024,Paved,Year Round,4981 N Sagewood Lane
108512,2.7,0.0,2024-11-19,2024-09-24,390000,0,1000,2024-12-16,392500.0,FHA,E-0209-0002-000C-07,3,2,0,0,0,1,1,1377,1999,Paved,,4987 W 1525 S
108529,0.42,0.0,2024-11-21,2024-09-25,535000,0,0,2024-12-20,521000.0,CASH,A-0974-0043-0000,4,2,1,0,0,1,1,2741,2022,Paved,,4216 N Prospector Lane
108532,0.06,0.0,2024-10-30,2024-09-25,329900,0,0,2024-12-04,320000.0,CONV,B-1566-0011-0000,2,2,0,0,0,1,1,958,1996,Paved,Year Round,2493 W Pachea Trail
108546,0.02,100.0,2024-09-28,2024-09-26,369000,405,0,2024-11-11,369500.0,CONV,B-2041-0004-000C,4,3,1,0,0,1,1,2272,2024,Paved,Year Round,665 E 2015 #4C N
108553,0.26,0.0,2024-12-02,2024-09-26,489900,0,0,2024-12-27,487000.0,FHA,A-1034-0005-0000,4,2,1,0,0,1,1,2300,2022,Paved,,1067 E Southern Homestead Boulevard
108556,0.3,0.0,2024-09-27,2024-09-26,479900,0,0,2024-10-22,479900.0,CONV,B-2020-0046-0000,3,2,0,0,0,1,1,1796,2024,Paved,Year Round,4483 W 275 N
108568,0.25,0.0,2024-11-07,2024-09-27,395000,0,2000,2024-12-04,385000.0,CONV,B-1736-0007-0000,3,2,0,0,1,1,1,1532,2005,Paved,Year Round,431 W 2675 N
108576,0.03,80.0,2024-10-22,2024-09-27,340990,632,0,2024-12-10,340990.0,CASH,B-1857-1140-0000,3,2,1,0,0,1,1,2187,2024,Paved,Year Round,2958 W Lewis Loop #1140
108577,0.03,80.0,2024-10-22,2024-09-27,340990,632,0,2024-12-03,340990.0,CONV,B-1857-1147-0000,3,2,1,0,0,1,1,2187,2024,Paved,Year Round,2986 W Lewis Loop #1147
108578,0.03,80.0,2024-11-06,2024-09-27,334990,632,0,2024-12-05,334990.0,CONV,B-1857-1141-0000,3,2,1,0,0,1,1,2187,2024,Paved,Year Round,2962 W Lewis Loop #1141
108579,0.03,80.0,2024-11-27,2024-09-27,329990,632,0,2024-12-30,329990.0,CASH,B-1857-1146-0000,3,2,1,0,0,1,1,2187,2024,Paved,Year Round,2984 W Lewis Loop #1146
108588,0.28,0.0,2024-10-14,2024-09-26,619000,0,0,2024-12-16,619000.0,CONV,B-2012-0926-000,3,2,0,0,1,1,1,1984,2024,Paved,Year Round,1795 S Hidden Canyon Road
108596,0.0,0.0,2024-11-19,2024-09-28,249000,0,7360,2024-12-23,245360.0,CONV,A-1176-000B-0301,0,2,0,0,1,1,1,621,1984,Paved,Year Round,464 N Hwy 143 #B301
108603,0.51,100.0,2024-10-01,2024-09-28,750000,1750,0,2024-10-29,750000.0,CONV,D-1213-000E-0006,6,2,1,1,3,1,1,4187,2022,Paved,Year Round,1237 S 4175 W
108615,0.26,0.0,2024-12-09,2024-10-01,475000,0,13000,2024-12-30,455000.0,CONV,B-1798-0005-0000,4,2,0,0,0,1,1,1924,2007,Paved,Year Round,62 S 4100 W
108624,0.78,100.0,2024-10-29,2024-10-01,1695000,2218,0,2024-12-05,1600000.0,CONV,B-1206-010A-0000,6,4,2,0,2,1,1,6000,2023,Paved,Year Round,209 S 2050 W
108629,0.25,0.0,2024-10-08,2024-10-02,489900,0,0,2024-10-29,492400.0,CONV,B-2031-0023-0000,4,2,0,0,1,1,1,1871,2024,Paved,Year Round,1043 N Reese Street
108636,0.37,100.0,2024-10-18,2024-10-02,635000,1796,10000,2024-11-20,620000.0,CONV,A-2056-0014-0000,5,4,2,0,0,1,1,3593,2019,Paved,Year Round,313 S 1125 W
108647,0.02,0.0,2024-10-31,2024-10-02,279990,0,0,2024-12-12,279990.0,CASH,1857-,3,2,0,0,0,1,1,1300,2024,Paved,Year Round,576 S May 1035 Drive
108676,0.45,0.0,2024-11-11,2024-10-04,1600000,0,0,2024-12-16,1500000.0,CASH,B-1811-0027-0000,4,4,1,0,1,1,1,4514,2019,Paved,Year Round,612 E 1225 N Circle
108692,1.3,0.0,2024-11-12,2024-10-07,360000,0,10000,2024-12-12,357500.0,FHA,D-0456-0480-0001,3,2,0,0,1,1,1,1092,1999,Unimproved,Year Round,5418 N 3575 W
108716,0.09,0.0,2024-10-10,2024-10-08,309900,0,6000,2024-11-14,311900.0,FHA,B-1870-0030-0000,3,2,1,0,0,1,1,1588,2007,Paved,,1813 W Clark N Parkway
108734,0.2,50.0,2024-10-22,2024-10-09,350000,25,0,2024-11-25,350000.0,CASH,A-0667-0000-0000,3,2,0,0,1,1,1,1643,1935,Paved,,15 S Main Street
108756,0.2,0.0,2024-12-23,2024-10-10,292900,0,0,2024-12-27,270000.0,CASH,A-0083-0000-0000,2,1,0,0,2,1,1,1088,1910,,Year Round,93 N 100 E
108773,0.57,20.0,2024-10-28,2024-10-11,535000,1428,0,2024-11-27,528000.0,CONV,D-0565-0006-0000,3,2,0,0,0,1,1,2894,2024,Paved,Year Round,4386 N 2600 W
108801,0.16,0.0,2024-11-11,2024-10-14,479900,0,0,2024-11-27,479900.0,CASH,B-2033-0015-0000,3,2,1,0,0,1,1,2368,2024,Paved,Year Round,3344 W Pointe West Way
108845,0.51,0.0,2024-10-22,2024-10-16,280000,0,0,2024-11-12,260500.0,CASH,A-0874-0000-000F-16,4,2,0,0,1,1,1,2360,1982,Paved,,4395 N Apple Blossom Lane
108846,0.0,100.0,2024-11-20,2024-10-16,730000,896,800,2024-12-17,715000.0,CONV,A-1179-0010-0000,3,3,1,0,2,1,1,2688,1986,Paved,,487 S Vasels (fka Brian Head Blvd) #10
108860,0.28,100.0,2024-10-28,2024-10-18,311000,1279,0,2024-11-27,311000.0,FHA,B-1103-0005-0009,3,0,3,0,0,1,1,2799,1979,Paved,Year Round,545 S 225 E
108861,0.02,0.0,2024-10-24,2024-10-17,269000,0,600,2024-11-18,263000.0,VA,B-1386-0054-0000,2,2,1,0,0,1,1,1425,2020,Paved,Year Round,1561 S Quartz #C #C Drive
108869,1.0,0.0,2024-11-01,2024-10-20,335000,0,5000,2024-11-27,330000.0,CONV,E-0171-0001-0048,2,1,0,1,1,1,1,1100,2010,,Year Round,1236 N 6700 W
108895,11.74,0.0,2024-10-25,2024-10-22,709999,0,0,2024-11-26,710000.0,CONV,D-0503-0010-0000,3,2,0,0,0,1,1,1200,2017,,Year Round,6335 N 2300 W
108933,0.74,100.0,2024-11-06,2024-10-25,569900,1512,0,2024-12-09,569900.0,CONV,B-1117-0003-0003,3,3,0,0,1,1,1,3078,1968,Paved,Year Round,420 Sage Drive
108964,0.0,0.0,2024-10-29,2024-10-29,270000,0,5300,2024-12-02,264800.0,CONV,A-1171-0002-000B,2,2,0,0,0,1,1,792,1981,Paved,,561 S Vasels Road #R2-B
108969,0.25,0.0,2024-11-06,2024-10-29,400000,0,750,2024-11-19,395000.0,CASH,A-1035-0015-0000,3,2,0,0,0,1,1,1758,2024,Paved,Year Round,4997 N 75 E
108974,0.36,0.0,2024-11-11,2024-10-29,449900,0,0,2024-12-03,440000.0,CASH,B-0065-0114-0000,3,2,0,0,1,1,1,1638,2019,Paved,Year Round,334 N Foothill Drive
108989,0.02,0.0,2024-10-30,2024-10-30,279990,0,0,2024-11-19,279990.0,CASH,B-1857-1008-0000,3,2,0,0,0,1,1,1300,2022,Paved,Year Round,481 S May 1008 Drive
108990,0.02,0.0,2024-11-27,2024-10-31,293845,0,0,2024-12-30,293845.0,CASH,B-1857-1009-0000,3,2,0,0,0,1,1,1399,2022,Paved,Year Round,485 S May 1009 Drive
109050,0.33,0.0,2024-11-06,2024-11-06,660000,0,0,2024-12-13,690674.0,CONV,B-2012-0817-0000,3,2,1,0,1,1,1,2166,2024,Paved,Year Round,1858 S Harvest Lane
109131,0.02,0.0,2024-11-27,2024-11-12,290990,0,0,2024-12-30,290990.0,CASH,1857-1134-0000,3,2,0,0,0,1,1,1399,2024,Paved,Year Round,580 S May 1134 Drive
109132,0.02,0.0,2024-11-15,2024-11-12,284990,0,0,2024-12-18,284990.0,CASH,1857-1136-0000,3,2,0,0,0,1,1,1399,2024,Paved,Year Round,574 S May 1136 Drive
109133,0.02,0.0,2024-11-15,2024-11-12,284990,0,0,2024-12-18,284990.0,CASH,1857-1137-0000,3,2,0,0,0,1,1,1399,2024,Paved,Year Round,570 S May 1137 Drive
109183,0.02,0.0,2024-12-04,2024-11-19,258000,0,0,2024-12-31,255000.0,CONV,B-1742-0103-0000,3,2,1,0,0,1,1,1365,2006,Paved,Year Round,1148 N Northfield #103
109193,0.26,0.0,2024-12-06,2024-11-20,425000,0,0,2024-12-31,415000.0,CASH,A-0798-0007-0000,3,2,0,0,0,1,1,1758,2024,Paved,,910 E Winchester Drive
109197,1.02,0.0,2024-11-25,2024-11-18,279999,0,0,2024-12-31,270000.0,CASH,E-0258-0023-0000,3,2,0,0,0,1,1,1188,1999,Paved,,3476 S 5175 W
109229,1.0,0.0,2024-12-05,2024-11-21,350000,0,0,2024-12-13,330975.0,CASH,E-0171-0001-0043-08,4,2,0,0,1,1,1,1440,1995,,Year Round,1144 N 6625 W
110442,0.24,30.0,2025-09-24,2025-03-18,565000,1882,0,2025-10-01,560000.0,CASH,B-1857-0027-0081,3,2,0,0,1,1,1,3764,2025,Paved,,502 S Foundation Trail
111419,0.38,0.0,2025-08-26,2025-05-19,574900,0,0,2025-10-01,574900.0,CASH,B-1740-000A-0010,4,2,1,0,1,1,1,2215,2005,Paved,Year Round,1030 S 1850 W
111861,0.03,0.0,2025-09-12,2025-06-17,399900,0,0,2025-10-01,350000.0,CONV,B-2024-0002-0003,3,2,1,0,0,1,1,1852,2021,Paved,Year Round,876 S Lincoln #3 C
111864,0.03,0.0,2025-09-12,2025-06-17,399900,0,0,2025-10-01,350000.0,CONV,B-2024-0002-0004,3,2,1,0,0,1,1,1852,2021,Paved,Year Round,876 S Lincoln #4 D
111859,0.03,0.0,2025-09-12,2025-06-17,399900,0,0,2025-10-01,350000.0,CONV,B-2024-0001-0003,3,2,1,0,0,1,1,1852,2021,,Year Round,875 S Lincoln #3 C
111860,0.03,0.0,2025-09-12,2025-06-17,399900,0,0,2025-10-01,350000.0,CONV,B-2024-0001-0004,3,2,1,0,0,1,1,1852,2021,Paved,Year Round,875 S Lincoln #4 D
111320,0.01,0.0,2025-08-30,2025-05-13,115000,0,500,2025-10-02,105000.0,CONV,A-1172-0003-0000,0,1,0,0,1,1,1,294,1973,Paved,Year Round,226 S Hwy 143 #3-B
111432,0.73,0.0,2025-09-07,2025-05-19,1375000,0,0,2025-10-02,1325000.0,CASH,A-1121-093A-0000,4,0,0,3,2,1,1,3240,2022,Unimproved,Year Round,466 N Elk Drive
112259,0.04,0.0,2025-08-26,2025-07-15,299000,0,4558,2025-10-02,299000.0,CONV,B-1898-0030-0000,3,2,1,0,0,1,1,1538,2018,Paved,Year Round,173 E Fiddlers Canyon #30 Road
112284,0.25,0.0,2025-08-30,2025-07-16,484000,0,0,2025-10-02,470000.0,CONV,B-1857-0027-0084,4,2,1,0,0,1,1,1812,2025,Paved,Year Round,3638 W Bladen Street
112289,0.08,0.0,2025-08-20,2025-07-17,334900,0,4000,2025-10-02,334900.0,CONV,B-1942-0004-000E,3,2,1,0,0,1,1,1715,2017,Paved,,479 W 2150 N
112854,0.03,80.0,2025-09-09,2025-08-27,314990,632,4000,2025-10-02,314990.0,CONV,B-1857-1162-0000,3,2,1,0,0,1,1,2205,2025,Paved,Year Round,2968 W LaGrand #1162 Street
111934,9.5,50.0,2025-08-06,2025-06-20,370000,1056,11100,2025-10-03,383000.0,VA,E-1567-0008-0000,4,1,1,1,0,1,1,2812,1997,,Year Round,1977 W 6000 N
112248,0.36,0.0,2025-09-03,2025-07-12,355000,0,5000,2025-10-03,355000.0,VA,D-0121-0003-0000,3,2,0,0,1,1,1,1720,1967,Paved,,95 E 100 S
112591,0.03,0.0,2025-08-26,2025-08-08,325000,0,0,2025-10-03,315000.0,FHA,B-1577-049A-0000,4,2,1,0,0,1,1,1631,2022,Paved,,280 W 2050 N Street
112706,3.14,0.0,2025-09-08,2025-08-19,450000,0,0,2025-10-03,440000.0,CASH,E-0209-0002-000C-09,3,2,0,0,0,1,1,1182,1995,Paved,,5061 W 1525 S
112836,0.08,0.0,2025-09-10,2025-08-26,289000,0,3000,2025-10-03,289000.0,CONV,B-1867-0032-000N,3,2,0,0,0,1,1,1219,2006,Paved,Year Round,2093 N 550 W
112594,0.02,0.0,2025-08-27,2025-08-09,268800,0,4000,2025-10-04,270800.0,CONV,B-2047-0002-0000,2,2,1,0,0,1,1,1284,2025,Paved,Year Round,3120 W 1625 #2 N
108654,0.95,0.0,2025-09-09,2024-10-03,485000,0,0,2025-10-06,450000.0,CONV,A-0481-0001-0000,4,2,0,0,1,1,1,2196,1980,Paved,Year Round,263 W 300 S
109102,0.0,0.0,2025-08-27,2024-11-09,145000,0,0,2025-10-06,135000.0,CONV,A-1178-0104-0000,0,1,0,0,1,1,1,464,1983,Paved,,150 W Ridge View #104
111009,0.55,100.0,2025-08-26,2025-04-23,995000,900,5000,2025-10-06,975000.0,CONV,A-1115-0003-0033,5,3,1,0,2,1,1,3673,2006,,Year Round,191 Gurr Well Road
112460,0.16,0.0,2025-09-04,2025-07-29,397000,0,0,2025-10-06,397000.0,VA,B-2033-0021-0000,3,2,0,0,0,1,1,1583,2025,Paved,,1126 N Yucca (3325 W) Street
111253,0.27,15.0,2025-09-08,2025-05-08,590000,1932,10000,2025-10-07,590000.0,CONV,B-1857-0027-0115,3,2,1,0,0,1,1,3864,2025,Paved,Year Round,3613 W Bladen Street
112887,0.12,0.0,2025-09-11,2025-08-29,310000,0,0,2025-10-07,316000.0,CONV,B-1837-0009-000W,3,2,0,0,1,1,1,1430,2006,Paved,,4248 W 275 N
113166,0.02,0.0,2025-10-07,2025-09-18,1750,0,0,2025-10-07,1750.0,Other,B-2043-0006-000,3,2,1,0,0,1,1,1518,2024,Paved,Year Round,535 W 2530 N #6
113168,0.02,0.0,2025-10-07,2025-09-18,1750,0,0,2025-10-07,1750.0,Other,B-2043-0010-0000,3,2,1,0,0,1,1,1518,2024,Paved,Year Round,535 W 2530 N #10
109917,0.0,0.0,2025-09-06,2025-02-09,265000,0,0,2025-10-08,250000.0,CONV,A-1176-0003-0013,1,2,0,0,1,1,1,940,1984,Paved,,464 N 143 Hwy #a313
112597,0.03,80.0,2025-08-26,2025-08-09,324990,632,4000,2025-10-08,324990.0,CONV,B-1857-0035-0000,4,2,0,0,0,1,1,2248,2025,,Year Round,2960 W LaGrand 1160 Street
111522,0.34,100.0,2025-09-23,2025-05-27,1100000,722,31000,2025-10-09,999000.0,CONV,A-1184-0012-0000,3,3,1,0,2,1,1,2722,1998,Paved,,427 W Bluebell Court
112227,0.36,0.0,2025-09-19,2025-07-11,860000,0,0,2025-10-09,868487.5,CASH,B-2012-0910-0000,5,2,1,0,1,1,1,3192,2025,,Year Round,1795 S Grace Lane
112382,0.2,0.0,2025-08-06,2025-07-23,535900,1681,8950,2025-10-09,535900.0,CONV,B-2017-0034-0000,3,2,0,0,1,1,1,3531,2025,Paved,,123 N Sterling Dr (Lot 34 Phs 4 Crescent Hills)
110024,0.0,0.0,2025-09-28,2025-02-14,129900,0,0,2025-10-10,129900.0,CASH,A-1176-000B-0209,0,1,0,0,1,1,1,420,1984,Paved,Year Round,464 N Hwy 143 #B209
111238,0.65,90.0,2025-09-09,2025-05-07,694500,2275,0,2025-10-10,729500.0,CONV,B-1857-0027-0064,6,3,1,0,1,1,1,4439,2022,,Year Round,3501 W Sevy Street
111339,0.02,0.0,2025-09-26,2025-05-14,260000,0,0,2025-10-10,252000.0,CASH,B-2040-0018-000E,3,2,1,0,0,1,1,1242,2024,Paved,Year Round,920 S 25 #18E E
112469,2.48,0.0,2025-08-08,2025-07-29,499000,0,0,2025-10-10,485000.0,VA,E-0209-0001-0003-06,3,2,0,0,1,1,1,1357,1997,,Year Round,5337 W 1275 S
112507,0.33,0.0,2025-09-16,2025-08-01,599000,0,0,2025-10-10,585000.0,CONV,B-2028-0002-0000,4,2,0,0,1,1,1,2136,2025,Paved,,3880 W 925 N
112566,0.2,0.0,2025-08-20,2025-08-07,525000,1643,7500,2025-10-13,525000.0,CONV,B-2017-0033-0000,3,2,0,0,1,1,1,3454,2025,Paved,,141 N Sterling Dr (Lot 33 Phs 4 Crescent Hills)
109100,0.0,0.0,2025-09-14,2024-11-09,174900,0,0,2025-10-14,160000.0,CASH,A-1178-0220-0000,1,1,0,0,1,1,1,624,1983,Paved,,150 W Ridge View #220 Street
111652,0.03,0.0,2025-08-31,2025-06-03,339900,0,700,2025-10-14,332000.0,CONV,B-2021-0058-0000,3,2,1,0,1,1,1,1734,2023,Paved,Year Round,668 E Fiddlers Cove #58 Drive
111901,9.51,0.0,2025-09-12,2025-06-19,269900,0,10000,2025-10-14,269900.0,FHA,E-1567-0023-0000,3,2,0,0,0,1,1,1201,1998,,Year Round,1926 W 6000 N
109256,0.16,0.0,2025-09-09,2024-11-26,365000,0,0,2025-10-15,365000.0,FHA,B-2042-0008-000W,3,2,1,0,0,1,1,1651,2024,Paved,,4571 W 300 N
109904,0.02,0.0,2025-09-12,2025-02-07,229999,0,0,2025-10-15,228000.0,CONV,B-1960-0004-000A,3,2,1,0,0,1,1,1258,2007,Paved,Year Round,920 S 25 #4A E
109934,0.0,0.0,2025-09-15,2025-02-11,375000,0,0,2025-10-15,360000.0,Other,A-1173-0008-0000,2,2,0,0,1,1,1,930,1981,Paved,Year Round,407 S Vasels #8 Road
110597,0.26,10.0,2025-03-27,2025-03-27,563445,1640,0,2025-10-15,581576.0,CASH,A-0990-0044-0000,3,2,0,0,1,1,1,3458,2025,Paved,,1094 E 4240 (Lot 44 Phs 4 Settlers Square) N
112524,1.01,0.0,2025-09-09,2025-08-04,329000,0,10000,2025-10-15,334000.0,FHA,E-0258-0015-0000,3,2,0,0,1,1,1,1188,2006,Paved,Year Round,5222 W 3600 S
112660,0.4,15.0,2025-09-10,2025-08-14,799000,1918,0,2025-10-15,750000.0,CONV,B-1113-0012-0008,6,3,1,0,2,1,1,5727,2008,Paved,Year Round,1945 W 150 S
109129,0.43,0.0,2025-09-02,2024-11-13,347000,0,7000,2025-10-16,343000.0,CONV,A-0840-0007-0007,3,2,0,0,0,1,1,1250,1998,Paved,,4510 N Quickdraw Lane
109161,1.29,0.0,2025-09-22,2024-11-15,560000,0,0,2025-10-16,524000.0,CASH,D-0456-0935-0000,3,2,0,0,1,1,1,1580,2022,,Year Round,5377 N 4400 W
108834,0.3,0.0,2025-07-18,2024-10-15,878000,0,0,2025-10-17,0.0,CONV,B-2012-0917-0000,5,3,1,0,1,1,1,3166,2024,Paved,Year Round,1758 S Grace Lane
111390,0.0,100.0,2025-08-24,2025-05-17,234900,0,0,2025-10-17,225400.0,CASH,A-1171-0007-000C,2,2,0,0,1,1,1,834,1984,Paved,Year Round,561 S Vasels #r7-c
112107,2.62,100.0,2025-10-02,2025-07-02,249000,0,750,2025-10-17,249000.0,CASH,C-1135-0004-0022-011,1,1,0,0,1,1,1,570,1998,,Seasonal,786 N 800 W
112598,0.03,80.0,2025-09-09,2025-08-09,324990,632,5000,2025-10-17,326265.0,VA,B-1857-1158-0000,3,2,1,0,0,1,1,2205,2025,Paved,Year Round,2954 W LaGrand #1158 Street
112646,0.25,100.0,2025-09-12,2025-08-14,399800,1382,10000,2025-10-17,399800.0,FHA,B-1340-0004-0012,4,3,0,0,0,1,1,2764,1993,Paved,,2205 N Bandtail Circle
113178,0.31,0.0,2025-09-19,2025-09-19,499995,0,0,2025-10-17,497800.0,CASH,B-1779-0012-0000,3,2,0,0,1,1,1,2087,2005,Paved,Year Round,1190 E Nichols Canyon Road
110486,0.03,0.0,2025-09-09,2025-03-21,324900,0,0,2025-10-20,309566.0,CASH,B-2053-0004-0000,3,2,1,0,1,1,1,1716,2025,Paved,,51 S 4375 #4 W
110485,0.03,0.0,2025-09-09,2025-03-21,319900,0,0,2025-10-20,309566.0,C for Deed,B-2053-0003-0000,3,2,1,0,1,1,1,1716,2025,Paved,,51 S 4375 #3 W
112556,0.39,0.0,2025-09-18,2025-08-07,325000,0,7000,2025-10-20,325000.0,CONV,A-0150-0000-0000,3,2,0,0,3,1,1,1645,1863,,Year Round,49 N Main
112903,0.92,100.0,2025-09-09,2025-09-02,424900,792,0,2025-10-20,399999.0,FHA,D-0300-0033-0000,3,3,0,0,3,1,1,2328,2005,Paved,,4533 S 2275 E
112977,3.0,0.0,2025-09-16,2025-09-06,519900,0,14000,2025-10-20,519900.0,CONV,D-1139-0005-0047,3,2,0,0,1,1,1,1662,1994,Paved,,1686 S Cross Hollow Drive
112990,0.0,0.0,2025-09-19,2025-09-08,300000,0,1500,2025-10-20,320000.0,CONV,A-1150-0002-0001-110,2,2,0,0,1,1,1,1222,1978,Paved,Year Round,312 S Highway 143 #5B
113041,0.28,0.0,2025-09-15,2025-09-12,479900,0,0,2025-10-20,482900.0,CASH,A-0990-0002-0000,3,2,0,0,1,1,1,1743,2022,Paved,,1021 E 4290 N (Lot 2 Phs 4 Settlers Square)
113113,0.03,0.0,2025-09-16,2025-09-16,319900,0,0,2025-10-20,309566.0,CASH,B-2053-0006-0000,3,2,1,0,1,1,1,1716,2025,Paved,,51 S 4375 #6 W
113115,0.03,0.0,2025-09-16,2025-09-16,319900,0,0,2025-10-20,309566.0,CASH,B-2053-0009-0000,3,2,1,0,1,1,1,1716,2025,Paved,,51 S 4375 #9 W
113116,0.03,0.0,2025-09-16,2025-09-16,324900,0,0,2025-10-20,309566.0,CASH,B-2053-0005-0000,3,2,1,0,1,1,1,1716,2025,Paved,,51 S 4375 #5 W
113117,0.03,0.0,2025-09-16,2025-09-16,324900,0,0,2025-10-20,309566.0,CASH,B-2053-0007-0000,3,2,1,0,1,1,1,1716,2025,Paved,,51 S 4375 #7 W
113118,0.03,0.0,2025-09-16,2025-09-16,324900,0,0,2025-10-20,309566.0,CASH,B-2053-0008-0000,3,2,1,0,1,1,1,1716,2025,Paved,,51 S 4375 #8 W
113449,0.1,0.0,2025-10-14,2025-10-08,550000,0,0,2025-10-20,550000.0,CASH,1103-0113-0000,5,4,0,0,0,2,2,2103,2025,Paved,Year Round,599 S 75 E
108843,0.35,0.0,2025-09-26,2024-10-17,563900,1782,20000,2025-10-21,563900.0,CONV,D-0535-0004-0000,3,2,0,0,0,1,1,3564,2024,Paved,Year Round,2390 W 5190 Lot 4 N
110686,0.2,100.0,2025-10-01,2025-04-02,1099999,638,20000,2025-10-21,1000000.0,CONV,A-1151-0001-0004,5,4,0,0,2,1,1,3927,1998,Paved,,338 W Ridge View
112627,0.3,0.0,2025-09-12,2025-08-12,435000,0,0,2025-10-21,417000.0,CONV,A-0917-0132-0000,4,2,1,0,0,1,1,1921,2021,Paved,Year Round,2123 E Mountain View Loop
112855,0.03,80.0,2025-09-13,2025-08-28,324990,632,4000,2025-10-21,324990.0,CONV,B-1857-161-0000,4,2,1,0,0,1,1,2248,2025,Paved,Year Round,2964 W LaGrand #1161 Street
108564,0.23,100.0,2025-09-24,2024-09-27,480000,1638,16000,2025-10-22,465000.0,FHA,B-1747-0031-0000,5,3,0,0,1,1,1,3161,2004,Paved,Year Round,3893 W 1475 N
111307,0.26,100.0,2025-09-17,2025-05-12,489000,1324,5000,2025-10-22,479000.0,CONV,A-0917-0104-0000,6,3,0,0,0,1,1,2648,2007,Paved,,2138 E Ravine Road
111628,0.19,0.0,2025-09-22,2025-05-30,365000,0,0,2025-10-22,350000.0,CASH,B-1103-0057-0000,4,1,1,0,2,1,1,1756,1957,Paved,Year Round,443 S 300 E
113615,0.16,0.0,2025-10-22,2025-10-22,463477,0,0,2025-10-22,463677.0,CONV,B-2033-0022-0000,5,3,0,0,0,1,1,2020,2025,Paved,Year Round,1138 N Yucca Street
112254,0.5,0.0,2025-10-02,2025-07-14,347800,0,0,2025-10-23,335000.0,CONV,D-0518-0043-0001-02,3,1,0,1,0,1,1,1404,1994,Paved,,5243 N 2900 W
112852,0.03,0.0,2025-09-24,2025-08-27,324990,632,4000,2025-10-23,324990.0,CONV,B-1857-1163-0000,3,2,1,0,0,1,1,2205,2025,Paved,Year Round,2974 W Lagrand 1163 Street
113096,0.39,0.0,2025-09-29,2025-09-15,615000,0,0,2025-10-23,615000.0,CASH,B-2001-0034-0000,4,3,0,0,1,1,1,2345,2022,Paved,Year Round,2988 W 2025 S Circle
110070,0.03,0.0,2025-08-28,2025-02-19,320000,0,0,2025-10-24,316000.0,CASH,B-1848-0003-0020,3,2,1,0,0,1,1,1672,2019,Paved,Year Round,3081 W 1725 #20 N
111680,0.26,100.0,2025-09-30,2025-06-05,587500,1655,4445,2025-10-24,580000.0,CONV,B-2020-0106-0000,4,3,0,0,0,1,1,3519,2022,Paved,Year Round,4657 W 275 N
111765,0.24,100.0,2025-09-15,2025-06-11,449900,1021,5000,2025-10-24,435000.0,VA,B-1105-0004-0001,4,3,0,0,1,1,1,2596,1983,Paved,Year Round,28 S 580 E
111969,0.18,100.0,2025-09-25,2025-06-25,330000,500,0,2025-10-24,325000.0,CONV,B-0005-0001-0011,3,2,0,0,1,1,1,1502,1972,Paved,,364 N 1500 W
112078,0.41,0.0,2025-09-18,2025-07-03,499000,0,0,2025-10-24,475000.0,FHA,D-0759-0006-0026,3,2,1,0,1,1,1,2120,2013,Paved,Year Round,2284 W 2350 N
112645,0.17,0.0,2025-09-25,2025-08-14,399500,0,5000,2025-10-24,401300.0,VA,A-0845-0011-0002,3,2,0,0,0,1,1,1432,2025,Paved,Year Round,3973 N Hawks Landing Loop
112904,0.25,0.0,2025-10-07,2025-09-02,425000,0,0,2025-10-24,445000.0,CONV,B-1868-0010-0000,3,2,0,0,1,1,1,1912,2016,Paved,,1795 N 3475 W
112954,0.1,0.0,2025-10-06,2025-09-04,345000,0,10000,2025-10-24,330000.0,FHA,B-1474-0044-0000,3,2,1,0,1,1,1,1747,1998,Paved,,1365 N 650 W
112988,0.0,0.0,2025-09-10,2025-09-08,215000,0,0,2025-10-24,205000.0,CONV,B-1151-0001-0004-116,2,2,0,0,1,1,1,1136,1977,Paved,,936 Three Fountains Dr
113453,0.1,0.0,2025-10-14,2025-10-08,550000,0,0,2025-10-24,550000.0,CASH,1103-0114-0000,5,4,0,0,0,2,2,2103,2025,Paved,Year Round,611 S 75 E
113448,0.12,0.0,2025-10-14,2025-10-08,550000,0,0,2025-10-24,550000.0,CASH,1103-0112-0000,5,4,0,0,0,2,2,2103,2025,Paved,Year Round,597 S 75 E
111999,0.02,0.0,2025-09-25,2025-06-27,249900,0,0,2025-10-27,235000.0,CONV,B-1742-0047-0000,3,2,1,0,0,1,1,1365,2004,Paved,,1148 N Northfield #47 Road
112825,0.28,0.0,2025-10-09,2025-08-27,385500,0,7500,2025-10-27,385500.0,CONV,B-1176-0007-0004,3,2,0,0,1,1,1,1222,1991,Paved,,79 N Cove Drive
112921,0.03,0.0,2025-09-03,2025-09-03,324900,0,0,2025-10-27,319900.0,CASH,B-2053-0011-0000,3,2,1,0,1,1,1,1716,2025,Paved,,51 S 4375 #11 W
112087,0.2,0.0,2025-10-07,2025-07-02,429900,0,0,2025-10-28,429900.0,CONV,D-1224-0007-0000,3,2,0,0,1,1,1,1890,2025,Paved,,1966 W 4750 N
112748,0.52,0.0,2025-09-25,2025-08-21,415000,0,0,2025-10-28,415000.0,CASH,A-0876-0000-000Q-21,4,2,0,0,1,1,1,1650,2000,Paved,Year Round,4355 N Maple Lane
111257,0.19,100.0,2025-10-01,2025-05-09,399000,1000,6000,2025-10-29,395000.0,CONV,A-0382-0013-0000,5,2,0,0,0,1,1,2040,1980,Paved,,415 N 200 E
111779,0.29,0.0,2025-10-04,2025-06-12,608990,0,5000,2025-10-30,589800.0,CONV,B-2027-0005-0000,4,2,0,0,1,1,1,2055,2025,Paved,Year Round,2154 S Bluff Drive
111849,4.47,0.0,2025-09-30,2025-06-17,425000,0,5000,2025-10-30,410000.0,CONV,E-0147-0023-0000,3,2,0,0,0,1,1,1120,2011,,Year Round,4564 W 2100 N
111881,1.06,0.0,2025-09-18,2025-06-18,735000,0,0,2025-10-30,690000.0,CONV,A-2055-0012-0000,5,4,1,0,1,1,1,3735,2006,Paved,,485 S 1150 W
111967,0.3,0.0,2025-10-06,2025-06-24,624900,0,0,2025-10-30,620000.0,CONV,B-2012-0208-0000,4,2,1,0,1,1,1,2400,2025,,Year Round,1947 S Oak Springs Circle
112072,0.16,0.0,2025-10-08,2025-07-02,489900,0,0,2025-10-30,460000.0,CASH,B-2033-0024-0000,5,3,1,0,0,1,1,2803,2025,Paved,Year Round,1158 N Yucca St
112086,1.01,100.0,2025-09-18,2025-07-03,555000,1750,0,2025-10-30,517000.0,CONV,D-1193-000A-0001,4,2,0,0,1,1,1,3700,1999,Paved,Year Round,2270 W 2650 N
112537,0.3,0.0,2025-09-17,2025-08-06,799900,0,0,2025-10-30,775000.0,CONV,B-2012-0410-0000,5,3,1,0,1,1,1,2941,2025,Paved,Year Round,2773 W Rock Ridge Road
112735,0.65,0.0,2025-09-22,2025-08-21,529900,0,10000,2025-10-30,525900.0,FHA,D-1212-0005-0000,3,2,0,0,0,1,1,1620,2016,Paved,,2424 W 4390 N
112930,0.08,0.0,2025-09-22,2025-09-03,310000,0,12600,2025-10-30,315000.0,VA,B-1870-0018-0000,3,2,1,0,0,1,1,1611,2007,Paved,,1814 W Clark N Parkway
108219,0.28,0.0,2025-09-12,2024-08-30,439900,0,0,2025-10-31,445900.0,CONV,A-0798-0013-0000,3,2,0,0,0,1,1,1811,2024,Paved,Year Round,4886 N Springfield lot 13 Circle
111440,0.25,0.0,2025-10-06,2025-05-20,499000,0,0,2025-10-31,490000.0,CONV,A-1035-0004-0000,5,4,1,0,0,1,1,2541,2023,Paved,Year Round,4883 N 10 E
111571,0.05,0.0,2025-10-07,2025-05-29,350900,0,0,2025-10-31,340000.0,CASH,B-1740-000A-0010,3,2,0,0,1,1,1,1855,2005,Paved,Year Round,2155 W 700 #10 S
111620,0.27,100.0,2025-10-07,2025-06-02,645000,2071,0,2025-10-31,645000.0,CONV,B-1785-0050-0000,6,3,1,0,1,1,1,4142,2019,Paved,,291 S Marble Canyon Circle
112319,0.4,100.0,2025-10-02,2025-07-18,550000,1890,0,2025-10-31,550000.0,CONV,B-1747-0006-0000,5,4,0,0,1,1,1,3780,2005,Paved,Year Round,3820 W 1475 N
113173,0.02,0.0,2025-10-31,2025-09-18,1650,0,0,2025-10-31,1650.0,Other,B-2043-0007-0000,3,2,1,0,0,1,1,1518,2024,Paved,Year Round,535 W 2530 N #7
109535,20.0,0.0,2025-10-18,2025-01-07,145000,0,0,2025-11-01,145000.0,CONV,E-0979-0005-0000,4,1,0,0,1,1,1,1328,1980,Unimproved,,20 Acres With House in Beryl
110658,0.12,0.0,2025-09-29,2025-04-01,375000,0,0,2025-11-03,345000.0,CASH,A-2060-0012-0000,3,2,0,0,0,1,1,1352,2018,,Year Round,2285 W 450 S
110900,0.26,0.0,2025-08-06,2025-04-16,519900,1654,0,2025-11-03,545000.0,CASH,A-0990-0045-0000,3,2,0,0,1,1,1,3519,2025,Paved,,1082 E 4240 (Lot 45 Phs 4 Settlers Square) N
111931,0.0,0.0,2025-09-28,2025-06-18,250000,0,500,2025-11-03,235000.0,CONV,A-1153-0030-0000,1,1,0,0,1,1,1,675,1980,Paved,,385 S Vasels (fka Brian Head Blvd) #30
112200,0.3,100.0,2025-07-10,2025-07-10,686655,1894,15000,2025-11-03,691372.0,CONV,B-1877-0110-0000,7,4,0,0,0,2,2,3779,2025,Paved,Year Round,2062 S Serenity Drive
112696,0.19,80.0,2025-09-29,2025-08-18,395000,400,0,2025-11-03,365000.0,Other,B-1118-0014-0000,4,2,0,1,1,1,1,1912,1949,Paved,,245 S 800 W
113236,2.66,0.0,2025-10-13,2025-09-24,750000,0,0,2025-11-03,745000.0,CASH,A-0935-0017-0000,4,3,0,0,1,1,1,3400,2016,Paved,Year Round,5648 N Enoch Road
113309,0.0,0.0,2025-10-16,2025-09-30,175000,0,3000,2025-11-03,151000.0,CASH,A-1178-0235-0000,1,1,0,0,1,1,1,624,1983,,Year Round,150 W Ridge View St #235
112085,0.22,100.0,2025-09-11,2025-07-03,465000,914,4000,2025-11-04,450000.0,CONV,B-1615-0013-0000,4,3,1,0,1,1,1,2742,2002,Paved,Year Round,2566 N 475 W
112576,1.04,100.0,2025-10-03,2025-08-07,825000,1972,0,2025-11-04,800000.0,CONV,C-1115-0006-0034,4,2,1,0,2,1,1,3633,2005,,Year Round,1231 N Aspen Drive
112702,0.2,0.0,2025-09-12,2025-08-19,519000,1546,9950,2025-11-04,528950.0,CONV,B-2017-0032-0000,3,2,0,0,1,1,1,3244,2025,Paved,,159 N Sterling Dr (Lot 32 Phs 4 Crescent Hills)
112914,0.01,0.0,2025-09-30,2025-09-02,189999,0,5000,2025-11-04,168500.0,CONV,B-1960-0006-000E,3,2,1,0,0,1,1,1258,2006,Paved,,920 S 25 #6E E
113022,0.46,0.0,2025-09-22,2025-09-10,375000,0,0,2025-11-04,375000.0,CONV,A-0876-0000-000R-26,5,2,0,0,1,1,1,2066,2000,Paved,Year Round,723 E Rose Lane
113032,0.11,0.0,2025-09-23,2025-09-11,324990,0,9000,2025-11-04,324990.0,Utah Hsng,B-2033-0038-000W,3,2,0,0,0,1,1,1363,2025,Paved,Year Round,3277 W Indigo 1087 Street
113264,0.03,0.0,2025-10-03,2025-09-25,319900,0,0,2025-11-04,319900.0,CASH,B-2053-0014-0000,3,2,1,0,1,1,1,1716,2025,Paved,,51 S 4375 #14 W
110579,0.3,100.0,2025-10-15,2025-03-26,609000,1793,8500,2025-11-05,609000.0,CONV,D-1216-0006-0000,5,3,0,0,0,1,1,3586,2021,Paved,,3681 N 2275 W Native Dancer N
112733,0.2,0.0,2025-10-16,2025-08-21,355000,0,10000,2025-11-05,350000.0,VA,B-1046-0006-0000,5,3,0,0,0,1,1,1860,1976,,Year Round,373 E 440 S
113350,0.0,0.0,2025-10-24,2025-10-04,260000,0,0,2025-11-05,245000.0,CASH,A-1153-0065-0000,2,2,0,0,1,1,1,900,1980,Paved,Year Round,385 S Vasels Rd #65
113676,0.2,0.0,2025-10-29,2025-10-29,425800,0,0,2025-11-05,425800.0,CONV,A-0845-0011-0011,3,2,0,0,0,1,1,1432,2025,Paved,Year Round,3878 N Hawks Landing Loop
113764,0.02,100.0,2025-11-04,2025-11-04,364000,405,0,2025-11-05,364000.0,CONV,B-2041-0004-000A,4,3,1,0,0,1,1,2272,2025,Paved,Year Round,665 E 2015 #4A N
111270,0.41,100.0,2025-10-06,2025-05-09,499900,1012,0,2025-11-06,495000.0,CONV,A-0840-0009-0004,3,3,0,0,1,1,1,2622,1998,Paved,Year Round,4731 Quickdraw Lane
111597,0.0,0.0,2025-09-20,2025-05-31,549900,0,0,2025-11-06,520000.0,CONV,A-1173-0030-0000,3,3,0,0,3,1,1,1305,1982,Paved,Year Round,407 S Vasels #30 Road
112679,0.36,0.0,2025-10-15,2025-08-15,559500,0,0,2025-11-06,548000.0,CONV,B-1857-0018-0001,4,2,0,0,0,1,1,2256,2019,Paved,Year Round,163 S KINGSBURY Drive
112766,0.12,0.0,2025-10-06,2025-08-22,354000,0,11000,2025-11-06,339500.0,CONV,B-1832-0031-0001,3,2,1,0,0,1,1,1690,2006,Paved,,1329 W 1600 S
112892,0.15,0.0,2025-09-26,2025-08-29,419500,0,0,2025-11-06,409000.0,CONV,B-1895-0019-0001,3,2,0,0,1,1,1,1419,2019,Paved,Year Round,2416 W Clubhouse Loop
112995,0.9,0.0,2025-10-03,2025-09-09,899000,0,10000,2025-11-06,899000.0,CONV,B-2030-0015-0000,3,2,1,0,1,1,1,2501,2025,Paved,Year Round,4177 W 1800 S
113626,0.02,0.0,2025-10-24,2025-10-21,310000,0,5000,2025-11-06,305000.0,CASH,A-1173-0065-0000,2,2,0,0,1,1,1,930,1981,,Year Round,407 S Vasels (fka Brian Head Blvd) #65 Road
110310,1.15,0.0,2025-10-06,2025-03-07,799900,0,8000,2025-11-07,775000.0,CONV,E-0171-0002-0032,6,4,0,0,1,1,1,3624,2025,Paved,Year Round,6844 W 1500 N
112445,5.01,0.0,2025-09-26,2025-07-29,575000,0,0,2025-11-07,550000.0,CONV,E-0231-0015-0000,3,2,0,0,1,1,1,1533,2018,Paved,Year Round,7945 W 1800 S
112573,1.01,0.0,2025-10-23,2025-08-07,980000,0,10000,2025-11-07,980000.0,VA,B-2044-0015-0000,4,2,1,0,2,1,1,2566,2025,Paved,Year Round,"1878 S 4450 Lot 15, 4B Ranch W"
112935,0.0,0.0,2025-09-06,2025-09-04,665000,0,5000,2025-11-07,710000.0,CONV,A-1207-0002-006B,3,3,1,0,1,1,1,1980,2006,Paved,Year Round,565 Vasels #6B Road
113079,0.3,100.0,2025-10-21,2025-09-15,355000,827,1500,2025-11-07,336000.0,CASH,B-0310-0000-0000,4,2,0,0,0,1,1,1654,1931,Paved,,270 S 100 E
113081,0.26,0.0,2025-10-07,2025-09-15,457500,0,5000,2025-11-07,455000.0,CONV,A-0990-0046-0000,4,2,0,0,0,1,1,1800,2025,Paved,,1068 E 4240 (Lot 46 Phs 4 Settlers Square) N
113265,0.04,0.0,2025-10-16,2025-09-25,299900,0,0,2025-11-07,297000.0,CASH,B-1898-0065-0000,3,2,1,0,0,1,1,1538,2019,Paved,,173 E Fiddlers Canyon RD #65
113498,0.28,0.0,2025-10-13,2025-10-11,456800,0,0,2025-11-07,460000.0,CONV,A-1043-0003-0000,4,2,0,0,0,1,1,1993,2025,Paved,Year Round,5011 N Sagewood Lane
111365,0.42,0.0,2025-10-09,2025-05-15,425000,0,0,2025-11-10,425000.0,CONV,A-1041-0001-0000,3,2,0,0,0,1,1,1549,2025,Paved,Year Round,1792 E 5250 N
112223,0.42,0.0,2025-08-05,2025-07-11,965000,0,0,2025-11-10,1005217.0,CONV,B-2012-0908-0000,5,3,1,0,1,1,1,3887,2025,Paved,Year Round,1827 S Grace Lane
112678,0.41,15.0,2025-09-30,2025-08-15,449000,1340,0,2025-11-10,439000.0,CONV,A-0977-0035-0000,3,2,0,0,0,1,1,2680,2008,Paved,Year Round,2147 E Rachel
112882,0.2,100.0,2025-10-16,2025-08-29,569900,1624,0,2025-11-10,565000.0,CASH,B-1975-0009-0000,6,3,0,0,1,1,1,3248,2012,Paved,,345 S 3450 W
112920,0.03,0.0,2025-09-03,2025-09-03,319900,0,0,2025-11-10,314900.0,CASH,B-2053-0010-0000,3,2,1,0,1,1,1,1716,2025,Paved,,51 S 4375 #10 W
113035,0.03,80.0,2025-10-23,2025-09-11,324990,632,0,2025-11-10,324990.0,CASH,B-1857-1164-0000,3,2,1,0,0,1,1,2205,2025,Paved,Year Round,2988 W LAGRAND 1164 Street
113214,0.4,100.0,2025-09-26,2025-09-22,593000,0,8500,2025-11-10,560000.0,CONV,A-1211-0146-0000,4,2,0,0,1,1,1,2698,1981,Paved,,194 Deer Trail Drive
113262,0.03,0.0,2025-10-06,2025-09-25,319900,0,11840,2025-11-10,327000.0,CONV,B-2053-0012-0000,3,2,1,0,1,1,1,1716,2025,Paved,,51 S 4375 #12 W
113385,0.5,100.0,2025-10-10,2025-10-07,349900,1000,10000,2025-11-10,358900.0,CONV,A-0879-0000-000B-08,5,2,0,0,2,1,1,2000,1976,Paved,,721 W Cottonwood Drive
113546,0.23,90.0,2025-10-16,2025-10-14,335000,1350,0,2025-11-10,340000.0,CONV,B-1151-0003-0014,5,3,0,0,1,1,1,2700,1975,Paved,Year Round,995 S Cedar Knolls West
112170,5.0,0.0,2025-10-07,2025-07-09,768500,0,0,2025-11-12,730000.0,CONV,D-0502-0004-0000,4,2,1,0,0,1,1,2428,2025,,Year Round,2427 W 5500 N
112303,0.42,0.0,2025-09-30,2025-07-17,799900,0,0,2025-11-12,799900.0,Own Fin,B-2011-0012-0000,3,2,1,0,1,1,1,2868,2024,Paved,Year Round,2290 S Canyon Circle
113227,0.23,100.0,2025-10-16,2025-09-23,495000,1262,20000,2025-11-12,505000.0,CONV,B-1176-0003-0001,4,3,0,0,2,1,1,3018,2005,,Year Round,208 N Guidelight Drive
108220,0.37,0.0,2025-10-13,2024-08-30,449000,0,0,2025-11-13,435000.0,VA,A-0798-0015-0000,4,2,1,0,0,1,1,2264,2024,Paved,Year Round,4889 N Springfield lot 15 Circle
109553,0.14,0.0,2025-10-13,2025-01-09,417500,0,8000,2025-11-13,417500.0,CONV,B-2046-002S-0000,3,2,0,0,0,1,1,1758,2025,Paved,Year Round,1840 N Golden Eagle
112264,0.34,0.0,2025-10-06,2025-07-15,579000,0,0,2025-11-13,579000.0,CONV,B-2012-0409-0000,3,2,1,0,1,1,1,1922,2025,Paved,Year Round,2787 W Rock Ridge Road
113014,0.19,0.0,2025-10-13,2025-09-10,298000,0,6350,2025-11-13,294000.0,FHA,B-0065-0062-0000,3,2,0,0,0,1,1,1213,1996,Paved,,285 N Bulloch Place
110930,0.24,90.0,2025-08-11,2025-04-18,399000,735,10000,2025-11-14,410000.0,VA,B-1620-0010-0000,3,2,1,0,1,1,1,2039,1999,Paved,Year Round,148 N 2475 W Circle
111081,0.5,50.0,2025-11-04,2025-04-25,525000,1833,20000,2025-11-14,525000.0,CONV,D-1209-000C-0019,3,2,0,0,1,1,1,3666,2006,Paved,,865 S 4475 West
111332,0.11,100.0,2025-10-21,2025-05-14,399900,1019,0,2025-11-14,402400.0,CASH,B-2026-010A-0000,4,2,1,0,0,1,1,2166,2025,Paved,Year Round,732 S Liberty Cove Drive
112004,0.51,0.0,2025-10-29,2025-06-26,875390,0,0,2025-11-14,850000.0,CASH,D-0535-0014-0000,6,4,0,0,1,2,2,3518,2025,Paved,Year Round,5166 N 2570 W
112609,0.11,100.0,2025-10-21,2025-08-11,404900,1019,0,2025-11-14,402400.0,CASH,B-2026-009B-0000,4,2,1,0,0,1,1,2166,2025,Paved,Year Round,722 S Liberty Cove Drive
113141,0.11,100.0,2025-11-14,2025-09-17,399900,1019,0,2025-11-14,407658.14,CASH,B-2026-009A-0000,4,2,1,0,0,1,1,2166,2025,Paved,Year Round,714 S Liberty Cove Drive
113216,0.27,0.0,2025-10-08,2025-09-19,479000,0,12000,2025-11-14,479000.0,VA,B-1868-0032-0000,3,2,0,0,0,1,1,1610,2014,Paved,Year Round,1810 N 3450 W
111042,0.0,0.0,2025-10-28,2025-04-24,125000,0,0,2025-11-17,116000.0,CASH,A-1178-0103-0000,0,1,0,0,0,1,1,464,1983,Paved,Year Round,150 W Ridge View #103
111380,0.23,50.0,2025-10-27,2025-05-16,519000,1592,0,2025-11-17,494700.0,CASH,B-1688-0019-0000,5,3,0,0,0,1,1,3184,2017,Paved,Year Round,139 W 2825 N Circle
111672,0.28,0.0,2025-10-16,2025-06-04,519990,1202,0,2025-11-17,509990.0,FHA,B-1857-0027-0129,4,2,1,0,0,1,1,3742,2025,Paved,Year Round,549 S Bryant 129 Street
109044,0.41,100.0,2025-10-02,2024-11-05,695000,300,0,2025-11-18,630000.0,CONV,B-1114-0003-0008-041,4,2,1,0,3,1,1,3998,1988,Paved,,531 S 1840 W
112317,0.11,0.0,2025-10-15,2025-07-17,368000,0,0,2025-11-18,368500.0,CONV,B-2049-0009-000W,4,2,1,0,0,1,1,1600,2025,Paved,,124 W 2725 N
112318,0.11,0.0,2025-10-15,2025-07-18,368000,0,0,2025-11-18,368500.0,CONV,B-2049-0009-000E,4,2,1,0,0,1,1,1600,2025,Paved,,118 W 2725 N
112599,0.03,80.0,2025-10-11,2025-08-09,309990,632,9000,2025-11-18,309990.0,CONV,B-1857-1159-0000,3,2,1,0,0,1,1,2205,2025,,Year Round,2958 W LaGrand 1159 Street
113036,0.03,80.0,2025-10-14,2025-09-11,309990,632,9000,2025-11-18,309990.0,FHA,B-1857-1166-0000,3,2,1,0,0,1,1,2205,2025,Paved,Year Round,2992 W LaGrand #1166 Street
113578,0.02,0.0,2025-10-18,2025-10-17,250000,0,9000,2025-11-18,258000.0,CONV,B-1891-0048-0000,3,2,1,0,0,1,1,1365,2007,Paved,,370 W 1425 N #48
111888,0.48,80.0,2025-09-05,2025-06-18,450000,914,0,2025-11-19,430000.0,CONV,B-0026-0001-0000,4,3,0,0,3,2,1,3270,1952,Paved,Year Round,237 N 400 W
112428,0.83,100.0,2025-10-17,2025-07-28,535000,210,0,2025-11-19,514000.0,FHA,A-0715-0000-0000,4,2,0,0,1,1,1,1964,1927,Paved,Year Round,85 E 200 N
113134,0.24,100.0,2025-10-17,2025-09-17,548000,1040,10000,2025-11-19,542000.0,C for Deed,B-1115-0009-0000,5,3,1,0,0,2,2,2964,1998,Paved,Year Round,265 S 900 W
113467,0.12,0.0,2025-11-06,2025-10-09,319000,0,0,2025-11-19,313000.0,CASH,B-1791-0040-0000,3,2,0,0,0,1,1,1290,2006,Paved,Year Round,1410 S Northern View Drive
113726,0.53,0.0,2025-11-05,2025-11-03,249900,0,0,2025-11-19,234000.0,CASH,A-0878-0011-0022,3,2,0,0,1,1,1,1568,1996,Paved,Year Round,4261 N Morgan Drive
111222,0.06,0.0,2025-08-12,2025-05-06,349000,0,0,2025-11-20,335000.0,VA,B-1808-0005-0000,3,2,0,0,1,1,1,1824,2005,Paved,Year Round,396 W 1500 N
113038,0.03,80.0,2025-09-26,2025-09-11,309990,632,0,2025-11-20,309990.0,FHA,B-1857-1165-0000,3,2,1,0,0,1,1,2205,2025,Paved,Year Round,2990 W LAGRAND 1165 Street
113263,0.03,0.0,2025-10-24,2025-09-25,314900,0,0,2025-11-20,314000.0,CASH,B-2053-0013-0000,3,2,1,0,1,1,1,1716,2025,Paved,,51 S 4375 #13 W
113625,5.55,0.0,2025-10-26,2025-10-22,269900,0,15000,2025-11-20,275000.0,CONV,E-1402-0002-0000,3,2,0,0,0,1,1,1080,2005,,Year Round,131 S 1300 E
109673,0.3,0.0,2025-10-15,2025-01-21,639999,0,0,2025-11-21,625000.0,CASH,B-2012-0424-0000,4,2,1,0,1,1,1,2224,2025,Paved,,2906 W Rock Ridge Road
110680,1.12,0.0,2025-10-21,2025-03-30,580000,0,23200,2025-11-21,580000.0,VA,E-0171-0002-0031,3,3,0,0,1,1,1,2614,2004,Paved,,6832 W 1500 N
111916,0.27,0.0,2025-10-31,2025-06-20,675000,0,0,2025-11-21,655000.0,CONV,B-2012-0212-0000,4,2,1,0,1,1,1,2450,2025,Paved,Year Round,1918 S Oak Springs Circle
111956,0.99,100.0,2025-10-22,2025-06-24,650000,696,0,2025-11-21,638175.0,CONV,C-1115-0005-001A,3,1,1,1,1,1,1,2219,1975,Unimproved,Year Round,894 N Aspen Drive
112021,0.26,100.0,2025-09-05,2025-06-28,649900,1885,50,2025-11-21,620000.0,CONV,B-1718-0012-0000,6,3,0,0,2,1,1,3770,2002,Paved,,2258 W 700 S
112267,0.03,0.0,2025-10-27,2025-07-14,330000,632,0,2025-11-21,320000.0,CASH,B-1857-1030-0000,4,2,1,0,0,1,1,2247,2023,Paved,,2944 W Ezra Drive
112615,0.19,0.0,2025-10-06,2025-08-11,325000,0,550,2025-11-21,325000.0,CONV,B-1157-0001-0003,3,2,0,0,1,2,1,1452,1993,Paved,Year Round,437 Bristlecone Drive
112970,0.43,0.0,2025-11-06,2025-09-05,432500,0,0,2025-11-21,422900.0,CASH,A-0840-0006-0014,3,2,0,0,0,1,1,1593,2023,Paved,,4511 Marshal Trail
113175,0.56,0.0,2025-10-25,2025-09-18,680000,0,0,2025-11-21,665000.0,VA,B-1894-0006-0000,4,2,0,0,1,1,1,1829,2023,Paved,Year Round,1723 S 4150 W
113462,0.17,0.0,2025-10-17,2025-10-09,424900,0,0,2025-11-21,410000.0,CONV,B-1947-0014-0000,3,2,0,0,1,1,1,1614,2017,Paved,,1780 N Willow Lane
109179,0.48,0.0,2025-10-21,2024-11-19,316900,0,10000,2025-11-24,314900.0,CONV,A-0399-0000-0000,3,2,0,0,0,1,1,1308,2000,Paved,,56 W 500 N
111403,1.0,0.0,2025-09-17,2025-05-19,389000,0,8000,2025-11-24,384000.0,CONV,A-0929-0022-0000,4,2,0,0,0,1,1,1600,2025,Paved,,4060 N 350 W
112301,1.2,0.0,2025-10-02,2025-07-17,489900,0,0,2025-11-24,469900.0,CONV,D-0456-1246-0000,4,2,0,0,0,1,1,2169,2025,,Year Round,1.20 acres on 3925 W
112642,0.02,100.0,2025-10-15,2025-08-13,361900,405,0,2025-11-24,366900.0,VA,B-2041-0006-000D,4,3,1,0,0,1,1,2272,2025,Paved,Year Round,665 E 2015 6D N
113509,0.24,95.0,2025-11-01,2025-10-11,575000,1745,17000,2025-11-24,582000.0,CONV,B-1801-0014-0000,6,3,0,0,1,1,1,3490,2016,Paved,Year Round,156 S 4050 W
106445,0.0,0.0,2025-10-28,2024-04-18,128000,0,0,2025-11-25,125000.0,CASH,A-1176-000B-0206,0,1,0,0,1,1,1,420,1984,Paved,,464 N Hwy 143 #B206
110342,0.04,0.0,2025-11-03,2025-03-10,819000,0,0,2025-11-25,785000.0,CASH,A-1204-0017-0000,4,2,1,0,1,1,1,2345,2007,Paved,Year Round,310 N Highway 143 #17
111439,0.13,0.0,2025-09-30,2025-05-20,345000,0,0,2025-11-25,348000.0,VA,B-2029-0007-000S,3,2,0,0,0,1,1,1448,2024,Paved,Year Round,2833 N Rosie Loop
112927,0.44,0.0,2025-10-30,2025-09-01,575000,0,10000,2025-11-25,575000.0,VA,D-1224-0014-0000,4,2,1,0,1,1,1,2880,2025,Paved,Year Round,1993 W 4700 N
113068,0.13,0.0,2025-09-13,2025-09-13,324990,0,4000,2025-11-25,328310.0,VA,B-2033-0039-000W,3,2,0,0,0,1,1,1363,2025,Paved,Year Round,3287 W Indigo 1086 N Street
113490,0.41,100.0,2025-11-02,2025-10-10,1800000,2328,0,2025-11-25,1700000.0,CASH,A-1188-0002-0000,6,4,1,0,3,1,1,4656,2007,Paved,Year Round,265 W Eagle Roost Street
113604,0.48,100.0,2025-10-24,2025-10-21,474900,1237,10000,2025-11-25,475000.0,VA,A-0941-0008-0000,5,3,0,0,0,1,1,2474,2005,Paved,,1774 Sunset Road
113727,0.2,0.0,2025-11-11,2025-11-03,509900,0,0,2025-11-25,500000.0,CASH,B-2016-0011-0000,3,2,0,0,0,1,1,1837,2022,Paved,,3354 W Spring Circle
111426,0.42,100.0,2025-11-07,2025-05-19,430000,690,15000,2025-11-26,415000.0,FHA,B-1117-0008-0006,3,3,0,0,2,1,1,2573,1973,Paved,Year Round,338 Casa Loma Lane
113353,0.06,0.0,2025-10-04,2025-10-04,324990,0,0,2025-11-26,328310.0,CASH,B-2033-0039-000,3,2,0,0,0,1,1,1363,2025,,Year Round,3271 W Indigo 1088 Street
113688,2.34,0.0,2025-11-03,2025-10-30,419000,0,0,2025-11-26,430000.0,CASH,D-0592-0024-0002,1,0,0,0,0,1,1,1500,2025,Unimproved,Year Round,2135 W 4375 N
113736,0.5,90.0,2025-11-07,2025-11-05,365000,504,0,2025-11-28,370000.0,CONV,A-0900-0018-0000,3,2,0,0,0,1,1,1537,1997,Paved,,1570 E Stagecoach Lane
110609,0.25,0.0,2025-11-07,2025-03-28,414900,0,5000,2025-12-01,415000.0,CONV,A-0798-0043-0000,3,2,0,0,0,1,1,1542,2024,Paved,Year Round,927 E Winchester Drive
111893,0.35,1205.0,2025-08-05,2025-06-19,495000,1205,0,2025-12-01,435000.0,CONV,B-1018-0003-0000,4,1,1,1,2,1,1,3400,1955,Paved,Year Round,293 S 450 W
112122,19.81,100.0,2025-10-10,2025-07-07,749000,800,0,2025-12-01,749000.0,CONV,E-0209-0032-0001,6,5,0,0,2,1,1,2511,1999,,Year Round,6654 W 1400 S
112889,0.55,100.0,2025-11-07,2025-08-29,550000,1641,0,2025-12-01,550000.0,CONV,B-1400-0051-0000,5,3,1,0,2,1,1,3282,2004,Paved,,2216 W Cedar Hills Drive
112957,2.18,70.0,2025-09-30,2025-09-05,525000,1638,15000,2025-12-01,525000.0,CONV,D-0531-0001-0005,4,3,0,0,0,1,1,3276,2000,Paved,,5138 N 2700 W
113218,0.16,0.0,2025-10-31,2025-09-23,365000,0,0,2025-12-01,355000.0,CONV,B-1582-0003-0000,3,2,0,0,1,1,1,1360,1996,Paved,Year Round,65 N 4100 W
111360,0.1,0.0,2025-10-11,2025-05-15,360000,0,9000,2025-12-02,353000.0,VA,B-1202-0006-000S,3,2,1,0,1,1,1,1717,2018,Paved,Year Round,889 S 25 W
111902,0.12,90.0,2025-11-04,2025-06-19,360000,1104,15700,2025-12-02,365000.0,FHA,A-0138-0001-0001-138,7,2,0,0,0,1,1,2250,1979,Paved,Year Round,40 N 100 W
112450,0.22,100.0,2025-10-27,2025-07-29,399900,528,10000,2025-12-02,390000.0,CONV,B-1151-0001-0004-323,3,2,1,0,2,1,1,1884,1978,Paved,Year Round,1008 S Fountain Drive
113037,0.03,80.0,2025-10-16,2025-09-11,324990,632,0,2025-12-02,324990.0,CONV,B-1857-1167-0000,3,2,1,0,0,1,1,2205,2025,Paved,Year Round,2996 W LaGrand #1167 Street
113561,0.17,10.0,2025-11-01,2025-10-17,460000,1736,15000,2025-12-02,460000.0,VA,B-1759-0029-0000,5,2,0,0,1,1,1,3472,2005,Paved,,4155 W 275 N
111783,0.0,0.0,2025-09-22,2025-06-11,155000,0,0,2025-12-03,150000.0,CASH,0,4,2,0,0,0,1,1,1776,1989,Paved,Year Round,780 W 1125 23 N
112018,0.12,0.0,2025-09-25,2025-06-27,229000,0,10000,2025-12-03,228000.0,FHA,A-0158-0001-0000,1,1,0,0,0,1,1,698,1955,Paved,Year Round,82 W Pioneer Avenue
112130,0.13,0.0,2025-11-05,2025-07-07,399900,0,0,2025-12-03,399900.0,CONV,B-2031-0008-000S,4,2,1,0,1,1,1,1806,2025,,Year Round,1027 N Fern Street
112543,0.44,0.0,2025-09-02,2025-08-06,979900,0,10000,2025-12-03,974160.0,VA,B-2007-0011-00AM,6,4,0,0,1,1,1,4063,2025,Paved,,2369 W Portal Hill Road
113528,1.1,100.0,2025-10-23,2025-10-13,724900,0,0,2025-12-03,702400.0,CONV,D-1193-000C-0008,4,3,0,0,1,1,1,2867,2006,Paved,,2129 W 2650 N
110294,0.16,100.0,2025-10-31,2025-03-06,334900,931,10000,2025-12-04,334900.0,FHA,B-0011-0011-0000,5,2,0,0,2,1,1,1982,1972,Paved,,1120 Bulloch Circle
112848,0.02,0.0,2025-10-27,2025-08-28,268800,0,10000,2025-12-04,278800.0,FHA,B-2047-0008-0000,2,2,1,0,0,1,1,1284,2025,Paved,Year Round,3152 W 1625 #8 N
113323,0.13,0.0,2025-10-03,2025-10-01,324990,0,0,2025-12-04,324990.0,CASH,B-2033-0042-000E,3,2,0,0,0,1,1,1363,2025,Paved,Year Round,3263 W Indigo 1089 Street
113579,0.02,0.0,2025-10-31,2025-10-17,255000,0,6750,2025-12-04,255000.0,CONV,B-1917-0045-0000,3,2,1,0,0,1,1,1365,2010,Paved,,340 W 1425 N #68
111822,0.38,0.0,2025-08-09,2025-06-14,195000,0,0,2025-12-05,185000.0,CASH,A-0330-0002-0000,2,1,0,0,0,1,1,946,1948,Paved,Year Round,219 N 300 E
112486,0.02,0.0,2025-11-10,2025-07-31,283000,0,0,2025-12-05,275000.0,CONV,B-0143-0007-0000,3,2,1,0,0,1,1,1406,2021,Paved,Year Round,457 N 400 #7 W
112752,0.8,0.0,2025-10-22,2025-08-21,1199900,0,0,2025-12-05,1200000.0,Own Fin,A-0720-0002-0000,4,4,2,0,2,1,1,3644,2013,Paved,Year Round,470 N Main Street
112915,0.47,0.0,2025-10-27,2025-09-02,500000,1911,7500,2025-12-05,500000.0,CONV,A-0968-0007-0000,4,2,0,0,1,1,1,3928,2010,Paved,Year Round,4919 N Matheson Way
113237,0.24,0.0,2025-11-13,2025-09-24,515000,0,1000,2025-12-05,470000.0,CASH,B-1746-0021-0000,3,3,0,0,0,1,1,2600,2004,Paved,Year Round,552 S Cove Drive
113399,0.03,0.0,2025-10-23,2025-10-08,319900,0,5000,2025-12-05,319900.0,FHA,B-2053-0018-0000,3,2,1,0,1,1,1,1716,2025,Paved,,51 S 4375 #18 W
113477,0.1,100.0,2025-10-22,2025-10-10,269000,624,2000,2025-12-05,266000.0,FHA,B-1161-0001-0013,3,1,1,0,0,1,1,1248,1978,Paved,Year Round,402 W North Cedar Boulevard
113680,0.25,100.0,2025-11-04,2025-10-29,659900,1644,11000,2025-12-05,659900.0,CONV,B-2034-012A-0000,6,3,0,0,2,2,2,3288,2025,Paved,Year Round,2727 S Howard Lane
113138,0.42,0.0,2025-10-29,2025-09-16,364500,0,12300,2025-12-09,364500.0,VA,A-0780-0000-000B-01,4,2,0,0,0,1,1,1760,1997,Paved,Year Round,4975 N Tomahawk Drive
110756,0.23,0.0,2025-10-29,2025-04-07,545900,0,0,2025-12-10,530000.0,CASH,B-1135-0089-0013,5,2,0,0,1,1,1,1768,2025,Paved,,1338 W 1225 S
111913,0.23,100.0,2025-11-08,2025-06-20,847000,2011,10000,2025-12-10,805000.0,VA,B-1212-0004-0000,6,3,1,0,1,2,2,4093,2023,Paved,Year Round,2231 S 2925 W
113539,0.11,0.0,2025-11-03,2025-10-13,340000,0,6000,2025-12-10,336000.0,CONV,B-1202-0004-000S,3,2,0,0,1,1,1,1550,2020,Paved,,902 S 25 W
112973,0.31,0.0,2025-10-01,2025-09-06,649000,0,0,2025-12-11,648147.0,CONV,B-2012-0411-0000,4,2,1,0,1,1,1,2035,2025,Paved,Year Round,2770 W Rock Ridge Road
113320,0.03,80.0,2025-10-04,2025-10-01,349990,632,0,2025-12-11,349990.0,CONV,B-1857-1191-0000,3,2,1,0,0,1,1,2205,2025,Paved,Year Round,2965 W LaGrand #1191 Street
112271,0.19,0.0,2025-11-08,2025-07-15,410000,0,10000,2025-12-12,408000.0,FHA,B-1870-0007-0000,3,2,0,0,1,1,1,1546,2016,Paved,Year Round,2966 N Gemini Meadows Lane
112928,0.2,100.0,2025-11-01,2025-09-03,420000,776,10000,2025-12-12,425000.0,FHA,B-1389-0004-0000,4,3,0,0,1,1,1,1904,1993,Paved,Year Round,324 W 1650 N
113497,0.03,0.0,2025-11-11,2025-10-11,298800,0,5000,2025-12-12,303800.0,FHA,B-2047-0027-0000,3,2,1,0,0,1,1,1650,2025,Paved,Year Round,3169 W 1625 #27 N
113769,0.18,0.0,2025-11-09,2025-11-07,444900,0,0,2025-12-12,440000.0,CASH,B-2010-0057-0000,3,2,0,0,1,1,1,1412,2021,Paved,,168 N Castle Drive
114129,1.0,0.0,2025-12-12,2025-12-12,678985,0,5000,2025-12-12,678985.0,CONV,D-0535-0021-0000,6,3,1,0,1,1,1,2972,2025,Paved,,2393 W 5190 N
110602,0.37,0.0,2025-12-01,2025-03-26,890000,0,0,2025-12-15,865000.0,CONV,B-1857-0027-0144,5,4,0,0,1,1,1,3550,2025,Paved,,503 S Renze Adams Street
112001,0.27,0.0,2025-11-16,2025-06-26,399900,0,0,2025-12-15,379000.0,CASH,A-0452-0003-0000,3,2,0,0,0,1,1,1650,2019,Paved,,177 S 500 W
112561,5.01,0.0,2025-11-10,2025-08-07,610000,0,5000,2025-12-15,550750.0,CONV,D-0927-0001-0011,4,2,0,0,0,1,1,1500,2023,,Year Round,4119 W 1600 N
112595,0.22,0.0,2025-10-28,2025-08-08,419500,0,2500,2025-12-15,419500.0,VA,D-1224-0019-0000,3,2,0,0,0,1,1,1612,2025,Paved,Year Round,1968 W 4700 N
112754,0.16,0.0,2025-10-24,2025-08-22,417500,0,8500,2025-12-15,421000.0,CONV,B-2033-0025-0000,3,2,0,0,1,1,1,1748,2025,Paved,,1170 N Yucca (3325 West)
112787,0.28,0.0,2025-11-14,2025-08-26,489900,0,0,2025-12-15,475000.0,CASH,B-1688-0014-0000,3,2,0,0,1,1,1,1773,2016,Paved,Year Round,92 W 2775 N
113003,1.0,100.0,2025-11-10,2025-09-09,990000,2228,5000,2025-12-15,950000.0,CONV,B-1739-0006-0000,6,3,1,0,1,1,1,4456,2003,Paved,Year Round,1503 N 3700 W
113007,0.0,0.0,2025-11-24,2025-09-10,369900,0,0,2025-12-15,369000.0,CASH,A-1197-000A-0310,3,1,0,1,1,1,1,971,1984,Paved,Year Round,223 Hunter Ridge #1310
113396,0.03,0.0,2025-10-24,2025-10-08,319900,0,0,2025-12-15,314000.0,CASH,B-2053-0015-0000,3,2,1,0,1,1,1,1716,2025,Paved,,51 S 4375 #15 W
113397,0.03,0.0,2025-10-24,2025-10-08,314900,0,0,2025-12-15,314000.0,CASH,B-2053-0016-0000,3,2,1,0,1,1,1,1716,2025,Paved,,51 S 4375 #16 W
113398,0.03,0.0,2025-10-24,2025-10-08,314900,0,0,2025-12-15,314000.0,CASH,B-2053-0017-0000,3,2,1,0,1,1,1,1716,2025,Paved,,51 S 4375 #17 W
107413,0.13,0.0,2025-12-03,2024-06-26,382500,0,0,2025-12-16,382500.0,Other,B-2046-008N-0000,3,2,0,0,0,1,1,1481,2024,Paved,Year Round,1831 N Golden Eagle
112620,0.17,0.0,2025-11-12,2025-08-13,469000,0,0,2025-12-16,459000.0,CONV,B-2016-0008-0000,3,2,0,0,0,1,1,1725,2025,Paved,,3322 W Spring Circle
113317,0.03,0.0,2025-11-12,2025-09-29,295000,0,8550,2025-12-16,292270.0,CONV,B-1958-0035-000D,3,2,1,0,0,1,1,1420,2021,Paved,,3040 N 225 E
113371,1.01,0.0,2025-11-11,2025-10-06,475000,0,8000,2025-12-16,475000.0,CONV,D-1188-000A-0007,4,3,1,0,0,1,1,2300,1994,Paved,Year Round,4262 W 1400 S
110865,0.1,0.0,2025-11-14,2025-04-11,249900,0,6000,2025-12-17,248000.0,FHA,B-1899-0006-000N,3,2,0,0,0,1,1,1262,2007,Paved,Year Round,884 S 110 W
111930,0.03,0.0,2025-12-12,2025-06-20,289900,0,0,2025-12-17,285000.0,CASH,B-1958-0046-000G,3,2,1,0,0,1,1,1420,2020,Paved,,3076 N 275 E
113705,0.11,0.0,2025-12-02,2025-10-31,329900,0,0,2025-12-17,329900.0,CASH,B-2033-0037-000E,3,2,0,0,0,1,1,1363,2025,Paved,,3293 W Indigo Street
109151,0.4,0.0,2025-12-03,2024-11-14,514000,0,10000,2025-12-18,514000.0,CONV,B-1856-0008-0000,4,3,0,0,0,1,1,2400,2025,Paved,Year Round,3319 W Cimarron
110408,0.0,0.0,2025-12-09,2025-03-14,175000,0,0,2025-12-18,162000.0,CASH,BUC016317AZ-ABAC,3,2,0,0,0,1,1,1392,2025,Paved,,780 W 1125 #22 N
111929,0.3,100.0,2025-10-31,2025-06-20,785000,2214,0,2025-12-18,750000.0,CONV,B-1811-0038-0000,5,3,0,0,1,1,1,4174,2016,Paved,Year Round,1419 N Knoll Street
112083,0.27,0.0,2025-11-12,2025-07-02,579990,1907,0,2025-12-18,579990.0,CONV,B-1857-0027-0126,4,2,1,0,1,1,2,4591,2025,,Year Round,583 S Cedar Creek 126 Drive
113011,0.21,0.0,2025-11-17,2025-09-10,460000,0,10000,2025-12-18,460000.0,CONV,B-2017-0018-0000,3,2,0,0,0,1,1,1633,2022,Paved,Year Round,40 N Strathmore Lane
113643,0.03,80.0,2025-12-02,2025-10-23,321990,632,0,2025-12-18,321990.0,CASH,B-1857-1196-0000,3,2,1,0,0,1,1,2205,2025,Paved,Year Round,2945 W LAGRAND 1196 Street
110239,0.12,0.0,2025-11-08,2025-03-04,279000,0,5000,2025-12-19,260000.0,CONV,B-1161-0001-0004,3,2,0,0,0,1,1,1152,1990,Paved,Year Round,1653 N Cedar Boulevard
113391,0.23,100.0,2025-11-25,2025-10-07,499000,1578,0,2025-12-19,499000.0,FHA,B-1739-0021-0000,7,3,1,0,0,1,1,3768,2004,Paved,Year Round,3854 W 1500 N
113388,0.06,0.0,2025-10-17,2025-10-07,374900,0,0,2025-12-19,357000.0,CONV,B-2024-0002-0001,2,2,0,0,1,1,1,1644,2020,Paved,Year Round,876 S Lincoln #1 Avenue
113439,0.21,0.0,2025-10-31,2025-10-08,550000,0,0,2025-12-19,550000.0,CONV,1103-0102-0000,5,4,0,0,0,2,2,2103,2025,Paved,Year Round,613 S 75 E
113480,0.5,10.0,2025-11-18,2025-10-10,549900,1534,0,2025-12-19,549900.0,CONV,D-0463-0031-0000,3,2,0,0,0,1,1,3147,2025,Paved,Year Round,4741 N 2600 W
113600,0.28,0.0,2025-11-11,2025-10-21,659900,0,0,2025-12-19,655500.0,CONV,B-2012-0933-0000,3,2,0,0,1,1,1,1975,2025,Paved,Year Round,1810 S Hidden Canyon Road
113679,0.43,100.0,2025-11-20,2025-10-29,544900,1500,7050,2025-12-19,535000.0,CONV,A-0840-0004-0009,5,3,0,0,2,1,1,3000,2006,Paved,,4652 N Marshal Trail
113714,0.41,100.0,2025-11-19,2025-10-31,494900,432,0,2025-12-19,494900.0,CONV,A-0906-0019-0000,5,4,1,0,0,1,1,2478,1998,Paved,,4759 N Oregon 1120 E. Trail
114058,0.51,0.0,2025-12-09,2025-12-09,744895,0,5000,2025-12-19,744895.0,CASH,D-0535-0028-0000,5,3,1,0,1,1,1,2972,2025,Paved,,5144 N 2525 W
112583,0.3,10.0,2025-08-08,2025-08-08,547000,1598,0,2025-12-22,557443.0,CONV,B-2020-0163-0000,3,2,0,0,0,1,1,3389,2025,,Year Round,4614 W 150 Lot 163 N
113310,0.11,0.0,2025-11-18,2025-09-30,315000,0,10000,2025-12-22,315000.0,VA,B-2038-0015-000W,3,2,0,0,0,1,1,1154,2025,Paved,,619 W 2360 N
113665,0.03,0.0,2025-11-19,2025-10-24,294900,0,9000,2025-12-22,299000.0,CONV,B-1898-0029-0000,3,2,1,0,0,1,1,1538,2018,Paved,,173 E Fiddlers Canyon #29 Road
113835,0.08,100.0,2025-12-03,2025-11-14,355000,0,3500,2025-12-22,355000.0,CONV,B-1870-0079-0000,4,2,1,0,0,1,1,1822,2025,Paved,,2762 N Clark Pkwy
111343,0.67,100.0,2025-11-19,2025-05-14,438900,1242,0,2025-12-23,442000.0,CASH,D-0688-0001-0002,4,3,0,0,1,1,1,3236,1980,Paved,,248 W 2530 N
112104,11.79,100.0,2025-11-19,2025-07-03,1595000,2640,0,2025-12-23,1350000.0,CONV,A-0728-0001-0000,6,3,1,0,2,1,1,5280,2005,,Year Round,269 S 100 E
113075,0.0,0.0,2025-12-03,2025-09-15,272500,0,7000,2025-12-23,267000.0,CONV,A-1150-0004-0020,2,1,0,0,1,1,1,865,1971,Paved,,356 S Highway 143 143 #l-22 (L6)
113894,0.03,0.0,2025-11-24,2025-11-19,304800,0,0,2025-12-24,304800.0,CONV,B-2047-0028-0000,3,2,1,0,0,1,1,1650,2025,Paved,Year Round,3169 W 1625 #28 N
111719,0.32,0.0,2025-11-22,2025-06-06,470000,0,0,2025-12-26,458000.0,CONV,B-1424-0003-0000,3,2,1,0,1,1,1,2315,1996,Paved,Year Round,2176 W Heather Lane
113644,0.03,80.0,2025-11-29,2025-10-23,309990,632,0,2025-12-29,309990.0,FHA,B-1857-1195-0000,3,2,1,0,0,1,1,2205,2025,Paved,Year Round,2949 W LaGrand 1195 Street
112379,0.17,100.0,2025-11-20,2025-07-23,409000,1271,0,2025-12-30,397500.0,CONV,B-1098-0006-0001,5,2,0,0,3,1,1,2938,1958,Paved,Year Round,522 S 640 W
112919,0.28,100.0,2025-11-07,2025-09-02,560000,988,0,2025-12-30,520000.0,CONV,B-1132-0007-0008,6,3,1,0,1,1,1,2898,1991,Paved,Year Round,734 S 1100 W
112991,0.21,95.0,2025-12-02,2025-09-08,499000,1789,2250,2025-12-30,480000.0,CONV,B-1092-0001-0000,4,2,1,0,2,1,1,3897,1965,Paved,Year Round,525 Cedarwood Ter
113746,0.03,80.0,2025-12-04,2025-11-05,319990,632,0,2025-12-30,319990.0,CONV,B-1857-1194-0000,4,2,1,0,0,1,1,2248,2025,Paved,Year Round,2953 W LaGrand #1194 Street
113848,0.0,0.0,2025-12-15,2025-11-17,50000,0,0,2025-12-30,38000.0,CASH,0,2,1,0,0,0,1,1,700,1960,Paved,Year Round,363 E Center Street #10
113893,0.02,0.0,2025-12-12,2025-11-19,268800,0,0,2025-12-30,268800.0,CASH,B-2047-0030-0000,2,2,1,0,0,1,1,1284,2025,Paved,Year Round,3143 W 1625 #30 N
112651,0.1,0.0,2025-11-14,2025-08-14,275000,0,5000,2025-12-31,272500.0,FHA,B-1474-0016-0000,2,2,0,0,0,1,1,1100,1999,Paved,Year Round,1398 N 650 W
