List Number,Sold Date,Sold Price,Basement SqFt,Year Built,Lot Acres,Total Bedrooms,Full Baths,Half Baths,Garage Type,Zoned,Subdivision,Parcel Number,Garage Capacity,Photo URL,Bsmt % Finish,Fireplaces2,Kitchens,Laundry,Concessions4,Road Condition,Accessability,Address,GLA,Adjusted SP
113175,11/21/2025,665000,0,2023,0.56,4,2,0,Attach,Residential,4 B Ranch,B-1894-0006-0000,4,http://cdn.photos.sparkplatform.com/icb/20250918174527088995000000.jpg,0,1,1,1,0,Paved,Year Round,1723 S 4150 W,1829,665000
113178,10/17/2025,497800,0,2005,0.31,3,2,0,Attach,R,Ashdown Forest,B-1779-0012-0000,3,http://cdn.photos.sparkplatform.com/icb/20250919112020274995000000.jpg,0,1,1,1,0,Paved,Year Round,1190 E Nichols Canyon Road,2087,497800
113214,11/10/2025,560000,0,1981,0.4,4,2,0,Attach,R1,Cedar Breaks Mtn,A-1211-0146-0000,4,http://cdn.photos.sparkplatform.com/icb/20250919203601312362000000.jpg,1,1,1,1,8500,Paved,,194 Deer Trail Drive,2698,551500
113227,11/12/2025,505000,1262,2005,0.23,4,3,0,Attach,Res,Beacon Hill,B-1176-0003-0001,2,http://cdn.photos.sparkplatform.com/icb/20250923232233465667000000.jpg,1,2,1,1,20000,,Year Round,208 N Guidelight Drive,1756,485000
113236,11/3/2025,745000,0,2016,2.66,4,3,0,Attach,R,Not Applicable,A-0935-0017-0000,2,http://cdn.photos.sparkplatform.com/icb/20250924181921433532000000.jpg,0,1,1,1,0,Paved,Year Round,5648 N Enoch Road,3400,745000
109313,8/15/2025,636560,2414,1980,1.14,8,3,0,Attach,Mixed R,Not Applicable,A-0793-0006-0000,2,http://cdn.photos.sparkplatform.com/icb/20241204224738383100000000.jpg,1,1,1,1,0,Paved,Year Round,667 E Midvalley Road,2414,636560
113262,11/10/2025,327000,0,2025,0.03,3,2,1,Attach,R-3,Iron Hawk Townhomes,B-2053-0012-0000,2,http://cdn.photos.sparkplatform.com/icb/20250923161514664470000000.jpg,0,1,1,1,11840,Paved,,51 S 4375 #12 W,1716,315160
113264,11/4/2025,319900,0,2025,0.03,3,2,1,Attach,R-3,Iron Hawk Townhomes,B-2053-0014-0000,2,http://cdn.photos.sparkplatform.com/icb/20250923163343615156000000.jpg,0,1,1,1,0,Paved,,51 S 4375 #14 W,1716,319900
113265,11/7/2025,297000,0,2019,0.04,3,2,1,Attach,R-3-M,Stone Gate,B-1898-0065-0000,2,http://cdn.photos.sparkplatform.com/icb/20250925150829201669000000.jpg,0,0,1,1,0,Paved,,173 E Fiddlers Canyon RD #65,1538,297000
113309,11/3/2025,151000,0,1983,0,1,1,0,Bsmt,R3,Copper Chase Condos,A-1178-0235-0000,1,http://cdn.photos.sparkplatform.com/icb/20250930184028815166000000.jpg,0,1,1,1,3000,,Year Round,150 W Ridge View St #235,624,148000
113385,11/10/2025,358900,1000,1976,0.5,5,2,0,Carpor,R-1-18,Cottonwood Sub,A-0879-0000-000B-08,2,http://cdn.photos.sparkplatform.com/icb/20251007194754278254000000.jpg,1,2,1,1,10000,Paved,,721 W Cottonwood Drive,1000,348900
113448,10/24/2025,550000,0,2025,0.12,5,4,0,Attach,Short Term,Not Applicable,B-1103-0112-0000,2,http://cdn.photos.sparkplatform.com/icb/20251009004600200276000000.jpg,0,0,2,2,0,Paved,Year Round,597 S 75 E,2103,550000
113449,10/20/2025,550000,0,2025,0.1,5,4,0,Attach,Short Term,Not Applicable,B-1103-0113-0000,2,http://cdn.photos.sparkplatform.com/icb/20251009010804352935000000.jpg,0,0,2,2,0,Paved,Year Round,599 S 75 E,2103,550000
113453,10/24/2025,550000,0,2025,0.1,5,4,0,Attach,Nightly,Not Applicable,B-1103-0114-0000,2,http://cdn.photos.sparkplatform.com/icb/20251009040225395395000000.jpg,0,0,2,2,0,Paved,Year Round,611 S 75 E,2103,550000
113462,11/21/2025,410000,0,2017,0.17,3,2,0,Attach,R1,Sycamore Trail,B-1947-0014-0000,2,http://cdn.photos.sparkplatform.com/icb/20251016181536506510000000.jpg,0,1,1,1,0,Paved,,1780 N Willow Lane,1614,410000
113467,11/19/2025,313000,0,2006,0.12,3,2,0,Attach,R-2,Southern View,B-1791-0040-0000,2,http://cdn.photos.sparkplatform.com/icb/20251024181248815432000000.jpg,0,0,1,1,0,Paved,Year Round,1410 S Northern View Drive,1290,313000
113509,11/24/2025,582000,1745,2016,0.24,6,3,0,Attach,R-1,Mountain Shadows,B-1801-0014-0000,2,http://cdn.photos.sparkplatform.com/icb/20251010161718348625000000.jpg,0.95,1,1,1,17000,Paved,Year Round,156 S 4050 W,1745,565000
113546,11/10/2025,340000,1350,1975,0.23,5,3,0,Attach,R-1,Cedar Knolls West,B-1151-0003-0014,2,http://cdn.photos.sparkplatform.com/icb/20251014190257520593000000.jpg,0.9,1,1,1,0,Paved,Year Round,995 S Cedar Knolls West,1350,340000
109447,2/5/2025,496082,0,2024,0.33,3,2,0,Attach,R-1,Iron Crest,B-2028-0010-0000,3,http://cdn.photos.sparkplatform.com/icb/20241219191828464064000000.jpg,0,1,1,1,28082,Paved,,3822 W 925 N,1707,468000
109646,4/7/2025,127000,0,1984,0,0,1,0,Bsmt,R3,Timberbrook Village,A-1176-0002-0004,1,http://cdn.photos.sparkplatform.com/icb/20250118235753584887000000.jpg,0,1,1,1,0,Paved,,464 N Hwy 143 #A204,420,127000
109647,4/14/2025,465000,0,1999,0.18,3,2,1,Attach,Res,Hillcrest Phase 1,B-1613-0018-0000,2,http://cdn.photos.sparkplatform.com/icb/20250117045043200195000000.jpg,1,1,1,1,10000,Paved,,681 S Legacy Park Avenue (2200 W) W,1978,455000
101545,2/20/2025,1380000,0,2022,1.07,3,2,1,Attach,R1,4 B Ranch,B-1824-0027-0000,7,http://cdn.photos.sparkplatform.com/icb/20240510213708973219000000.jpg,0,2,1,1,0,Paved,,1702 S 4450 W,3400,1380000
109782,2/26/2025,221000,0,1984,0,1,1,0,Bsmt,R-3,Timberbrook Village,A-1176-000B-0213,1,http://cdn.photos.sparkplatform.com/icb/20250131163530264733000000.jpg,0,1,1,1,0,Paved,Year Round,464 N HWY 143 #B213,658,221000
108976,6/18/2025,302000,973,1976,0.18,3,2,0,Carpor,R1,Northwood,B-0005-0001-0008,2,http://cdn.photos.sparkplatform.com/icb/20241030042219954015000000.jpg,1,1,1,1,0,Paved,,354 N 1500 W,1066,302000
111798,7/30/2025,403900,0,2020,0.41,3,2,0,Attach,Residential,Iron Mountain,A-0974-0139-0000,2,http://cdn.photos.sparkplatform.com/icb/20250613120050276733000000.jpg,0,0,1,1,11900,Paved,Year Round,4430 N Gold Dust Trail,1435,392000
109003,3/19/2025,0,405,2024,0.02,4,3,1,Attach,R3-M,Fiddlers Cove PUD,B-2041-0004-000D,2,http://cdn.photos.sparkplatform.com/icb/20241101162507552342000000.jpg,1,0,1,1,0,Paved,Year Round,665 E 2015 #4D N,1867,0
112114,9/19/2025,528315,1939,2025,0.24,3,2,0,Attach,Residential,Old Sorrel Ranch,B-1857-0027-0096,3,http://cdn.photos.sparkplatform.com/icb/20250705190749188271000000.jpg,0.1,0,1,1,0,Paved,Year Round,576 S Cedar Creek 96 Drive,1792,528315
103344,3/10/2025,139900,0,2019,0.03,1,1,0,Carpor,Res,Foothills RV Park,A-0504-0003-0003-06,1,http://cdn.photos.sparkplatform.com/icb/20230828210019241583000000.jpg,0,0,1,1,0,Paved,Year Round,306 Beth,451,139900
104305,5/28/2025,560000,1522,2016,0.43,5,3,0,Attach,R,Hawthorn Estates,A-0954-0019-0000,2,http://cdn.photos.sparkplatform.com/icb/20231007002844918651000000.jpg,1,0,1,1,0,Paved,,3367 Westward Avenue,1580,560000
104762,3/17/2025,715000,0,2006,0,3,3,0,Bsmt,R3,Lofts at Brianhead,A-1205-0007-000A,2,http://cdn.photos.sparkplatform.com/icb/20231124202836648534000000.jpg,0,1,1,1,0,Paved,,270 S Highway 143 #7A,2145,715000
104855,1/16/2025,687000,672,1998,0.47,3,3,0,Attach,Residential,Mountair Evergreen E,A-1138-0047-0000,1,http://cdn.photos.sparkplatform.com/icb/20231206214650282357000000.jpg,1,2,1,1,0,,Year Round,661 N Aspen Drive,1526,687000
104894,2/21/2025,0,2567,2005,0.34,7,6,0,Attach,Residential,Wild Flower,B-1746-0016-0000,3,http://cdn.photos.sparkplatform.com/icb/20231213182235745782000000.jpg,0.8,1,1,1,0,Paved,,578 S Josie Circle,3762,0
105307,2/14/2025,405000,1430,1999,0.24,5,3,0,Attach,Residential,Cove,B-1160-0004-0001,2,http://cdn.photos.sparkplatform.com/icb/20240806034917020622000000.jpg,1,1,1,1,1500,Paved,Year Round,2196 W Saddleback Drive,1430,403500
105392,1/31/2025,670000,0,2006,0,4,3,0,Attach,R3,White Bear Condos,A-1200-0AC4-0000,2,http://cdn.photos.sparkplatform.com/icb/20240529182332319691000000.jpg,0,1,1,1,0,Paved,,74 W Ridge View #ac4 Street,3048,670000
105394,2/7/2025,445500,0,2018,0.18,3,2,0,Attach,R-1,Crescent Hills,B-1999-0039-0000,3,http://cdn.photos.sparkplatform.com/icb/20240205235807175454000000.jpg,0,0,1,1,300,,Year Round,95 York N,1631,445200
112294,8/22/2025,339000,0,2006,0.11,3,2,1,Attach,R,Trailside,B-1873-0001-0000,2,http://cdn.photos.sparkplatform.com/icb/20250717171123103339000000.jpg,0,1,1,1,5000,,Year Round,7 E 820 S,1780,334000
105968,7/18/2025,379030,0,2008,0.1,2,2,0,Attach,R-1,Crescent Heights,B-1895-0007-0000,2,http://cdn.photos.sparkplatform.com/icb/20240910212221753438000000.jpg,0,1,1,1,0,Paved,,2405 W Crescent Heights Dr,1734,379030
106307,1/28/2025,465000,0,2024,1.23,4,2,0,Attach,R,Cedar Valley Acres,D-0456-1283-0000,3,http://cdn.photos.sparkplatform.com/icb/20241218172342196730000000.jpg,0,0,1,1,10000,Unimproved,Year Round,6388 N 3975 W,2990,455000
106502,4/7/2025,765000,1896,2024,0.56,4,2,1,Attach,Re,4 B Ranch,B-1894-0008-0000,3,http://cdn.photos.sparkplatform.com/icb/20241022171227417791000000.jpg,0.2,1,1,1,0,Paved,Year Round,1771 S 4150 W,1931,765000
106583,1/3/2025,397000,0,2024,0.27,3,2,0,Attach,R-1,Valley Gate Estates,A-0798-0037-0000,2,http://cdn.photos.sparkplatform.com/icb/20240731185729561472000000.jpg,0,0,1,1,0,Paved,Year Round,4898 N Winchester Drive,1432,397000
106618,5/5/2025,265000,0,2024,0.02,3,2,1,None,R3-M,Trailside,B-2040-0018-000F,0,http://cdn.photos.sparkplatform.com/icb/20240501175427667450000000.jpg,0,0,1,1,0,Paved,Year Round,920 S 25 #18F E,1242,265000
106623,5/16/2025,367000,0,2024,0.16,3,2,1,Attach,R-3,Iron West,B-2042-0011-000W,2,http://cdn.photos.sparkplatform.com/icb/20241022202921300904000000.jpg,0,0,1,1,0,Paved,,4519 W 300 N,1651,367000
106651,2/26/2025,1345600,1554,2008,0.39,4,3,0,Attach,R1,Trails @ Navajo,A-1184-0003-0000,4,http://cdn.photos.sparkplatform.com/icb/20240501202357804441000000.jpg,1,3,1,1,0,Paved,,427 W Hunter Ridge,2668,1345600
106748,1/9/2025,690000,1896,2023,0.5,4,3,0,Attach,R-1/2,Westview Estates,D-1213-000E-0009,3,http://cdn.photos.sparkplatform.com/icb/20240509160826032619000000.jpg,0.05,1,1,1,0,Paved,Year Round,1311 S 4175 W,3242,690000
106806,2/10/2025,750000,1634,2015,0.53,6,3,0,Attach,Re,Equestrian Pointe,B-1804-0016-0000,3,http://cdn.photos.sparkplatform.com/icb/20240723173416114651000000.jpg,1,1,1,1,0,Paved,Year Round,3445 W 1375 N,1634,750000
106867,1/15/2025,458900,0,2024,0.26,3,2,0,Attach,Re,Iron West,B-2020-0152-0000,3,http://cdn.photos.sparkplatform.com/icb/20241011182346591520000000.jpg,0,0,1,1,0,Paved,Year Round,4631 W 200 Lot 152 N,1773,458900
106907,3/28/2025,375000,0,1995,0.5,3,2,0,Attach,R-1,Buena Vista,D-1189-000A-0021,2,http://cdn.photos.sparkplatform.com/icb/20240520214849958227000000.jpg,0,0,1,1,1199,Paved,Year Round,4169 W 475 N,1268,373801
106919,6/3/2025,745000,0,2019,0.04,4,3,1,Attach,R3,Anderson PUD,A-1204-0001-0000,2,http://cdn.photos.sparkplatform.com/icb/20240521175409543441000000.jpg,0,1,1,1,4500,Paved,,310 N Hwy 143 #1,2777,740500
106963,4/1/2025,465750,1605,1994,0.3,6,4,0,Attach,Res,Jefferson Park,B-1132-0007-0033,2,http://cdn.photos.sparkplatform.com/icb/20240523171204063581000000.jpg,1,1,1,1,6150,Paved,Year Round,965 W 600 S,1623,459600
106976,6/2/2025,379900,0,2024,0.1,4,2,1,Attach,R,Magnolia Fields,B-2031-0006-000N,2,http://cdn.photos.sparkplatform.com/icb/20240523235102702491000000.jpg,0,1,1,1,0,Paved,Year Round,1055 N Fern Street,1806,379900
106977,6/2/2025,379900,0,2024,0.1,4,2,1,Attach,R,Magnolia Fields,B-2031-0006-000S,2,http://cdn.photos.sparkplatform.com/icb/20240521220428802962000000.jpg,0,1,1,1,0,Paved,,1049 N Fern Street,1806,379900
106996,1/27/2025,432500,0,2019,0.16,3,2,0,Attach,Residential,Crescent Hills,B-1999-0046-0000,2,http://cdn.photos.sparkplatform.com/icb/20240524223208785741000000.jpg,0,1,1,1,1000,Paved,Year Round,2823 W 25 N Sterling Drive,1633,431500
107032,5/15/2025,340000,0,2021,0.11,4,2,1,Attach,R-3-M,Mountain Vista,B-1873-0027-000N,2,http://cdn.photos.sparkplatform.com/icb/20240529153950313645000000.jpg,0,0,1,1,9355,Paved,Year Round,904 S 25 E,2305,330645
107058,1/21/2025,1890000,3782,2006,4.34,5,4,1,Attach,R-1,Equestrian Pointe,B-1598-0009-0000,10,http://cdn.photos.sparkplatform.com/icb/20240528175123010391000000.jpg,1,2,1,1,0,Paved,,3557 W 1600 N,3512,1890000
107064,2/14/2025,460000,0,2024,0.16,5,3,0,Attach,R-1,Pointe West,B-2033-0033-0000,2,http://cdn.photos.sparkplatform.com/icb/20240819152426985456000000.jpg,0,1,1,1,15000,Paved,Year Round,3335 W Indigo Street,2020,445000
107075,7/9/2025,395000,268,2010,0,2,2,0,Attach,R,White Bear Condos,A-1200-0AA3-0000,2,http://cdn.photos.sparkplatform.com/icb/20240531153913639089000000.jpg,1,1,1,1,0,Paved,,74 W Ridge View #AA3 or #A7 Street,900,395000
107217,3/21/2025,740000,0,2021,0.35,4,3,0,Attach,R-1,Legacy Park Sub,B-1424-0002-0000,3,http://cdn.photos.sparkplatform.com/icb/20240611185635717915000000.jpg,0,1,1,1,0,Paved,Year Round,389 S Mesa Hills Drive,2785,740000
112303,11/12/2025,799900,0,2024,0.42,3,2,1,Attach,R-1,The Canyon at Eagle Ridge,B-2011-0012-0000,3,http://cdn.photos.sparkplatform.com/icb/20250717230857455984000000.jpg,0,1,1,1,0,Paved,Year Round,2290 S Canyon Circle,2868,799900
112304,8/14/2025,500000,1032,1924,0.3,6,3,0,Detach,R3M,Cedar City,B-0253-0000-0000,1,http://cdn.photos.sparkplatform.com/icb/20250717231505287472000000.jpg,1,0,2,2,0,Paved,Year Round,264 S 100 W,1573,500000
107234,2/27/2025,576000,0,2024,0.26,4,2,1,Attach,R1,Iron West,B-2020-0079-0000,3,http://cdn.photos.sparkplatform.com/icb/20240911184658752125000000.jpg,0,1,1,1,0,Paved,Year Round,4326 W 200 North Circle,2143,576000
107240,1/17/2025,544000,0,2024,0.46,3,2,0,Attach,R,Sunview Estates,A-0907-0005-0000,3,http://cdn.photos.sparkplatform.com/icb/20240926152611571527000000.jpg,0,0,1,1,10000,Paved,Year Round,4256 N Tomahawk,1600,534000
107243,1/7/2025,481840,1117,2024,0.26,4,2,1,Attach,Re,Iron West,B-2020-0146-0000,2,http://cdn.photos.sparkplatform.com/icb/20240612165920263796000000.jpg,0.9,0,1,1,0,Paved,Year Round,4676 W 200 Lot 146 N,1419,481840
107248,5/29/2025,371005,0,2024,0.12,3,2,0,Attach,R-2-2,Rose Village,B-2029-0017-000W,2,http://cdn.photos.sparkplatform.com/icb/20250212013058197576000000.jpg,0,0,1,1,5000,Paved,,347 W Bradley Lane Lot 17W,1448,366005
112306,9/12/2025,494900,0,2025,0.24,4,2,0,Attach,Residential,Old Sorrel Ranch,B-1857-0027-0121,3,http://cdn.photos.sparkplatform.com/icb/20250718041616005377000000.jpg,0,0,1,1,0,Paved,Year Round,596 S Foundation Trail,1786,494900
112308,9/22/2025,429900,0,2025,0.28,3,3,0,Attach,Residentiaal,Valley Gate Estates,A-0798-0022-0000,3,http://cdn.photos.sparkplatform.com/icb/20250815215939101217000000.jpg,0,0,1,1,6500,Paved,Year Round,4961 N Winchester,1630,423400
112313,8/15/2025,249900,0,1972,0.5,2,0,1,None,R-1,Not Applicable,A-1115-0003-0012,0,http://cdn.photos.sparkplatform.com/icb/20250717224603735523000000.jpg,0,1,1,1,0,,Seasonal,268 W Bobcat Road,1080,249900
112319,10/31/2025,550000,1890,2005,0.4,5,4,0,Attach,R1,Equestrian Pointe,B-1747-0006-0000,3,http://cdn.photos.sparkplatform.com/icb/20250718223527457193000000.jpg,1,1,1,1,0,Paved,Year Round,3820 W 1475 N,1890,550000
112323,9/3/2025,415000,0,2016,0.18,3,2,0,Attach,Single Family,Sycamore Trail,B-1947-0005-0000,2,http://cdn.photos.sparkplatform.com/icb/20250719011217233497000000.jpg,0,1,1,1,5600,Paved,,1794 N Magnolia Lane,1802,409400
112330,8/26/2025,360000,0,1996,0.46,3,2,0,Attach,Residential,Mid Valley Estates,D-0518-0044-0000,2,http://cdn.photos.sparkplatform.com/icb/20250719201432796780000000.jpg,0,0,1,1,12000,Paved,Year Round,5153 N 2950 W,1200,348000
112336,9/2/2025,450000,777,1999,0.42,5,2,1,Attach,Residential,Enoch Gardens,A-0780-0000-000D-06,2,http://cdn.photos.sparkplatform.com/icb/20250721155728948047000000.jpg,1,1,1,1,9000,Paved,Year Round,4951 N Mule Train Drive,1513,441000
112344,9/4/2025,742979,0,2025,0.34,3,2,1,Attach,R,Saddleback Ridge,B-2012-0640-0000,3,http://cdn.photos.sparkplatform.com/icb/20250721234055731836000000.jpg,0,1,1,1,0,Paved,,2870 W Mountain Ranch Road,1971,742979
112366,9/17/2025,370000,0,2004,0.16,3,2,0,Attach,R1,Cedar Meadows,B-1582-0035-0000,2,http://cdn.photos.sparkplatform.com/icb/20250723013741149906000000.jpg,0,1,1,1,10000,Paved,,4182 W 150 N,1597,360000
112377,8/29/2025,474900,1365,1998,0.52,4,2,0,Attach,R-1,Spanish Trails,A-0878-0012-0008,2,http://cdn.photos.sparkplatform.com/icb/20250723170846100307000000.jpg,0.85,1,1,1,10000,Paved,,114 W Palomino Drive,1384,464900
107303,3/27/2025,60000,0,2000,0.03,1,1,0,None,R-3,Foothills RV Park,A-0504-0003-0004-09,0,http://cdn.photos.sparkplatform.com/icb/20240618195222915109000000.jpg,0,0,1,1,0,Paved,,409 Kari,456,60000
107321,2/21/2025,490000,1817,2006,0.25,3,2,0,Attach,R-1,Canyon Gate,B-1781-0004-0000,2,http://cdn.photos.sparkplatform.com/icb/20240619170356908498000000.jpg,0.25,1,1,1,9800,Paved,Year Round,2367 N Monarch Circle,2075,480200
112733,11/5/2025,350000,0,1976,0.2,5,3,0,Carpor,R-2,Flaming Hills,B-1046-0006-0000,1,http://cdn.photos.sparkplatform.com/icb/20251015004852582406000000.jpg,0,0,1,1,10000,,Year Round,373 E 440 S,1860,340000
112382,10/9/2025,535900,1681,2025,0.2,3,2,0,Attach,R-2-1,Crescent Hills,B-2017-0034-0000,3,http://cdn.photos.sparkplatform.com/icb/20251006170915184683000000.jpg,0,1,1,1,8950,Paved,,123 N Sterling Dr (Lot 34 Phs 4 Crescent Hills),1850,526950
107410,6/18/2025,412500,0,2024,0.14,3,2,0,Attach,R2-2,Ekko View Estates,B-2046-008S-0000,2,http://cdn.photos.sparkplatform.com/icb/20241121174358095430000000.jpg,0,0,1,1,0,Paved,Year Round,1823 N Golden Eagle,1743,412500
107412,4/25/2025,380000,0,2024,0.12,3,2,0,Attach,R2-2,Ekko View Estates,B-2046-001N-0000,2,http://cdn.photos.sparkplatform.com/icb/20241121175719898794000000.jpg,0,0,1,1,3500,Paved,Year Round,1849 N Golden Eagle,1445,376500
112735,10/30/2025,525900,0,2016,0.65,3,2,0,Attach,R1,Sunrise Meadows,D-1212-0005-0000,2,http://cdn.photos.sparkplatform.com/icb/20250821154234282109000000.jpg,0,0,1,1,10000,Paved,,2424 W 4390 N,1620,515900
107441,1/20/2025,315000,0,2024,0.11,3,2,0,Attach,Residential,Sage Springs,B-2038-0003-000W,1,http://cdn.photos.sparkplatform.com/icb/20240627161621790467000000.jpg,0,0,1,1,15000,Paved,Year Round,489 W 2360 N,1176,300000
107475,2/20/2025,274000,0,1971,0,2,1,0,None,Res,Brian Head Village,A-1150-0004-0030,0,http://cdn.photos.sparkplatform.com/icb/20240628235024413949000000.jpg,0,1,1,1,900,Paved,Year Round,356 S HWY 143 #J-34,865,273100
107523,5/12/2025,600000,1686,2024,0.25,6,4,0,Attach,R-2-1,Magnolia Fields,B-2031-0015-0000,3,http://cdn.photos.sparkplatform.com/icb/20250109231853066823000000.jpg,1,1,1,1,0,,Year Round,1041 N Olesia Street,1686,600000
107558,5/27/2025,447000,0,2024,0.16,5,3,0,Attach,R-1,Pointe West,B-2033-0013-0000,2,http://cdn.photos.sparkplatform.com/icb/20241001170309148706000000.jpg,0,1,1,1,10000,Paved,,3322 W Pointe West Way,2020,437000
107582,6/2/2025,570000,0,2024,0.27,4,2,1,Attach,R,Magnolia Fields,B-2031-0016-0000,3,http://cdn.photos.sparkplatform.com/icb/20250315234238491635000000.jpg,1,1,1,1,0,Paved,Year Round,1029 N Olesia Street,2624,570000
107626,3/31/2025,319900,0,2024,0.03,3,2,1,Attach,R-2,The Village at 56,B-1436-0011-0000,2,http://cdn.photos.sparkplatform.com/icb/20240710182822363194000000.jpg,0,0,1,1,9913,Paved,,4283 W HWY 56 #11,1625,309987
107627,1/10/2025,150000,0,1980,0,0,1,0,None,Multi Family,Brianwood Condo,A-1153-0026-0000,0,http://cdn.photos.sparkplatform.com/icb/20240702212116681515000000.jpg,0,0,1,1,0,Paved,,385 S Vasels (fka Brian Head Blvd) #26,480,150000
107640,3/12/2025,498000,1715,2020,0.23,3,2,0,Attach,Residential R-1,Equestrian Pointe,B-1601-0000-0000,2,http://cdn.photos.sparkplatform.com/icb/20241011165926166233000000.jpg,0.15,0,1,1,23000,Paved,Year Round,3782 W 1300 N,1715,475000
107647,1/29/2025,390000,832,1994,0.51,3,2,1,Attach,R-1/2,Buena Vista,D-1189-000A-0006,1,http://cdn.photos.sparkplatform.com/icb/20241104172703511789000000.jpg,1,1,1,1,0,Paved,Year Round,4098 W 575 N,1377,390000
107715,5/1/2025,499900,930,1977,0.67,5,2,0,Attach,R-1,Not Applicable,A-0868-0000-0000,3,http://cdn.photos.sparkplatform.com/icb/20240718040412134477000000.jpg,0.7,1,1,1,0,Paved,,3793 N Minersville Road,2050,499900
107730,1/17/2025,585000,0,2024,0.24,3,2,0,Attach,R,Saddleback Ridge,B-2012-0925-0000,3,http://cdn.photos.sparkplatform.com/icb/20240823152843915581000000.jpg,0,1,1,1,0,Paved,Year Round,1809 S Hidden Canyon Road,1912,585000
107749,5/13/2025,619300,1894,2025,0.23,7,3,0,Attach,R-2-1,Black Sage,B-1877-0102-0000,3,http://cdn.photos.sparkplatform.com/icb/20240831042434863075000000.jpg,1,0,1,1,15000,Paved,Year Round,2528 W Black Sage Drive,1885,604300
107756,2/28/2025,496000,1117,2024,0.26,4,2,1,Attach,Re,Iron West,B-2020-0149-0000,3,http://cdn.photos.sparkplatform.com/icb/20241014211343423716000000.jpg,0.5,0,1,1,0,Paved,Year Round,4677 W 200 Lot 149 N,1419,496000
107771,1/10/2025,501897,1455,2024,0.2,3,3,0,Attach,R-2-1,Crescent Hills,B-2017-0038-0000,2,http://cdn.photos.sparkplatform.com/icb/20250107011259293567000000.jpg,0.1,1,1,1,0,Paved,,59 N Sterling Dr (Lot 38 Phs 4 Crescent Hills),1594,501897
107774,1/17/2025,779500,0,2024,0.3,3,2,1,Attach,R,Saddleback Ridge,B-2012-0923-0000,3,http://cdn.photos.sparkplatform.com/icb/20250117190833235627000000.jpg,0,1,1,1,0,Paved,Year Round,1841 S Hidden Canyon Road,2500,779500
107787,1/8/2025,609925,0,2024,0.35,4,2,1,Attach,Residential,Painted Desert,D-0535-0004-0000,5,http://cdn.photos.sparkplatform.com/icb/20240724170612779638000000.jpg,0,1,1,1,0,Paved,Year Round,2368 W 5190 Lot 3 Ph 1 N,2115,609925
107794,1/2/2025,145000,0,1984,0,0,1,0,Attach,R3/Nightly Rent,Brian Head North,A-1197-000E-0307,1,http://cdn.photos.sparkplatform.com/icb/20240724193151924568000000.jpg,0,1,1,1,0,Paved,Year Round,223 Hunter Ridge #e307 Road,375,145000
107804,5/14/2025,555000,0,2006,0.02,2,2,0,Attach,R3,Lofts at Brianhead,A-1205-0008-000D,2,http://cdn.photos.sparkplatform.com/icb/20240723202606450647000000.jpg,0,1,1,1,0,Paved,Year Round,270 S HWY 143 8D,1759,555000
107827,1/23/2025,357000,0,1993,0.19,3,2,0,None,R-2-2,Canyon Park,B-1105-0004-0000,0,http://cdn.photos.sparkplatform.com/icb/20240725220053545572000000.jpg,0,1,1,1,5000,Paved,Year Round,37 S 580 E,1850,352000
107851,6/20/2025,330000,0,2024,0.11,3,2,1,Attach,R-3-M,Cedar City,B-0897-0003-0000,2,http://cdn.photos.sparkplatform.com/icb/20250312005831657904000000.jpg,0,0,1,1,0,Paved,Year Round,273 W 400 N,1515,330000
107852,6/23/2025,330000,0,2024,0.12,3,2,1,Attach,R-3-M,Cedar City,B-0897-0002-0000,2,http://cdn.photos.sparkplatform.com/icb/20250312005434846368000000.jpg,0,0,1,1,0,Paved,Year Round,275 W 400 N,1515,330000
107853,4/10/2025,585000,1650,2017,0.24,6,3,0,Attach,R1,Mountain Shadows,B-1798-0020-0000,8,http://cdn.photos.sparkplatform.com/icb/20240729213414009849000000.jpg,1,1,1,1,0,Paved,Year Round,78 S 4050 W,1650,585000
109177,2/14/2025,600000,1858,2007,0.28,6,4,0,Attach,Residential,Sunset Canyon Estate,B-1858-0025-0000,3,http://cdn.photos.sparkplatform.com/icb/20241119045137336291000000.jpg,1,0,2,1,6000,Paved,Year Round,2762 W 375 S S,1858,594000
107882,2/14/2025,290000,0,2019,0.04,3,2,1,Attach,R-3-M,Stone Gate,B-1898-0066-0000,2,http://cdn.photos.sparkplatform.com/icb/20240731174141705505000000.jpg,0,0,1,1,650,Paved,Year Round,175 E Fiddlers Canyon #66,1538,289350
107897,4/11/2025,292000,0,2024,0.02,3,2,1,Attach,R3,Arbor Park Townhomes,B-2013-0049-0000,2,http://cdn.photos.sparkplatform.com/icb/20240801210319620986000000.jpg,0,0,1,1,0,Paved,Year Round,498 W 1225 49 N,1500,292000
107902,7/7/2025,410000,268,2008,0.04,2,2,0,Attach,Res,White Bear Condos,A-1200-0BA3-0000,2,http://cdn.photos.sparkplatform.com/icb/20240801222533731070000000.jpg,1,2,1,1,0,,Year Round,74 W Ridge View #B7,900,410000
107905,1/28/2025,398880,0,2024,0.14,3,2,0,Attach,Residential,Rose Village,B-2029-0023-000E,2,http://cdn.photos.sparkplatform.com/icb/20240802154535251721000000.jpg,0,0,1,1,0,Paved,Year Round,379 W Rosie Lot 23E Loop,1448,398880
107909,8/20/2025,267500,0,1973,0,2,2,0,None,Res,Aspens Condos,A-1150-0002-0001-113,0,http://cdn.photos.sparkplatform.com/icb/20240802190650833050000000.jpg,0,1,1,1,0,Paved,,312 S HWY 143 143 #7a,842,267500
107933,3/3/2025,345000,300,2003,0.69,3,3,0,None,Residential,Old Irontown,E-0843-0002-0001-021,0,http://cdn.photos.sparkplatform.com/icb/20240805204812032416000000.jpg,1,2,1,1,0,,Year Round,4040 S 17550 W,1400,345000
107972,2/21/2025,270000,0,2024,0.02,2,2,1,Attach,R3,Arbor Park Townhomes,B-2013-0046-0000,2,http://cdn.photos.sparkplatform.com/icb/20240808162705214626000000.jpg,0,0,1,1,0,Paved,Year Round,498 W 1225 46 N,1388,270000
107973,1/3/2025,270000,0,2024,0.02,2,2,1,Attach,R3,Arbor Park Townhomes,B-2013-0048-0000,2,http://cdn.photos.sparkplatform.com/icb/20240808163714424226000000.jpg,0,0,1,1,0,Paved,Year Round,498 W 1225 48 N,1388,270000
107996,1/8/2025,417500,0,2024,0.13,3,2,0,Attach,R2-2,Ekko View Estates,B-0777-0078-0080,2,http://cdn.photos.sparkplatform.com/icb/20240809203820563682000000.jpg,0,0,1,1,0,Paved,Year Round,3087 W Ekko View Loop,1743,417500
108003,6/18/2025,595000,1823,2024,0.33,3,2,0,Attach,R1,Iron Crest,B-2028-0006-0000,3,http://cdn.photos.sparkplatform.com/icb/20250205195824049990000000.jpg,0,1,1,1,0,Paved,,3852 W 925 N,1823,595000
108004,9/16/2025,597500,1830,2024,0.33,3,2,1,Attach,R,Iron Crest,B-2028-0007-0000,3,http://cdn.photos.sparkplatform.com/icb/20250305173652155205000000.jpg,0,1,1,1,0,Paved,Year Round,3837 W 925 N,1830,597500
108027,3/17/2025,385000,1014,1994,0.5,4,2,0,Attach,Aiz,Western Homestead,A-0840-0002-0004,1,http://cdn.photos.sparkplatform.com/icb/20240925160257929453000000.jpg,1,0,1,1,0,Paved,Year Round,4562 N Old Scout Trail,1014,385000
108081,1/17/2025,278000,0,2020,0.02,3,2,1,Attach,Mu,Cedar Edge,B-1386-0047-0000,2,http://cdn.photos.sparkplatform.com/icb/20240816173806589872000000.jpg,0,0,1,1,0,Paved,Year Round,1560 S Topaz #C #c;;;1560 1450 #c,1620,278000
108093,3/26/2025,328000,1050,1979,0.17,5,2,0,Carpor,R-2-2,Desert Pines,B-1195-0001-0003,2,http://cdn.photos.sparkplatform.com/icb/20240821150233769987000000.jpg,1,1,1,1,6000,Paved,Year Round,1067 Desert Pines Drive,1050,322000
108113,1/29/2025,388250,0,2024,0.14,3,2,0,Attach,Residential,Rose Village,B-2029-0023-000W,2,http://cdn.photos.sparkplatform.com/icb/20240821231346035598000000.jpg,0,0,1,2,0,Paved,Year Round,387 W Rosie Lot 23W Loop,1448,388250
108130,1/10/2025,525000,0,1994,1.25,4,2,1,Attach,R,Spring Creek,D-1188-000B-0006,1,http://cdn.photos.sparkplatform.com/icb/20240820151701342875000000.jpg,0,1,1,1,0,Paved,Year Round,1454 S 4200 W,2245,525000
108138,7/30/2025,805000,1925,2014,3,4,3,0,Detach,Residential,Not Applicable,A-0507-0006-0000,4,http://cdn.photos.sparkplatform.com/icb/20240823162012485415000000.jpg,1,2,1,1,0,Paved,Year Round,850 S 750 W,1925,805000
108140,1/29/2025,360000,0,1981,0,2,2,0,Attach,Res,Giant Steps Condo,A-1173-0002-0000,1,http://cdn.photos.sparkplatform.com/icb/20240823000608099194000000.jpg,0,1,1,1,0,Paved,Year Round,407 S Vasels # 2 Road,930,360000
112766,11/6/2025,339500,0,2006,0.12,3,2,1,Attach,R-2-2,Southern View,B-1832-0031-0001,2,http://cdn.photos.sparkplatform.com/icb/20250823015450436081000000.jpg,0,0,1,1,11000,Paved,,1329 W 1600 S,1690,328500
108217,1/17/2025,415000,0,2024,0.28,3,2,1,Attach,R1,Valley Gate Estates,A-0798-0010-0000,3,http://cdn.photos.sparkplatform.com/icb/20250114033053844812000000.jpg,0,0,1,1,0,Paved,Year Round,866 E Winchester lot 10 Drive,1631,415000
108218,8/29/2025,450000,0,2024,0.28,4,2,1,Attach,R1,Valley Gate Estates,A-0798-0012-0000,3,http://cdn.photos.sparkplatform.com/icb/20250320181236751656000000.jpg,0,0,1,1,0,Paved,Year Round,4892 N Springfield lot 12 Circle,2264,450000
108219,10/31/2025,445900,0,2024,0.28,3,2,0,Attach,R1,Valley Gate Estates,A-0798-0013-00AM,3,http://cdn.photos.sparkplatform.com/icb/20250821164336230018000000.jpg,0,0,1,1,0,Paved,Year Round,4886 N Springfield lot 13 Circle,1811,445900
108220,11/13/2025,435000,0,2024,0.37,4,2,1,Attach,R1,Valley Gate Estates,A-0798-0015-0000,3,http://cdn.photos.sparkplatform.com/icb/20250908144918450970000000.jpg,0,0,1,1,0,Paved,Year Round,4889 N Springfield lot 15 Circle,2264,435000
108221,3/19/2025,465000,0,2024,0.28,3,2,0,Attach,R1,Valley Gate Estates,A-0798-0016-0000,3,http://cdn.photos.sparkplatform.com/icb/20250114024754773692000000.jpg,0,0,1,1,0,Paved,Year Round,4891 N Springfield lot 16 Circle,1811,465000
108228,2/21/2025,387900,0,2024,0.1,4,2,1,Attach,R-2-2,Magnolia Fields,B-2031-0005-000S,2,http://cdn.photos.sparkplatform.com/icb/20240830155514372956000000.jpg,0,1,1,1,0,,Year Round,1061 N Fern Street,1806,387900
108229,4/25/2025,386000,0,2024,0.1,4,2,1,Attach,R-2-2,Magnolia Fields,B-2031-0005-000N,2,http://cdn.photos.sparkplatform.com/icb/20240830160506615656000000.jpg,0,1,1,1,6000,,Year Round,1065 N Fern Street,1806,380000
108256,3/14/2025,449900,0,2005,0.41,3,2,0,Attach,R-1,Three Peak,A-0938-0024-0000,4,http://cdn.photos.sparkplatform.com/icb/20240903171820261915000000.jpg,0,0,1,1,10000,Paved,Year Round,4795 N Halterman,1450,439900
108318,5/14/2025,465000,0,2024,0.26,4,2,0,Attach,R-1,Valley Gate Estates,A-0798-0008-0000,2,http://cdn.photos.sparkplatform.com/icb/20250403003920683936000000.jpg,0,0,1,1,12000,Paved,Year Round,888 E Winchester Drive,2169,453000
108325,3/31/2025,400000,0,2019,6.02,1,1,0,None,R,Not Applicable,D-0503-0007-0000,0,http://cdn.photos.sparkplatform.com/icb/20240907023201062644000000.jpg,0,1,1,1,0,Unimproved,Year Round,2558 W 6200 N,770,400000
108336,2/11/2025,459000,0,2024,0.24,4,2,0,Attach,R-1,Old Sorrel Ranch,B-1857-0027-0089,3,http://cdn.photos.sparkplatform.com/icb/20241003133420985644000000.jpg,0,0,1,1,0,Paved,Year Round,492 S Cedar Creek Drive,1758,459000
108339,3/3/2025,489000,1077,1992,0.54,6,4,0,Attach,Res,Fiddlers Canyon,B-1340-0004-0014,3,http://cdn.photos.sparkplatform.com/icb/20240909204935556991000000.jpg,1,1,1,1,0,Paved,,826 E Cottontail Circle,2204,489000
108343,3/5/2025,225000,0,1985,0,3,2,0,Detach,R3,Parowan Canyon Condo,A-0052-0020-0000,1,http://cdn.photos.sparkplatform.com/icb/20240909225259197112000000.jpg,0,1,1,1,0,Paved,,170 S 300 East #F1,1274,225000
108353,7/15/2025,299900,0,2002,0.14,3,2,0,Attach,Residential,Meadowdale,B-1711-0008-0000,2,http://cdn.photos.sparkplatform.com/icb/20240910204523828920000000.jpg,0,0,1,1,10086,,Year Round,637 W 1300 N,1218,289814
108356,1/21/2025,145000,0,2023,0,3,2,0,Carpor,R3,Canyon Vw Mfg Hm Prk,0,2,http://cdn.photos.sparkplatform.com/icb/20241101183829145342000000.jpg,0,0,1,1,0,Paved,,780 W 1125 #20 N,1200,145000
108371,2/5/2025,360000,405,2024,0.02,3,3,1,Attach,R3-M,Fiddlers Cove PUD,B-2041-0005-000A,2,http://cdn.photos.sparkplatform.com/icb/20240926162618061786000000.jpg,1,0,1,1,0,Paved,Year Round,665 E 2015 #5A N,1867,360000
108376,4/22/2025,228500,0,2007,0.1,2,1,0,None,R-1,Cedar Willows,B-1893-0007-0000,0,http://cdn.photos.sparkplatform.com/icb/20240912025329966425000000.jpg,0,0,1,1,0,Paved,,1882 N 1600 Access N Road,768,228500
108379,1/24/2025,250000,0,2008,0.02,3,2,1,Carpor,R3,Cedar Park,B-1917-0056-0000,1,http://cdn.photos.sparkplatform.com/icb/20240913031353895280000000.jpg,0,0,1,1,0,Paved,,340 W 1425 #57 N,1335,250000
108396,3/27/2025,750000,1683,2012,3.8,3,3,0,Attach,R-1,Cross Hollow Hills,D-1139-0010-0085,3,http://cdn.photos.sparkplatform.com/icb/20240912151650802021000000.jpg,1,1,1,1,0,Paved,,1222 S Panorama Drive,1683,750000
108401,1/24/2025,300000,0,2024,0.02,3,2,1,Attach,Residential,Cedar Breaks Townhomes,B-2043-0002-0000,2,http://cdn.photos.sparkplatform.com/icb/20240914024833809881000000.jpg,0,0,1,1,0,Paved,Year Round,535 W 2530 Unit 2 N,1518,300000
108402,7/31/2025,307500,0,2024,0.02,3,2,1,Attach,Residential,Cedar Breaks Townhomes,B-2043-0003-0000,2,http://cdn.photos.sparkplatform.com/icb/20240914025908542181000000.jpg,0,0,1,1,0,Paved,Year Round,535 W 2530 Unit 3 N,1518,307500
108403,7/31/2025,301000,0,2024,0.02,3,2,1,Attach,Residential,Cedar Breaks Townhomes,B-2043-0004-0000,2,http://cdn.photos.sparkplatform.com/icb/20240914030505316572000000.jpg,0,0,1,1,0,Paved,Year Round,535 W 2530 Unit 4 N,1518,301000
108404,1/8/2025,303000,0,2024,0.02,3,2,1,Attach,Residential,Cedar Breaks Townhomes,B-2043-0005-0000,2,http://cdn.photos.sparkplatform.com/icb/20240914031302775546000000.jpg,0,0,1,1,0,Paved,Year Round,535 W 2530 Unit 5 N,1518,303000
108406,2/11/2025,260000,0,2024,0.01,3,1,1,None,R-3-M,Cedar Breaks Townhomes,B-2043-0012-0000,0,http://cdn.photos.sparkplatform.com/icb/20240914032939512173000000.jpg,0,0,1,1,0,Paved,Year Round,535 W 2530 Unit 12 N,1270,260000
108425,5/5/2025,884000,0,2003,2.23,4,2,0,Attach,Residential,Cross Hollow Hills,D-1139-0005-0015,2,http://cdn.photos.sparkplatform.com/icb/20240910191129381187000000.jpg,0,1,1,1,0,Paved,Year Round,3996 W 1950 S,2264,884000
108433,3/26/2025,575000,1260,1993,0.5,7,4,1,Attach,R-1,Western Homestead,A-0840-0002-0008,3,http://cdn.photos.sparkplatform.com/icb/20240916211911505490000000.jpg,1,1,1,1,10000,Paved,,4498 N Old Scout Trail,2628,565000
108445,2/25/2025,702800,1650,2020,1.1,6,3,0,Attach,R1,Bridle Path West,E-0171-0002-0011,3,http://cdn.photos.sparkplatform.com/icb/20240917184433599131000000.jpg,1,1,1,1,0,Paved,Year Round,6722 W 1300 N,1650,702800
108491,1/10/2025,465000,1441,1999,0.24,5,3,0,Attach,Residential,Fiddlers Canyon,B-1340-0003-0005,2,http://cdn.photos.sparkplatform.com/icb/20240923174119820260000000.jpg,0.95,1,1,1,0,Paved,Year Round,2178 N Cottontail Drive,1461,465000
108493,3/12/2025,290000,0,1989,0.2,3,2,0,Carpor,R,Cedar City,B-0359-0001-0000,1,http://cdn.photos.sparkplatform.com/icb/20240923182314823117000000.jpg,0,0,1,1,9000,Paved,Year Round,317 E 400 S,1600,281000
108494,4/3/2025,600000,0,2022,0.49,4,2,1,Attach,Residential,Sunrise Meadows,D-1212-0004-0000,3,http://cdn.photos.sparkplatform.com/icb/20240923174845839857000000.jpg,0,1,1,1,0,Paved,Year Round,2402 W 4390 N,2143,600000
108500,1/3/2025,319900,0,2024,0.03,3,2,1,Attach,Mu,Townhomes at Cross Hollow,B-2018-0041-0000,2,http://cdn.photos.sparkplatform.com/icb/20240923181845907493000000.jpg,0,0,1,1,0,Paved,Year Round,2875 W Cody #41 Drive,1776,319900
108501,1/3/2025,318900,0,2023,0.03,3,2,1,Attach,Mu,Townhomes at Cross Hollow,B-2018-0042-0000,2,http://cdn.photos.sparkplatform.com/icb/20240923211335552179000000.jpg,0,1,1,1,10000,Paved,Year Round,2875 W Cody #42 Road,1776,308900
108520,1/9/2025,400000,1288,1978,0.23,4,3,0,Attach,R-1,Heritage Park,B-0003-0005-0015-422,4,http://cdn.photos.sparkplatform.com/icb/20240925202645941151000000.jpg,0.95,1,1,1,12000,Paved,Year Round,935 N 400 W,1288,388000
108539,4/9/2025,457000,1497,2002,0.16,4,3,0,Attach,R,Northfield,B-1615-0027-0000,2,http://cdn.photos.sparkplatform.com/icb/20240925211817265392000000.jpg,1,1,1,1,9500,Paved,,2572 N 550 W,1512,447500
108544,1/21/2025,288000,0,2018,0.08,3,2,0,Attach,Residential,Gemini Meadows,B-1870-0089-000N,1,http://cdn.photos.sparkplatform.com/icb/20240926051655865832000000.jpg,0,0,1,1,8679,Paved,Year Round,2773 N Mountain Valley Trail,1150,279321
108551,1/2/2025,669000,1688,2005,0.23,4,3,1,Attach,R1,Ashdown Forest,B-1790-0012-0000,3,http://cdn.photos.sparkplatform.com/icb/20240925183339541126000000.jpg,0,1,1,1,0,Paved,Year Round,1024 E Cellowood E Drive,2883,669000
108552,5/5/2025,309000,0,1977,1.02,3,2,0,None,R 1/2 Acre,Rainbow Ranchos,E-0258-0057-0000,0,http://cdn.photos.sparkplatform.com/icb/20250121015008831022000000.jpg,0,1,1,1,9500,Paved,Year Round,3320 S 5225 W,1316,299500
108564,10/22/2025,465000,1638,2004,0.23,5,3,0,Attach,R-1,Equestrian Pointe,B-1747-0031-0000,3,http://cdn.photos.sparkplatform.com/icb/20240927155217088083000000.jpg,1,1,1,1,16000,Paved,Year Round,3893 W 1475 N,1523,449000
108570,2/3/2025,484500,1576,2024,0.25,3,2,0,Attach,R1/2,The Parks Deer Hollo,D-1224-0015-0000,3,http://cdn.photos.sparkplatform.com/icb/20240923181100774787000000.jpg,0,0,1,1,7000,Paved,Year Round,1991 W 4700 N,1576,477500
108571,3/3/2025,360000,0,1995,0.21,3,2,0,Attach,R1,Rocking Horse,B-1379-0028-0000,2,http://cdn.photos.sparkplatform.com/icb/20240927195519988570000000.jpg,0,2,1,1,10105,Paved,Year Round,923 W 1325 S,1443,349895
108573,3/31/2025,625000,193,2006,0,2,3,0,Attach,R3,Black Diamond,A-1207-0001-003G,2,http://cdn.photos.sparkplatform.com/icb/20240927195730220907000000.jpg,1,1,1,1,0,Paved,Year Round,565 S Vasels #3G (Black Diamond #3G),1490,625000
108581,1/9/2025,329990,632,2024,0.03,3,2,1,Attach,Residential,Old Sorrel Ranch,B-1857-1143-0000,2,http://cdn.photos.sparkplatform.com/icb/20240927223055601299000000.jpg,0.8,0,1,1,0,Paved,Year Round,2976 W Lewis Loop #1143,1555,329990
108582,1/9/2025,329990,632,2024,0.03,3,2,1,Attach,Residential,Old Sorrel Ranch,B-1857-1144-0000,2,http://cdn.photos.sparkplatform.com/icb/20240927223534186701000000.jpg,0.8,0,1,1,0,Paved,Year Round,2978 W Lewis Loop #1144,1555,329990
108583,1/7/2025,339990,632,2024,0.03,4,2,1,Attach,Residential,Old Sorrel Ranch,B-1857-1142-0000,2,http://cdn.photos.sparkplatform.com/icb/20240927224827456471000000.jpg,0.8,0,1,1,0,Paved,Year Round,2972 W Lewis Loop #1142,1615,339990
108584,2/6/2025,339990,632,2024,0.03,4,2,1,Attach,Residential,Old Sorrel Ranch,B-1857-1145-0000,2,http://cdn.photos.sparkplatform.com/icb/20240927230647618826000000.jpg,0.8,0,1,1,0,Paved,Year Round,2982 W Lewis Loop #1145,1615,339990
108586,2/14/2025,680000,0,2024,0.28,4,3,0,Attach,R,Saddleback Ridge,B-2012-0927-0000,3,http://cdn.photos.sparkplatform.com/icb/20240928005418933295000000.jpg,0,1,1,1,0,Paved,Year Round,1779 S Hidden Canyon Road,2242,680000
108587,4/17/2025,617000,0,2024,0.3,3,2,1,Attach,R,Saddleback Ridge,B-2012-0928-0000,3,http://cdn.photos.sparkplatform.com/icb/20240928010606165036000000.jpg,0,1,1,1,0,Paved,Year Round,1763 S Hidden Canyon Road,1971,617000
108610,9/12/2025,237000,0,1972,0,3,2,0,None,R3,Edelweiss,A-1181-0311-02AM,0,http://cdn.photos.sparkplatform.com/icb/20240930184342334471000000.jpg,0,1,1,1,0,,Year Round,651 S Snowflake Ln #311,900,237000
108619,3/26/2025,269000,0,2017,0.02,3,2,1,Attach,R-3-M,Meadow Crest PUD,B-1985-0002-0047,1,http://cdn.photos.sparkplatform.com/icb/20240930222134921615000000.jpg,0,0,1,1,0,Paved,Year Round,1677 N Main #47,1469,269000
108623,3/3/2025,350000,384,1978,0.21,3,2,0,Carpor,Residential,Sunbow,B-1158-0004-0007,1,http://cdn.photos.sparkplatform.com/icb/20241001202914229404000000.jpg,1,1,1,1,16500,Paved,Year Round,89 W Sunbow,1840,333500
108654,10/6/2025,450000,0,1980,0.95,4,2,0,Attach,A1 Ag,Not Applicable,A-0481-0001-0000,2,http://cdn.photos.sparkplatform.com/icb/20241003170426725869000000.jpg,0,1,1,1,0,Paved,Year Round,263 W 300 S,2196,450000
108657,3/18/2025,370000,405,2024,0.02,4,3,1,Attach,R,Fiddlers Cove PUD,B-2041-0004-000B,2,http://cdn.photos.sparkplatform.com/icb/20241003164915672336000000.jpg,1,0,1,1,0,Paved,,665 E 2015 #4B N,1867,370000
108669,5/19/2025,265000,0,1999,0.09,3,2,0,Carpor,R,Ornellas,B-1378-0010-0000,1,http://cdn.photos.sparkplatform.com/icb/20250204172408782497000000.jpg,0,0,1,1,10000,Paved,,1164 W 475 S,1057,255000
108673,3/14/2025,395000,0,2020,0.16,3,2,0,Attach,Residential,Crescent Heights,B-1895-0034-0000,2,http://cdn.photos.sparkplatform.com/icb/20241011150130953894000000.jpg,0,1,1,1,650,Paved,Year Round,752 S Eastgate Drive,1419,394350
108677,3/28/2025,435000,0,2013,0.22,3,2,1,Detach,R-1/2 Acre,Deer Hollow,D-1219-0020-0000,2,http://cdn.photos.sparkplatform.com/icb/20241003160419704932000000.jpg,0,1,1,1,4000,Paved,Year Round,4721 N 1750 W,1930,431000
112836,10/3/2025,289000,0,2006,0.08,3,2,0,Attach,R2-2,Cedar Willows,B-1867-0032-000N,1,http://cdn.photos.sparkplatform.com/icb/20250826030537008895000000.jpg,0,0,1,1,3000,Paved,Year Round,2093 N 550 W,1219,286000
108689,2/19/2025,16000,0,1969,0,1,1,0,None,R,Not Applicable,none,0,http://cdn.photos.sparkplatform.com/icb/20240920154239732068000000.jpg,0,1,1,1,0,Paved,,53 N 300 East #8,720,16000
108693,1/13/2025,601900,1596,2024,0.2,5,3,0,Attach,R-2-1,Crescent Hills,B-2017-0037-0000,2,http://cdn.photos.sparkplatform.com/icb/20250107011444899439000000.jpg,0.9,1,1,1,0,Paved,,77 N Sterling Dr (Lot 37 Phs 4 Crescent Hills),1766,601900
108697,4/23/2025,530000,1551,2007,0.46,5,3,0,Attach,R-1-18,Saddleback View,A-0941-0043-0000,2,http://cdn.photos.sparkplatform.com/icb/20241007172010550116000000.jpg,0.9,2,1,1,6000,Paved,,1856 E Rachel Lane,1551,524000
108718,1/9/2025,170000,840,1938,0.28,2,2,1,None,Re,Cedar City,B-0440-0000-0000,0,http://cdn.photos.sparkplatform.com/icb/20241008220044014760000000.jpg,0.25,1,1,1,0,Paved,Year Round,131 S 200 E,1200,170000
108721,5/30/2025,1525000,1571,2004,0.82,5,4,0,Attach,Residential,Brian Head I,A-1144-0001-0002-02,2,http://cdn.photos.sparkplatform.com/icb/20241008224702660177000000.jpg,1,3,1,1,0,,Year Round,320 N Rue Jolley,2006,1525000
108725,1/2/2025,415000,1312,2018,0.28,3,2,0,Attach,Residential,The Parks Deer Hollo,D-1219-0017-0000,2,http://cdn.photos.sparkplatform.com/icb/20241008024945365929000000.jpg,0.05,0,1,1,5000,Paved,,1803 W 4750 N,1312,410000
108755,8/18/2025,730000,1088,1997,6.59,5,3,0,Attach,R-2,Red Canyon,C-1106-0006-0029,3,http://cdn.photos.sparkplatform.com/icb/20241010164525531694000000.jpg,1,2,1,1,5000,Unimproved,,1424 S Pine Canyon Drive,2126,725000
108757,3/25/2025,370000,0,2018,4.44,1,2,0,None,R-2,Red Canyon,C-1106-0006-0030,0,http://cdn.photos.sparkplatform.com/icb/20241010175442794839000000.jpg,1,0,1,1,0,Unimproved,,1337 S Red Canyon Dr,1364,370000
108761,1/21/2025,459900,1309,2004,0.5,5,2,0,Attach,R,Spanish Trails,A-0878-0005-0010,2,http://cdn.photos.sparkplatform.com/icb/20241017231921303521000000.jpg,0.8,0,1,1,15000,,Year Round,3845 N Arabian Way,1309,444900
108762,1/14/2025,297900,0,1999,0.2,3,2,0,Attach,R-3-M,Grant,B-1381-0002-0010,2,http://cdn.photos.sparkplatform.com/icb/20241111210120212626000000.jpg,0,0,1,1,10000,Paved,Year Round,501 W 1100 N,1306,287900
108763,2/12/2025,469000,1281,2004,0.41,5,3,0,Attach,A12,Highland Trails,A-0937-0012-0000,2,http://cdn.photos.sparkplatform.com/icb/20241010201623428272000000.jpg,1,0,1,1,15000,Paved,,1547 E Highland Trails Road,1293,454000
108767,1/14/2025,385900,0,2024,1,4,2,0,None,Residential,Aspen View,A-0879-0009-0000,0,http://cdn.photos.sparkplatform.com/icb/20250114024215173238000000.jpg,0,0,1,1,0,Paved,Year Round,4022 N 350 W,1600,385900
108768,4/23/2025,415000,0,2024,1,4,2,0,None,Residential,Aspen View,A-0879-0010-0000,0,http://cdn.photos.sparkplatform.com/icb/20250128033530081761000000.jpg,0,0,1,1,5000,Paved,Year Round,4050 N 350 W,1980,410000
108770,5/30/2025,639900,0,2024,0.26,5,3,0,Attach,R1,The Bluff at South Mtn.,B-2027-0002-0000,3,http://cdn.photos.sparkplatform.com/icb/20241117020917292331000000.jpg,0,1,1,1,12000,Paved,Year Round,2177 S Bluff,2607,627900
108785,7/3/2025,177000,0,1973,0,1,1,0,None,Res,Chalet Village,A-1172-0036-0000,0,http://cdn.photos.sparkplatform.com/icb/20241011222912797491000000.jpg,0,1,1,1,0,Paved,,226 S Highway 143 143 #14-b,444,177000
108797,1/23/2025,543632,1160,2024,0.16,6,3,1,Attach,R-2-1,Black Sage,B-1877-0114-0000,3,http://cdn.photos.sparkplatform.com/icb/20241114164406460891000000.jpg,1,0,1,1,0,Paved,Year Round,2540 W Black Sage Drive,2367,543632
108802,1/17/2025,619000,0,2024,0.29,5,2,1,Attach,Res,Iron West,B-2020-0080-0000,3,http://cdn.photos.sparkplatform.com/icb/20241014171811782522000000.jpg,0,1,1,1,0,Paved,Year Round,4310 W 200 N Circle,2672,619000
108805,3/14/2025,475000,1016,2006,0.23,3,2,1,Attach,R1,Not Applicable,A-0061-0002-0000,4,http://cdn.photos.sparkplatform.com/icb/20241014215559463017000000.jpg,1,0,1,1,0,Paved,Year Round,240 E Center Street,2032,475000
108806,3/21/2025,282500,0,1996,0.06,2,1,0,Attach,Residential,Black Rock,B-1566-0003-0000,2,http://cdn.photos.sparkplatform.com/icb/20241013235431714202000000.jpg,0,0,1,1,0,Paved,Year Round,2462 W Pachea,958,282500
108807,1/30/2025,601999,0,1888,1.05,4,3,0,Attach,R-2,Parowan City,A-0281-0000-0000,2,http://cdn.photos.sparkplatform.com/icb/20241014214524139990000000.jpg,0,1,1,1,0,Paved,Year Round,390 W 100 S,2864,601999
108818,5/27/2025,120000,0,2023,0,4,2,0,Carpor,R3,Canyon Vw Mfg Hm Prk,trailer,0,http://cdn.photos.sparkplatform.com/icb/20241015173146576740000000.jpg,0,0,1,1,0,Paved,,813 W 1175 #57 N,1394,120000
108820,4/11/2025,775000,0,2025,0.29,3,2,1,Attach,Re,Saddleback Ridge,B-2012-0935-0000,3,http://cdn.photos.sparkplatform.com/icb/20241015205357799020000000.jpg,0,1,1,1,0,,Year Round,1838 S Hidden Canyon Road,2530,775000
108822,5/15/2025,634301.58,1940,2024,0.33,4,3,0,Attach,R1,Saddleback Ridge,B-2012-0418-0000,2,http://cdn.photos.sparkplatform.com/icb/20241015231139761144000000.jpg,0.4,1,1,1,0,Paved,Year Round,2858 W Rock Ridge Road,2116,634301.58
108834,10/17/2025,0,0,2024,0.3,5,3,1,Attach,R,Saddleback Ridge,B-2012-0917-0000,3,http://cdn.photos.sparkplatform.com/icb/20250422173206924267000000.jpg,0,1,1,1,0,Paved,Year Round,1758 S Grace Lane,3166,0
108837,3/14/2025,630000,1453,1998,2.25,5,3,0,Attach,R-1,Not Applicable,A-0746-0001-0002,3,http://cdn.photos.sparkplatform.com/icb/20241016152154593847000000.jpg,1,1,1,1,0,Paved,Year Round,5387 N Enoch Road,1477,630000
108843,10/21/2025,563900,1782,2024,0.35,3,2,0,Attach,Residential,Painted Desert,D-0535-0004-0000,3,http://cdn.photos.sparkplatform.com/icb/20250818221917877560000000.jpg,0,0,1,1,20000,Paved,Year Round,2390 W 5190 Lot 4 N,1782,543900
108859,8/15/2025,699900,0,2024,0.33,4,2,0,Attach,R,Saddleback Ridge,B-2012-0207-0000,4,http://cdn.photos.sparkplatform.com/icb/20241214223503027162000000.jpg,0,0,2,1,8000,Paved,Year Round,2844 W Oak Springs S Road,2262,691900
108873,2/28/2025,495810,0,2024,0.28,4,2,0,Attach,R-1-11,Settlers Square,A-0990-0031-0000,3,http://cdn.photos.sparkplatform.com/icb/20250228155446430369000000.jpg,0,1,1,1,10000,Paved,,1065 E 4240 N (Lot 31 Phs 4 Settlers Square),1864,485810
108874,1/9/2025,350000,1472,1972,0.16,3,3,0,None,R-1,Brookhaven Estates,B-0011-0017-0003,0,http://cdn.photos.sparkplatform.com/icb/20241021193604379965000000.jpg,1,0,1,1,0,Paved,,1084 Bulloch Circle,1720,350000
108877,3/4/2025,270000,0,1996,0.04,2,2,0,Attach,R,Eagle Point Estates,B-1472-000A-0076,2,http://cdn.photos.sparkplatform.com/icb/20241029215005691524000000.jpg,0,1,1,1,0,Paved,Year Round,195 E Fiddlers Canyon #76,1226,270000
108891,6/5/2025,705815,1936,2025,0.29,6,4,0,Attach,R-1,Saddleback Ridge,B-2012-0824-0000,3,http://cdn.photos.sparkplatform.com/icb/20241022203627981254000000.jpg,1,1,1,1,5000,Paved,Year Round,1937 S Harvest Lane,2036,700815
108894,4/10/2025,548245,0,2024,1.29,4,3,0,Attach,R-1,Cedar Valley Acres,D-0456-0764-0000,3,http://cdn.photos.sparkplatform.com/icb/20250403184854335195000000.jpg,0,0,1,1,10000,Unimproved,,5306 N 4275 W,2030,538245
108899,9/10/2025,380000,0,2005,0.16,4,2,1,Attach,R-2-2,North Field Addition,B-1615-0033-0000,2,http://cdn.photos.sparkplatform.com/icb/20250728162941238580000000.jpg,0,0,1,1,10000,Paved,,2668 N 550 W,1558,370000
108918,1/10/2025,500000,0,2018,0.25,4,2,1,Attach,R,Hunter Glen,B-1868-0022-0000,3,http://cdn.photos.sparkplatform.com/icb/20241024001534980531000000.jpg,0,0,1,1,10000,Paved,,1840 N 3475 W,1864,490000
108926,4/1/2025,491700,0,2024,0.25,4,2,0,Attach,R-2-1,Magnolia Fields,B-2031-0019-0000,3,http://cdn.photos.sparkplatform.com/icb/20241025023757195615000000.jpg,0,1,1,1,0,Paved,Year Round,1056 N Reese Street,1871,491700
108931,1/31/2025,285000,0,2020,0.03,3,2,1,Attach,R-2,Northfield,B-1577-0029-0000,2,http://cdn.photos.sparkplatform.com/icb/20241025165154592533000000.jpg,0,0,1,1,0,Paved,,2084 N 275 #29 W,1623,285000
108935,4/1/2025,619115,0,2024,0.35,4,2,1,Attach,Residential,Painted Desert,D-0535-0007-0000,5,http://cdn.photos.sparkplatform.com/icb/20241025171502657085000000.jpg,0,0,1,1,2100,Paved,Year Round,2462 W 5190 Lot 7 N,2115,617015
108936,1/3/2025,320000,0,2024,0.03,3,2,1,Attach,Mu,Townhomes at Cross Hollow,B-2018-0044-0000,2,http://cdn.photos.sparkplatform.com/icb/20241025204218639028000000.jpg,0,0,1,1,0,Paved,Year Round,2875 W Cody #44 Drive,1776,320000
108937,2/21/2025,319900,0,2025,0.03,3,2,1,Attach,Mu,Townhomes at Cross Hollow,B-2018-0043-0000,2,http://cdn.photos.sparkplatform.com/icb/20241025202651965237000000.jpg,0,1,1,1,2000,Paved,Year Round,2875 W Cody #43 Road,1776,317900
108942,4/10/2025,419900,0,2025,0.21,3,2,0,Attach,R-2-1,Magnolia Fields,B-2031-0032-0000,2,http://cdn.photos.sparkplatform.com/icb/20250308234454778757000000.jpg,0,0,1,1,0,,Year Round,3935 W Tatiana Street,1472,419900
108962,4/3/2025,558879,1719,2024,0.2,3,2,0,Attach,R-2-1,Crescent Hills,B-2017-0031-0000,2,http://cdn.photos.sparkplatform.com/icb/20250407213954890956000000.jpg,0,1,1,1,0,Paved,,173 N Sterling Dr (Lot 31 Phs 4 Crescent Hills),1864,558879
108967,1/17/2025,329900,0,2024,0.03,3,2,1,Attach,R-2,The Village at 56,B-1436-0006-0000,2,http://cdn.photos.sparkplatform.com/icb/20241024190536689654000000.jpg,0,1,1,1,10000,Paved,,4283 W HWY 56 #6,1625,319900
108968,5/9/2025,439000,0,2024,0.24,3,2,1,Attach,R-2-1,Crescent Hills,B-2017-0005-0000,3,http://cdn.photos.sparkplatform.com/icb/20241029185947214968000000.jpg,0,1,1,1,3000,Paved,,2574 W Meadow St (Lot 5 Phs 4 Crescent Hills),1724,436000
108970,4/4/2025,450000,0,1997,2.13,3,2,0,Detach,R-2,West Valley,D-0927-0001-0018,3,http://cdn.photos.sparkplatform.com/icb/20241029190754571262000000.jpg,0,1,1,1,0,Paved,,1501 N 3900 W,1430,450000
108988,7/18/2025,245000,0,1980,0,1,1,0,None,R-3,Brianwood Condo,A-1153-0021-0000,0,http://cdn.photos.sparkplatform.com/icb/20241031201431637243000000.jpg,0,1,1,1,0,Paved,Year Round,385 S Vasels #21 Road,622,245000
108997,1/7/2025,550000,0,2024,0.29,4,2,1,Attach,Residential,Iron West,B-2020-0092-0000,3,http://cdn.photos.sparkplatform.com/icb/20241031220807125504000000.jpg,0,1,1,1,0,Paved,Year Round,4497 W 200 North N Street,2142,550000
108998,4/22/2025,399900,0,2024,0.11,5,3,0,Attach,R2-2,Liberty Cove at Jefferson,B-2026-011B-0000,2,http://cdn.photos.sparkplatform.com/icb/20241101161406153508000000.jpg,0,0,1,1,0,Paved,Year Round,758 S Liberty Cove Drive,2101,399900
109005,3/14/2025,224000,0,1984,0,1,1,0,Bsmt,R3,Timberbrook Village,A-1176-0001-0013,1,http://cdn.photos.sparkplatform.com/icb/20241031155628880985000000.jpg,0,1,1,1,0,Paved,,464 N Hwy 143 #A113,660,224000
109008,2/28/2025,350000,0,1995,0.74,3,2,0,Attach,R,Buena Vista,D-1189-000A-0015,1,http://cdn.photos.sparkplatform.com/icb/20241105175525448046000000.jpg,0,0,1,1,0,,Year Round,4051 W 475 N,1582,350000
109010,4/30/2025,272500,0,2007,0.1,3,2,0,Attach,R-3-M,Eastern View,B-1899-0005-000S,1,http://cdn.photos.sparkplatform.com/icb/20241101002711650697000000.jpg,0,1,1,1,7500,Paved,Year Round,898 S 110 W,1261,265000
109019,5/5/2025,265000,0,2010,0.03,3,2,1,Attach,R1,Cedar Crossing,B-1976-0022-0068,2,http://cdn.photos.sparkplatform.com/icb/20241029194322987800000000.jpg,0,0,1,1,0,Paved,Year Round,1177 N Northfield #68,1489,265000
109044,11/18/2025,630000,300,1988,0.41,4,2,1,Attach,R,West Hills,B-1114-0003-0008-041,3,http://cdn.photos.sparkplatform.com/icb/20241105200946166841000000.jpg,1,3,1,1,0,Paved,,531 S 1840 W,3698,630000
109066,7/28/2025,465000,1382,1994,0.35,3,3,0,Attach,R1,Cove Canyon,B-1388-0002-0007,2,http://cdn.photos.sparkplatform.com/icb/20241107210359126671000000.jpg,1,2,1,1,0,Paved,Year Round,2224 W 30 N,1638,465000
109069,2/14/2025,513465,1117,2024,0.3,4,2,1,Attach,R1,Iron West,B-2020-0059-0000,2,http://cdn.photos.sparkplatform.com/icb/20241107231413459161000000.jpg,1,0,1,1,16000,Paved,Year Round,4313 W 250 Lot 59 N,1419,497465
109090,1/24/2025,467000,660,1998,0.25,4,3,1,Attach,R1,Beacon Hill,B-1176-0006-0003,3,http://cdn.photos.sparkplatform.com/icb/20241108152053858320000000.jpg,1,2,1,1,0,Paved,Year Round,155 N Beacon Drive,1893,467000
109093,1/14/2025,690000,2257,2009,0.51,7,4,0,Attach,Residential,Westview Estates,D-1209-000C-0012,3,http://cdn.photos.sparkplatform.com/icb/20241106174314080519000000.jpg,1,1,1,1,0,Paved,,4466 W 1000 S,2582,690000
109095,5/29/2025,670000,0,2007,0.27,3,2,1,Attach,Residential,Mesa Hills,B-1827-0028-0000,2,http://cdn.photos.sparkplatform.com/icb/20241108182918674854000000.jpg,0,2,1,1,0,Paved,Year Round,2570 W Carmel Canyon Drive,2153,670000
109100,10/14/2025,160000,0,1983,0,1,1,0,Bsmt,R3,Copper Chase Condos,A-1178-0220-0000,1,http://cdn.photos.sparkplatform.com/icb/20241031222350358140000000.jpg,0,1,1,1,0,Paved,,150 W Ridge View #220 Street,624,160000
109101,4/29/2025,118000,0,1972,0,1,1,0,None,R3,Edelweiss,A-1181-0202-0000,0,http://cdn.photos.sparkplatform.com/icb/20241109215758546591000000.jpg,0,1,1,1,0,Paved,Year Round,651 S Snowflake #202,429,118000
109102,10/6/2025,135000,0,1983,0,0,1,0,Bsmt,R3,Copper Chase Condos,A-1178-0104-0000,2,http://cdn.photos.sparkplatform.com/icb/20241110003722282464000000.jpg,0,1,1,1,0,Paved,,150 W Ridge View #104,464,135000
109107,1/29/2025,283525,0,2017,0.02,3,2,1,Attach,R-3-M,Meadow Crest PUD,B-1985-0002-0023,2,http://cdn.photos.sparkplatform.com/icb/20241111165058785588000000.jpg,0,0,1,1,0,Paved,,1677 N Main Street Meadow Crest #23,1610,283525
109108,2/24/2025,540000,0,2024,0.25,4,2,1,Attach,R-2-1,The Valley at South Mtn,B-2016-0006-0000,3,http://cdn.photos.sparkplatform.com/icb/20241111180102217400000000.jpg,0,0,1,1,10000,Paved,,3309 W Spring Circle,2410,530000
109110,3/3/2025,445000,0,2024,0.3,3,2,0,Attach,R-2-1,Iron West,B-2020-0016-0000,3,http://cdn.photos.sparkplatform.com/icb/20241218141751522868000000.jpg,0,0,1,1,0,Paved,,4359 W 300 N Circle,1795,445000
109112,6/30/2025,327500,0,2025,0.04,3,2,1,Attach,Mu,Townhomes at Cross Hollow,B-2018-0049-0000,2,http://cdn.photos.sparkplatform.com/icb/20241108171724462986000000.jpg,0,1,1,1,0,Paved,Year Round,2875 W Cody #49 Drive,1804,327500
109113,6/23/2025,323900,0,2025,0.03,3,2,1,Attach,Mu,Townhomes at Cross Hollow,B-2018-0049-0000,2,http://cdn.photos.sparkplatform.com/icb/20241108170049617020000000.jpg,0,0,1,1,0,Paved,Year Round,2875 W Cody #50 Road,1810,323900
109119,1/3/2025,585000,0,2000,3,3,2,0,Attach,R-2,Cross Hollow Hills,D-1139-0005-0049,2,http://cdn.photos.sparkplatform.com/icb/20241112200512266711000000.jpg,0,2,1,1,7500,Paved,Year Round,1794 S Cross Hollow Drive,2543,577500
109121,2/14/2025,382000,0,1996,0.27,3,2,0,Attach,R,Cedar Hills Sub,B-1400-0021-0000,2,http://cdn.photos.sparkplatform.com/icb/20241112202409125190000000.jpg,0,0,1,1,0,Paved,Year Round,2153 W Cedar Hills Drive,1401,382000
109123,4/15/2025,483000,485,1991,0.25,4,3,1,Attach,Residential,Cove Heights,B-1176-0007-0002,2,http://cdn.photos.sparkplatform.com/icb/20241112231934996065000000.jpg,0.75,1,1,1,0,Paved,Year Round,101 N Cove Drive,1739,483000
109126,1/29/2025,355900,0,2018,0.08,3,2,1,Attach,R2-2,Sage Springs,B-1942-0003-000W,2,http://cdn.photos.sparkplatform.com/icb/20241113171533523698000000.jpg,0,0,1,1,6090,Paved,Year Round,463 W 2150 N,1676,349810
109129,10/16/2025,343000,0,1998,0.43,3,2,0,Detach,Residential,Western Homestead,A-0840-0007-0007,2,http://cdn.photos.sparkplatform.com/icb/20241111232600076702000000.jpg,0,0,1,1,7000,Paved,,4510 N Quickdraw Lane,1250,336000
109134,2/19/2025,290990,0,2024,0.02,3,2,0,Attach,Residential,Old Sorrel Ranch,B-1857-1139-0000,2,http://cdn.photos.sparkplatform.com/icb/20241114015411082098000000.jpg,0,0,1,1,0,Paved,Year Round,562 S May 1139 Drive,1399,290990
109135,1/16/2025,279990,0,2024,0.02,3,2,0,Attach,Residential,Old Sorrel Ranch,B-1857-1138-0000,2,http://cdn.photos.sparkplatform.com/icb/20241114015955129753000000.jpg,0,0,1,1,0,Paved,Year Round,568 S May 1138 Drive,1300,279990
109143,2/10/2025,455000,0,2024,0.26,3,2,0,Attach,R-1-11,Settlers Square,A-0990-0041-0000,3,http://cdn.photos.sparkplatform.com/icb/20241113191511329385000000.jpg,0,1,1,1,5000,Paved,,1142 E 4240 N (Lot 41 Phs 4 Settlers Square),1623,450000
109146,2/26/2025,880000,1713,2025,0.57,3,2,0,Attach,R1,4 B Ranch,B-1894-0009-0000,3,http://cdn.photos.sparkplatform.com/icb/20241114210116057158000000.jpg,0,1,1,1,0,Paved,Year Round,1795 S 4150 W,1947,880000
109149,2/11/2025,455000,0,2022,0.27,3,2,0,Attach,Residential,Meadows at Iron West,B-2020-0096-0000,2,http://cdn.photos.sparkplatform.com/icb/20241114221156476994000000.jpg,0,1,1,1,0,Paved,Year Round,4568 W 275 N,1650,455000
109155,1/8/2025,675000,1801,2018,0.51,5,3,0,Attach,R1/2,Westview Estates,D-1213-000E-0004,3,http://cdn.photos.sparkplatform.com/icb/20241115163536869030000000.jpg,1,1,1,1,0,Paved,Year Round,1201 S 4175 W,1801,675000
109161,10/16/2025,524000,0,2022,1.29,3,2,0,Attach,Residential,Cedar Valley Acres,D-0456-0935-0000,4,http://cdn.photos.sparkplatform.com/icb/20241115220208879269000000.jpg,0,1,1,1,0,,Year Round,5377 N 4400 W,1580,524000
109162,3/3/2025,417000,1061,1955,0.28,5,2,0,None,R1,Parowan City,A-0274-0000-0000,0,http://cdn.photos.sparkplatform.com/icb/20250106233220204922000000.jpg,1,0,1,1,0,Paved,Year Round,239 W Center Street,1061,417000
109167,4/10/2025,300000,0,1951,0.22,3,1,0,Carpor,R1,La Vista Park,B-1103-0013-0000,2,http://cdn.photos.sparkplatform.com/icb/20241116224007277371000000.jpg,0,1,1,1,15000,Paved,Year Round,174 Monterey Drive,1294,285000
109186,4/8/2025,500000,1232,2010,0.28,5,2,1,Attach,R-1,Ashdown Forest,B-1769-0017-0000,2,http://cdn.photos.sparkplatform.com/icb/20241119214259673562000000.jpg,0.65,1,1,1,0,Paved,Year Round,1102 E Fiddlers Canyon Road,1986,500000
109201,2/12/2025,531000,0,2022,0.36,3,2,0,Attach,Residential,Painted Desert,D-0535-0011-0000,3,http://cdn.photos.sparkplatform.com/icb/20241121213130225931000000.jpg,0,1,1,1,0,Paved,Year Round,2560 W 5190 N,1782,531000
109212,2/26/2025,377395,0,2024,0.12,3,2,0,Attach,Residential,Rose Village,B-2029-0020-000E,2,http://cdn.photos.sparkplatform.com/icb/20241121155436895328000000.jpg,0,0,1,1,9395,Paved,Year Round,384 W Rosie Lot 20E Loop,1448,368000
109226,3/10/2025,320000,0,2019,0.12,3,2,0,Attach,Res,Mountain Vista,B-1202-0002-000S,2,http://cdn.photos.sparkplatform.com/icb/20241122033655254713000000.jpg,0,1,1,1,0,Paved,Year Round,878 S 25 W,1550,320000
109230,4/4/2025,502775,0,2024,0.36,4,2,0,Attach,R-2-1,Crescent Hills,B-2017-0053-0000,3,http://cdn.photos.sparkplatform.com/icb/20250403212156280697000000.jpg,0,0,1,1,0,Paved,,184 N Sterling Dr (Lot 53 Phs 4 Crescent Hills),1864,502775
109234,1/15/2025,475000,0,2022,0.31,3,2,0,Attach,R-1-11,Settlers Square,A-1034-0015-0000,3,http://cdn.photos.sparkplatform.com/icb/20241122174026710580000000.jpg,0,1,1,1,0,Paved,,4316 N Half Mile Road,1632,475000
109240,3/28/2025,415500,0,1984,0.26,4,3,0,Attach,R1,Fiddlers Canyon,B-1208-0001-0002,3,http://cdn.photos.sparkplatform.com/icb/20241122191938474131000000.jpg,0,0,1,1,10000,Paved,Year Round,695 E Cobblecreek Drive,2433,405500
109244,2/21/2025,480000,0,2024,0.57,3,2,0,Attach,R,Peak View,D-0565-0010-0000,2,http://cdn.photos.sparkplatform.com/icb/20241122165216536927000000.jpg,0,0,1,1,0,Paved,Year Round,4468 N 2600 W,1976,480000
109250,1/8/2025,384000,0,1997,0.17,4,2,0,Attach,R-1,Cedar Meadows,B-1565-0055-0000,3,http://cdn.photos.sparkplatform.com/icb/20241125204930693050000000.jpg,0,1,1,1,8500,Paved,,57 N 4050 W,1544,375500
109255,3/28/2025,358900,0,2024,0.16,3,2,1,Attach,R-3,Iron West,B-2042-0010-000E,2,http://cdn.photos.sparkplatform.com/icb/20241125230545072803000000.jpg,0,0,1,1,0,Paved,,4529 W 300 N,1651,358900
109256,10/15/2025,365000,0,2024,0.16,3,2,1,Attach,R-3,Iron West,B-2042-0008-000W,2,http://cdn.photos.sparkplatform.com/icb/20241125225157664434000000.jpg,0,0,1,1,0,Paved,,4571 W 300 N,1651,365000
109261,2/14/2025,409000,1087,1995,0.5,4,3,0,Attach,R,Buena Vista,D-1189-000c-0004,2,http://cdn.photos.sparkplatform.com/icb/20241126171002391427000000.jpg,1,0,1,1,2000,Paved,Year Round,4133 W 525 N,1103,407000
109263,6/13/2025,470000,1246,2005,0.5,5,2,0,Attach,Residential,Mid Valley Estates,D-0518-0038-0000,2,http://cdn.photos.sparkplatform.com/icb/20241126181730525021000000.jpg,1,0,1,1,10000,Paved,Year Round,2822 W 5300 N,1246,460000
109268,3/4/2025,499400,0,2024,0.26,3,2,0,Attach,R-1,Pine View Estates,A-1035-033A-0000,2,http://cdn.photos.sparkplatform.com/icb/20241126230916960650000000.jpg,0,1,1,1,6000,Paved,,4824 N 10 Lot 33 E,1582,493400
109274,5/30/2025,1080000,2000,2022,1.02,6,5,0,Attach,Residential,4 B Ranch,B-1824-0002-0000,3,http://cdn.photos.sparkplatform.com/icb/20241127215942910397000000.jpg,1,1,1,1,0,Paved,,4406 W 1650 S,2700,1080000
109276,3/31/2025,585363,2192,2008,0.6,5,3,0,Attach,Residential,Westview Estates,D-1213-000H-0008,2,http://cdn.photos.sparkplatform.com/icb/20241127230623262818000000.jpg,0.95,1,1,1,0,Paved,Year Round,1262 S 4175 W,2232,585363
109284,1/7/2025,309000,0,2022,0.03,3,2,1,Attach,R3,Cedar Bend,B-1958-0019-000A,2,http://cdn.photos.sparkplatform.com/icb/20241202181704494478000000.jpg,0,0,1,1,0,Paved,,3053 N 175 E Street,1420,309000
109293,4/7/2025,695000,0,2025,0.31,3,2,0,Attach,R1,Saddleback Ridge,B-2012-0815-0000,3,http://cdn.photos.sparkplatform.com/icb/20241120164059469329000000.jpg,0,1,1,1,0,Paved,Year Round,1896 S Harvest Lane,2281,695000
109294,3/6/2025,257000,0,2007,0.02,3,2,1,Carpor,Res,Cedar Park,B-1891-0029-0000,1,http://cdn.photos.sparkplatform.com/icb/20241202225810479296000000.jpg,0,0,1,1,7500,Paved,,370 W 1425 #29 N,1365,249500
109297,2/21/2025,465800,0,2023,0.32,4,2,0,Attach,R1-11,Dairy Glen,A-1038-0004-0000,2,http://cdn.photos.sparkplatform.com/icb/20241204170400026023000000.jpg,0,1,1,1,5000,Paved,Year Round,5011 N Bald Eagle Drive,1993,460800
109308,2/20/2025,449500,0,2024,0.44,3,2,0,Attach,Res,Stillwater Estates,A-2059-0003-0000,3,http://cdn.photos.sparkplatform.com/icb/20241204202317995635000000.jpg,0,1,1,1,5500,Paved,Year Round,285 S 1375 W,1819,444000
109310,6/17/2025,73088.8,0,2007,0.03,1,1,0,None,R-1,Foothills RV Park,A-0504-0003-0003-09,0,http://cdn.photos.sparkplatform.com/icb/20241202223146229369000000.jpg,0,1,1,1,0,Paved,Year Round,309 Beth,300,73088.8
109311,1/31/2025,401800,0,2024,0.26,3,2,0,Attach,R1-11,Dairy Glen,A-1043-0028-0000,2,http://cdn.photos.sparkplatform.com/icb/20241204210548087619000000.jpg,0,0,1,1,2000,Paved,Year Round,5040 N Sagewood Lane,1546,399800
109315,2/27/2025,577275,1563,2024,0.2,3,2,0,Attach,R-2-1,Crescent Hills,B-2017-0015-0000,3,http://cdn.photos.sparkplatform.com/icb/20250228153055259720000000.jpg,0,1,1,1,0,Paved,,67 N Strathmore Ln (Lot 15 Phs 4 Crescent Hills),1698,577275
109316,3/28/2025,363000,0,2008,0.24,4,2,0,Attach,Residential,Highland Park,B-0065-0124-0000,2,http://cdn.photos.sparkplatform.com/icb/20241205173204966413000000.jpg,0,0,1,1,10800,Paved,Year Round,393 N Foothill Drive,1600,352200
109325,1/13/2025,667000,1064,2003,1.28,3,3,0,Detach,R-1,Cedar Highlands,D-1024-0006-0007,2,http://cdn.photos.sparkplatform.com/icb/20241205163330769673000000.jpg,1,3,2,1,3000,,Year Round,849 E High Mountain View Drive,1769,664000
109329,3/31/2025,417500,0,2025,0.14,3,2,0,Attach,R-2-2,Ekko View Estates,B-2046-007S-0000,2,http://cdn.photos.sparkplatform.com/icb/20241121215022289330000000.jpg,0,0,1,1,7500,Paved,Year Round,1824 N Golden Eagle,1758,410000
109332,1/28/2025,310000,0,2013,0.08,3,2,1,Attach,R-1,Gemini Meadows,B-1870-0074-000S,1,http://cdn.photos.sparkplatform.com/icb/20241206211901891872000000.jpg,0,0,1,1,0,Paved,Year Round,2806 N Clark Parkway,1700,310000
109341,1/28/2025,305000,0,2007,0.09,3,2,0,Attach,Residential,Cedar Willows,B-1867-0006-000E,2,http://cdn.photos.sparkplatform.com/icb/20241208223743263537000000.jpg,0,1,1,1,550,Paved,Year Round,432 W 2100 N,1303,304450
109349,2/13/2025,469900,0,2024,0.26,4,2,0,Attach,R-1-11,Settlers Square,A-0990-0040-0000,3,http://cdn.photos.sparkplatform.com/icb/20241209221844637862000000.jpg,0,1,1,1,0,Paved,,1152 E 4240 N (Lot 40 Phs 4 Settlers Square),1864,469900
109357,3/27/2025,275000,0,1971,0,2,1,0,None,R3,Brian Head Village,A-1150-0004-0031,0,http://cdn.photos.sparkplatform.com/icb/20241210183630703228000000.jpg,0,1,1,1,0,Paved,Year Round,356 S Hwy 143 #J-33 (J4),865,275000
109362,5/23/2025,330600,936,1976,1.07,5,3,0,Detach,R1,Monte Vista Acres,D-0941-0002-0017,2,http://cdn.photos.sparkplatform.com/icb/20241211163535837980000000.jpg,1,2,1,1,0,Paved,,3765 W 800 N,1742,330600
109364,2/19/2025,457750,0,2022,0.08,3,2,0,Attach,R,Crestline,B-2009-003A-0032,2,http://cdn.photos.sparkplatform.com/icb/20241212203748914060000000.jpg,0,1,1,1,600,Paved,Year Round,2352 W Portal Hill Road Unit #32,1648,457150
109379,5/5/2025,524220,0,2024,0.35,3,2,0,Attach,Residential,Painted Desert,D-0535-0008-0000,3,http://cdn.photos.sparkplatform.com/icb/20241212164845426908000000.jpg,0,0,1,1,0,Paved,Year Round,2498 W 5190 Lot 8 N,1782,524220
109389,2/18/2025,415000,990,1979,0.26,3,2,1,Attach,R1,Cove,B-1159-0003-0005,2,http://cdn.photos.sparkplatform.com/icb/20241213011411712410000000.jpg,1,2,1,1,1500,Paved,,2208 Saddleback Road,1740,413500
109391,9/5/2025,599890,0,2025,0.47,5,3,1,Attach,R-1,Pine View Estates,A-1035-0023-0000,3,http://cdn.photos.sparkplatform.com/icb/20241211225656146768000000.jpg,0,0,1,1,5000,Paved,Year Round,83 E 4930 N Lot 23,2634,594890
109397,1/31/2025,380000,0,2010,1.02,4,2,0,Attach,R1,Rainbow Ranchos,E-0258-0017-0000,2,http://cdn.photos.sparkplatform.com/icb/20241213220702020305000000.jpg,0,0,1,1,600,,Year Round,3343 S 5300 W,2250,379400
109399,2/28/2025,479960,0,2025,0.25,3,2,0,Attach,R2-2,Old Sorrel Ranch,B-1857-0027-0020,3,http://cdn.photos.sparkplatform.com/icb/20241205232241830696000000.jpg,0,1,1,1,0,Paved,Year Round,3619 W Benson Way,1802,479960
109401,3/6/2025,453000,1083,1994,0.37,3,3,0,Attach,Residential,Canyon Cove,B-1388-0001-0007,3,http://cdn.photos.sparkplatform.com/icb/20241214004008033596000000.jpg,0.95,0,1,1,5000,Paved,,2376 W 30 N,1532,448000
109402,1/21/2025,355000,0,2006,0.13,3,2,1,Attach,Residential,Cedar Mountain Villa,B-1832-0009-0000,2,http://cdn.photos.sparkplatform.com/icb/20241213205751477892000000.jpg,0,1,1,1,5000,Paved,,1326 W 1525 S,1689,350000
109407,2/14/2025,250000,0,2007,0.02,3,2,1,Carpor,Res,Cedar Park,B-1891-0013-0000,0,http://cdn.photos.sparkplatform.com/icb/20241216155411152085000000.jpg,0,0,1,1,14000,Paved,Year Round,370 W 1425 13 N,1365,236000
109411,4/30/2025,734700,0,2024,0.35,5,3,1,Attach,Residential,Painted Desert,D-0535-0006-0000,5,http://cdn.photos.sparkplatform.com/icb/20241216221506320647000000.jpg,0,1,1,1,0,Paved,Year Round,2442 W 5190 Lot 6 N,2820,734700
109413,2/13/2025,0,0,2025,0.12,3,2,0,Attach,Residential,Sage Springs,B-2038-0005-000E,1,http://cdn.photos.sparkplatform.com/icb/20241216225024150995000000.jpg,0,0,1,1,0,Paved,Year Round,529 W 2360 N,1176,0
109415,2/10/2025,376734.96,0,2024,0.14,3,2,0,Attach,Residential,Rose Village,B-2029-0024-000W,2,http://cdn.photos.sparkplatform.com/icb/20241216234514829466000000.jpg,0,0,1,1,0,Paved,Year Round,371 W Rosie Lot 24 W Loop,1448,376734.96
109423,2/25/2025,436900,0,2019,0.19,3,2,0,Attach,R-2-1,Crescent Hills,B-2002-0032-0000,2,http://cdn.photos.sparkplatform.com/icb/20241217174951326349000000.jpg,0,0,1,1,0,Paved,,136 N Hartford Dr,1525,436900
109428,6/20/2025,465000,0,2025,0.41,3,2,0,Attach,Residential,Spring Hill,A-1041-0003-0000,3,http://cdn.photos.sparkplatform.com/icb/20250408204209955460000000.jpg,0,0,1,1,10000,Paved,Year Round,1836 E 5250 N,1637,455000
109429,3/24/2025,425000,0,2025,0.41,3,2,0,Attach,Residential,Spring Hill,A-1041-0004-0000,2,http://cdn.photos.sparkplatform.com/icb/20241217172003009929000000.jpg,0,0,1,1,0,Paved,Year Round,1848 E 5250 N,1549,425000
109430,2/6/2025,396380,0,2024,0.2,3,2,0,Attach,Residential,Rose Village,B-2029-0022-000W,2,http://cdn.photos.sparkplatform.com/icb/20241217233616078782000000.jpg,0,0,1,1,0,Paved,Year Round,403 W Rosie Lot 22W Loop,1448,396380
109431,4/24/2025,345000,784,1942,0.42,4,2,0,Detach,R-1,Del Mar,B-0065-0007-0000,1,http://cdn.photos.sparkplatform.com/icb/20241216015237067045000000.jpg,0.85,1,1,1,0,Paved,,539 E Center Street,819,345000
109440,1/31/2025,360000,1100,1985,0.77,5,2,0,Carpor,Residential,New Castle,E-1131-0017-0000,0,http://cdn.photos.sparkplatform.com/icb/20241218224642861292000000.jpg,1,0,1,1,5000,,Year Round,122 E Center Street,1100,355000
109459,5/1/2025,507500,1232,1983,4.99,4,3,0,Attach,R-2,Old Meadow Ranch,D-0532-0001-0000,2,http://cdn.photos.sparkplatform.com/icb/20241221161413659078000000.jpg,1,2,1,1,0,Paved,Year Round,2300 W 5300 N,1606,507500
109461,3/17/2025,325000,900,1979,0.54,4,2,0,Attach,R-1,Homestead,A-0779-0055-0001,2,http://cdn.photos.sparkplatform.com/icb/20241221150341718581000000.jpg,1,0,1,1,0,Paved,Year Round,4593 N Wagon Wheel,929,325000
109462,3/10/2025,130000,0,1984,0,0,1,0,Attach,R3,Brian Head North,A-1197-000B-0115,1,http://cdn.photos.sparkplatform.com/icb/20241223051253030578000000.jpg,0,0,1,1,0,Paved,Year Round,223 Hunter Ridge #b115,375,130000
109466,6/18/2025,260000,0,2020,0.02,2,2,1,Attach,Mu,Cedar Edge,B-1386-0063-0000,1,http://cdn.photos.sparkplatform.com/icb/20241224185840851455000000.jpg,0,0,1,1,6500,Paved,Year Round,1582 S Quartz Unit A Drive,1424,253500
109467,2/7/2025,425000,1200,1974,0.44,4,2,0,Detach,R 1/2,Fife Town,D-0621-0001-0003-01,3,http://cdn.photos.sparkplatform.com/icb/20241224183152252841000000.jpg,1,1,1,1,18000,Unimproved,,2608 W 3275 N,1200,407000
109468,2/13/2025,290990,0,2024,0.02,3,2,0,Attach,Residential,Old Sorrel Ranch,B-1857-1122-0000,2,http://cdn.photos.sparkplatform.com/icb/20241226192825838404000000.jpg,0,0,1,1,0,Paved,Year Round,581 S May 1122 Drive,1399,290990
109469,2/6/2025,284990,0,2024,0.02,3,2,0,Attach,Residential,Old Sorrel Ranch,B-1857-1124-0000,2,http://cdn.photos.sparkplatform.com/icb/20241226194024859984000000.jpg,0,0,1,1,0,Paved,Year Round,587 S May 1124 Drive,1399,284990
109470,2/6/2025,284990,0,2024,0.02,3,2,0,Attach,Residential,Old Sorrel Ranch,B-1857-1125-0000,2,http://cdn.photos.sparkplatform.com/icb/20241226194903667372000000.jpg,0,0,1,1,0,Paved,Year Round,591 S May Drive 1125,1399,284990
109471,2/24/2025,279990,0,2024,0.02,3,2,0,Attach,Residential,Old Sorrel Ranch,B-1857-1123-0000,2,http://cdn.photos.sparkplatform.com/icb/20241226194802278820000000.jpg,0,0,1,1,0,Paved,Year Round,583 S May 1123 Drive,1310,279990
109472,3/20/2025,279990,0,2024,0.02,3,2,0,Attach,Residential,Old Sorrel Ranch,B-1857-1126-0000,2,http://cdn.photos.sparkplatform.com/icb/20241226212402469667000000.jpg,0,0,1,1,0,Paved,Year Round,595 S May Drive 1126,1300,279990
109474,2/25/2025,290990,0,2024,0.02,3,2,0,Attach,Residential,Old Sorrel Ranch,B-1857-1127-0000,2,http://cdn.photos.sparkplatform.com/icb/20241226214748444006000000.jpg,0,0,1,1,0,Paved,Year Round,597 S May Drive 1127,1399,290990
109475,5/6/2025,415075,0,2021,0.11,3,2,0,Attach,Res,Crescent Heights,B-1895-0016-0000,2,http://cdn.photos.sparkplatform.com/icb/20241226215003951207000000.jpg,0,1,1,1,0,Paved,Year Round,2426 W Crescent Heights Dr Drive,1419,415075
109476,2/15/2025,325000,0,1998,5,3,2,0,None,R-1,Hidden Valley Ranchos,D-0502-0001-0027,0,http://cdn.photos.sparkplatform.com/icb/20241224190124114187000000.jpg,0,1,1,1,6600,Unimproved,,2781 W 5900 N,1756,318400
109488,4/4/2025,499000,875,1993,0.36,5,3,1,Attach,R,Jefferson Park,B-1132-0007-0031,2,http://cdn.photos.sparkplatform.com/icb/20241231173449836203000000.jpg,0.9,0,1,1,0,Paved,,617 S St James Place,1782,499000
109490,2/27/2025,499999,1549,2022,0.43,3,2,0,Attach,Residential,Iron Mountain,A-0956-0146-0000,3,http://cdn.photos.sparkplatform.com/icb/20241231234840074581000000.jpg,0,1,1,1,0,Paved,Year Round,4277 Half Mile Road,1559,499999
109491,5/28/2025,290000,1008,1978,0.18,5,2,0,Carpor,R-1,Paro Vista,A-0511-0005-0017,1,http://cdn.photos.sparkplatform.com/icb/20250101073748365980000000.jpg,1,1,1,1,1500,Paved,Year Round,273 S 750 W,1008,288500
109492,2/18/2025,367000,0,2024,0.5,3,2,0,Detach,Residential,Mid Valley Estates,D-0518-0049-0001,2,http://cdn.photos.sparkplatform.com/icb/20250101192117423250000000.jpg,0,0,1,1,10000,Paved,Year Round,5369 N 3000 West W,1183,357000
109493,2/14/2025,410000,0,2018,0.18,3,2,0,Attach,R-1,Gemini Meadows,B-1870-0144-0001,2,http://cdn.photos.sparkplatform.com/icb/20250101225011574868000000.jpg,0,0,1,1,0,Paved,,2621 N Shady Place Place,1550,410000
109497,5/1/2025,121750,0,2000,0,4,2,0,None,R-3,Canyon Vw Mfg Hm Prk,AZFLY21A07826DV13,0,http://cdn.photos.sparkplatform.com/icb/20241231043316071472000000.jpg,0,0,1,1,0,Paved,,780 W 1125 #12 N,1458,121750
109499,3/25/2025,620000,193,2006,0,2,2,1,Bsmt,R-3,Black Diamond,A-1207-0003-010G,1,http://cdn.photos.sparkplatform.com/icb/20250102191355058373000000.jpg,1,1,1,1,0,Paved,Year Round,565 Vasels #10G,1490,620000
109507,2/28/2025,310000,900,1975,0.21,4,2,0,None,R-3-M,Not Applicable,B-0031-0002-0003,0,http://cdn.photos.sparkplatform.com/icb/20250103155043831893000000.jpg,0.8,1,1,1,5000,Paved,Year Round,351 N 800 W,900,305000
109512,3/18/2025,134900,0,1990,0.04,2,1,0,None,Residential,Foothills RV Park,A-0504-0003-0002-24,0,http://cdn.photos.sparkplatform.com/icb/20250104054625752809000000.jpg,0,0,1,1,0,Paved,Year Round,224 Raquel,616,134900
109513,1/28/2025,324400,0,2005,0.12,3,2,0,Attach,Res,Southern View,B-1791-0005-0000,2,http://cdn.photos.sparkplatform.com/icb/20250104201628697063000000.jpg,0,0,1,1,0,Paved,Year Round,1421 S Northern View Drive,1290,324400
109523,2/6/2025,250000,0,2008,0.02,3,2,1,None,Residential,Cedar Park,B-1917-0016-0000,0,http://cdn.photos.sparkplatform.com/icb/20250103224206563468000000.jpg,0,0,1,1,2000,Paved,,340 W 1425 #97 N,1365,248000
109525,6/11/2025,499000,0,2025,0.46,4,2,1,Attach,R1,Iron West,B-2020-0081-0000,3,http://cdn.photos.sparkplatform.com/icb/20250425162621718101000000.jpg,0,1,1,1,10000,Paved,Year Round,4308 W 200 CIR N,1925,489000
109535,11/1/2025,145000,0,1980,20,4,1,0,None,R,Not Applicable,E-0979-0005-0000,0,http://cdn.photos.sparkplatform.com/icb/20250107210102325885000000.jpg,0,1,1,1,0,Unimproved,,20 Acres With House in Beryl,1328,145000
109539,2/19/2025,310000,0,1999,1.3,3,2,0,None,R-2,Cedar Valley Acres,D-0456-0626-0000,0,http://cdn.photos.sparkplatform.com/icb/20250108043806439992000000.jpg,0,1,1,1,10000,Paved,Year Round,5520 N 3575 W,1377,300000
109545,2/25/2025,521000,1392,1999,0.28,6,4,0,Attach,R-3-M,Castlegate,B-1604-0031-0000,2,http://cdn.photos.sparkplatform.com/icb/20250109160730604264000000.jpg,1,0,2,1,10000,Paved,Year Round,422 W 1600 N,1989,511000
109550,3/7/2025,240000,0,2007,0.1,2,1,0,None,R2,Cedar Willows,B-1893-0005-0000,0,http://cdn.photos.sparkplatform.com/icb/20250109185545041093000000.jpg,0,0,1,1,5800,Paved,,1896 N 1600 North Access Road,768,234200
109553,11/13/2025,417500,0,2025,0.14,3,2,0,Attach,R-2-2,Ekko View Estates,B-2046-002S-0000,2,http://cdn.photos.sparkplatform.com/icb/20250409203826229027000000.jpg,0,0,1,1,8000,Paved,Year Round,1840 N Golden Eagle,1758,409500
109554,3/12/2025,0,0,2024,0.03,3,2,1,Attach,R-2,The Village at 56,B-1436-0005-0000,2,http://cdn.photos.sparkplatform.com/icb/20250108235910175881000000.jpg,0,0,1,1,0,Paved,,4283 W HWY 56 #5,1625,0
109556,3/13/2025,175000,0,1992,0,3,2,0,Carpor,R3,Cedar Cove Condos,B-1805-000A-0007,1,http://cdn.photos.sparkplatform.com/icb/20250110170703202108000000.jpg,0,0,1,1,0,Paved,,576 W 1045 #A-7 N,866,175000
109562,6/17/2025,501050,1640,2025,0.28,3,2,0,Attach,R-1-11,Settlers Square,A-0990-0029-0000,2,http://cdn.photos.sparkplatform.com/icb/20250617134515619572000000.jpg,0,0,1,1,0,Paved,,1031 E 4240 (Lot 29 Phs 4 Settlers Square) N,1818,501050
109564,1/24/2025,276587,1260,1974,0.31,4,2,0,Attach,R-1,Smith,B-1113-0008-0010,1,http://cdn.photos.sparkplatform.com/icb/20250110223128868530000000.jpg,0.9,1,1,1,0,Paved,Year Round,38 S 1650 W,1372,276587
109567,4/18/2025,392000,0,1997,0.6,4,2,0,Attach,R1,Garden Park Estates,A-0874-0000-000G-20,2,http://cdn.photos.sparkplatform.com/icb/20250110225624695843000000.jpg,0,0,1,1,0,Paved,,4317 N Golden Leaf Circle,1492,392000
109568,2/20/2025,449000,0,1997,1.33,3,2,0,Detach,Residential,Not Applicable,A-0507-0009-0000,4,http://cdn.photos.sparkplatform.com/icb/20250111001814688936000000.jpg,1,0,1,1,15000,Paved,,618 W Old Hwy 91,1500,434000
109571,9/26/2025,812500,1833,2004,2.13,6,4,1,Attach,R1,Cross Hollow Hills,D-1139-0010-0119,3,http://cdn.photos.sparkplatform.com/icb/20250520141016976373000000.jpg,1,1,1,1,0,Paved,Year Round,1133 S Canyon Drive,1805,812500
109574,6/5/2025,550000,1600,2025,0.46,3,2,0,Attach,R-1,Sunview Estates,A-0907-0006-0000,3,http://cdn.photos.sparkplatform.com/icb/20250428152433330651000000.jpg,0,0,1,1,0,Paved,Year Round,4240 N Tomahawk Lot 6 Drive,1600,550000
109575,2/13/2025,620000,0,2025,0.26,4,2,1,Attach,Residential,Iron West,B-2020-0084-0000,3,http://cdn.photos.sparkplatform.com/icb/20250112210910246768000000.jpg,0,1,1,1,10000,,Year Round,4341 W 200 N,2238,610000
109580,2/18/2025,612000,0,2025,0.24,4,2,0,Attach,R-1,The Canyon at Eagle Ridge,B-2039-0005-0000,3,http://cdn.photos.sparkplatform.com/icb/20250118212425199107000000.jpg,0,1,2,1,0,Paved,Year Round,2331 S Canyon Circle,2049,612000
109583,5/28/2025,493000,0,2007,0.41,4,3,0,Attach,R-1,The Fields,A-0944-0037-0000,2,http://cdn.photos.sparkplatform.com/icb/20250113171709734407000000.jpg,0,1,1,1,0,Paved,,3790 N 170 E,2614,493000
109587,4/4/2025,550000,1600,2014,0.23,6,3,0,Attach,R1,Mountain Shadows,B-1866-0041-0000,3,http://cdn.photos.sparkplatform.com/icb/20250113225837281418000000.jpg,1,1,1,1,0,Paved,Year Round,4002 W 175 S,1600,550000
109590,7/11/2025,252000,1256,1966,0.24,5,3,0,Attach,R1,Highland Park,B-0065-0058-0000,1,http://cdn.photos.sparkplatform.com/icb/20250110183916456949000000.jpg,1,2,1,1,0,Paved,,252 Highland Drive,1256,252000
109592,4/29/2025,405000,918,1951,0.18,3,2,0,Carpor,R-2-2,Mountain View,B-0045-0073-0000,1,http://cdn.photos.sparkplatform.com/icb/20250114163450522127000000.jpg,1,2,1,1,2500,Paved,Year Round,67 N 1150 W,1110,402500
109596,8/12/2025,469900,1489,2006,0.23,2,2,0,Attach,R1,Sunset Canyon Estate,B-1785-0016-0000,2,http://cdn.photos.sparkplatform.com/icb/20250114220525156002000000.jpg,0.2,1,1,1,0,Paved,,242 S Marble Canyon Drive,1547,469900
109597,5/30/2025,547706,1795,2025,0.28,4,2,0,Attach,R-1-11,Settlers Square,A-0990-0028-0000,2,http://cdn.photos.sparkplatform.com/icb/20250529210258231978000000.jpg,0,1,1,1,0,Paved,,1023 E 4240 (Lot 28 Phs 4 Settlers Square) N,1987,547706
109599,3/14/2025,395000,1381,2009,0.26,3,2,0,Attach,R1,The Ridge,A-0917-0103-0000,2,http://cdn.photos.sparkplatform.com/icb/20250115021014999825000000.jpg,0,0,1,1,10000,Paved,,2126 E Ravine Road,1381,385000
109600,2/28/2025,469900,0,2024,0.41,3,2,0,Attach,R,The Ridge,A-0917-0036-0000,4,http://cdn.photos.sparkplatform.com/icb/20250115025245103682000000.jpg,0,0,1,1,4900,Paved,,1972 E Cedar Berry Lane,1656,465000
109603,3/11/2025,328000,1008,1976,0.54,6,2,0,Attach,R1,Not Applicable,A-0779-0030-0001,2,http://cdn.photos.sparkplatform.com/icb/20250115201211112371000000.jpg,1,0,1,1,7913,Paved,,4766 N Pioneer Drive,1008,320087
109611,2/28/2025,245000,0,1998,0.08,2,2,0,Attach,R-1,East Gate,B-0360-0002-000A-15,1,http://cdn.photos.sparkplatform.com/icb/20250115234327891806000000.jpg,0,0,1,1,0,Paved,Year Round,334 S 400 #15 E,1073,245000
109612,3/21/2025,164500,0,1991,0.03,1,1,0,None,R1,Cedar Village,A-1182-000A-0106,0,http://cdn.photos.sparkplatform.com/icb/20250116164656904377000000.jpg,0,1,1,1,0,Paved,,286 W Eagles Roost #A- 106 Street,655,164500
109613,7/25/2025,375000,0,1979,0.54,4,2,0,Detach,Aiz,Homestead,A-0779-0077-0000,1,http://cdn.photos.sparkplatform.com/icb/20250116174453598842000000.jpg,0,0,1,1,10000,Paved,Year Round,1668 E Homestead Boulevard,2108,365000
109620,3/14/2025,550000,0,2017,7.25,4,2,0,Attach,R-5,Golden West,E-0231-0020-0000,2,http://cdn.photos.sparkplatform.com/icb/20250115193643615953000000.jpg,0,1,1,1,0,Paved,Year Round,1720 S 7700 W,1596,550000
109623,2/12/2025,260000,1127,1993,0.42,5,2,1,None,R,Enoch Gardens,A-0780-0000-000E-05,0,http://cdn.photos.sparkplatform.com/icb/20250117152558256367000000.jpg,0.95,0,1,1,0,Paved,,4908 N Mule Train Drive,1127,260000
109625,8/28/2025,424900,0,2025,0.25,3,2,0,Attach,R-1,Pine View Estates,A-1035-0032-0000,2,http://cdn.photos.sparkplatform.com/icb/20250723224336669732000000.jpg,0,0,1,1,8015,Paved,Year Round,4838 N 10 E,1576,416885
109628,6/19/2025,630000,0,2020,1.95,3,2,1,Attach,R-1/2,Old Irontown,E-0842-0008-000D-032,2,http://cdn.photos.sparkplatform.com/icb/20250117184605196949000000.jpg,0,1,1,1,10000,,Year Round,17898 W Granite Lane,2719,620000
109644,2/11/2025,244000,872,1931,0.3,3,2,0,Carpor,Multifamily,Not Applicable,B-0310-0000-0000,0,http://cdn.photos.sparkplatform.com/icb/20250117234434102201000000.jpg,1,0,1,1,0,Paved,,270 S 100 E,872,244000
109656,2/25/2025,316875,0,2005,0.12,3,2,0,Attach,Res,Southern View,B-1791-0003-0001,2,http://cdn.photos.sparkplatform.com/icb/20250120215806788555000000.jpg,0,0,1,1,0,Paved,Year Round,1397 S Northern View Drive,1290,316875
109657,4/30/2025,559123,0,2025,0.3,3,2,0,Attach,R,Iron West,B-2020-0063-0000,3,http://cdn.photos.sparkplatform.com/icb/20250121162125106644000000.jpg,0,1,1,1,0,Paved,Year Round,4491 W 250 Lot 63 N,1907,559123
109658,4/30/2025,539833,1117,2025,0.26,5,2,1,Attach,R,Iron West,B-2020-0088-0000,3,http://cdn.photos.sparkplatform.com/icb/20250121164902220579000000.jpg,1,0,1,1,0,Paved,Year Round,4423 W 200 Lot 88 N,1419,539833
109666,3/4/2025,540000,0,2007,0.5,4,3,0,Attach,R-1,Westview Estates,D-1213-000C-0012,2,http://cdn.photos.sparkplatform.com/icb/20250121170411052728000000.jpg,0,1,1,1,0,Paved,Year Round,1213 S 4475 W,2014,540000
109669,2/21/2025,310000,0,2020,0.04,3,2,0,Attach,Res,Quail Court -Cedar Knolls,B-1135-000G-013A,2,http://cdn.photos.sparkplatform.com/icb/20250117033218228613000000.jpg,0,1,1,1,2000,Paved,,1121 Cedar Knolls #13 Street,1452,308000
109673,11/21/2025,625000,0,2025,0.3,4,2,1,Attach,R1,Saddleback Ridge,B-2012-0424-0000,2,http://cdn.photos.sparkplatform.com/icb/20250826160112631428000000.jpg,0,1,1,1,0,Paved,,2906 W Rock Ridge Road,2224,625000
109677,3/27/2025,294000,0,2024,0.02,3,2,1,Attach,R3,Cedar Reserve,B-2015-0056-0000,2,http://cdn.photos.sparkplatform.com/icb/20250123013601599891000000.jpg,0,0,1,1,0,Paved,Year Round,3181 W 1675 #A N,1480,294000
109679,2/21/2025,359000,341,1947,0.31,3,2,0,Detach,Residential,Not Applicable,A-0116-0001-0000,2,http://cdn.photos.sparkplatform.com/icb/20250123182256016873000000.jpg,1,1,1,1,10000,Paved,Year Round,210 S 100 E,1619,349000
109680,5/23/2025,430000,0,2025,0.21,3,2,0,Attach,R1/2,The Parks Deer Hollo,D-1224-0016-0000,3,http://cdn.photos.sparkplatform.com/icb/20250123192004255657000000.jpg,0,0,1,1,0,Paved,Year Round,1967 W 4700 N,1550,430000
109683,3/21/2025,424500,0,2025,0.23,3,2,0,Attach,R1/2,The Parks Deer Hollo,D-1224-0017-0000,2,http://cdn.photos.sparkplatform.com/icb/20250123194348213411000000.jpg,0,0,1,1,7000,Paved,Year Round,1943 W 4700 N,1612,417500
109691,5/1/2025,514200,0,2025,0.25,4,2,0,Attach,R-2-1,Magnolia Fields,B-2031-0020-0000,2,http://cdn.photos.sparkplatform.com/icb/20250124171805078057000000.jpg,1,1,1,1,0,Paved,Year Round,1068 N Reese Street,1871,514200
109699,3/6/2025,256180,0,2007,0.02,3,2,1,Attach,R,Belle Monte PUD,B-1955-0030-000E,1,http://cdn.photos.sparkplatform.com/icb/20250124190339956215000000.jpg,0,1,1,1,0,Paved,Year Round,1288 N North Cedar Blvd #30,1578,256180
109700,5/23/2025,735000,2182,2013,0.26,6,3,1,Attach,R,Wild Flower,B-1761-0006-0000,3,http://cdn.photos.sparkplatform.com/icb/20250124195456456702000000.jpg,1,2,2,1,15000,Paved,Year Round,605 S 2475 W,2559,720000
109708,3/7/2025,544000,780,2018,1.09,1,1,1,Bsmt,R-1,Not Applicable,A-1150-0005-0001-04,0,http://cdn.photos.sparkplatform.com/icb/20250124233249484713000000.jpg,1,1,1,1,0,Paved,,290 W Eagles Roost Street,780,544000
109711,4/4/2025,465000,0,2021,0.19,4,2,1,Attach,Residential,Crescent Hills,B-2010-0020-0000,2,http://cdn.photos.sparkplatform.com/icb/20250125190722737831000000.jpg,0,0,1,1,5000,Paved,Year Round,2723 W Sterling Drive,2118,460000
109723,5/8/2025,347400,618,1999,0.11,4,3,1,Attach,R-2,Lone Tree,B-1562-0003-0000,2,http://cdn.photos.sparkplatform.com/icb/20250127221810294847000000.jpg,1,0,1,1,10000,Paved,Year Round,183 E 820 S,1530,337400
109735,4/5/2025,413000,0,2025,0.25,3,2,0,Attach,R-1,Pine View Estates,A-1035-0006-0000,2,http://cdn.photos.sparkplatform.com/icb/20250127234302365071000000.jpg,0,0,1,1,0,Paved,Year Round,4911 N 10 E,1500,413000
109738,3/28/2025,374000,0,1999,0.52,4,2,0,None,Residential,Mid Valley Estates,D-0527-0001-0002-25,0,http://cdn.photos.sparkplatform.com/icb/20250122205611241324000000.jpg,0,0,1,1,0,Paved,Year Round,4889 N 2700 W,1782,374000
109740,4/30/2025,545000,1718,2025,0.18,3,2,0,Attach,R-2-1,The Valley at South Mtn,B-2016-0015-0000,3,http://cdn.photos.sparkplatform.com/icb/20250128152756936844000000.jpg,0,0,1,1,0,Paved,,3343 W Sun W Circle,1619,545000
109742,3/7/2025,425000,0,2024,0.26,3,2,0,Attach,R,Valley Gate Estates,A-0798-0009-0000,2,http://cdn.photos.sparkplatform.com/icb/20250128161707070797000000.jpg,0,0,1,1,0,Paved,Year Round,878 E Winchester Drive,1769,425000
109747,2/25/2025,0,0,1983,0,1,1,0,Bsmt,R3,Copper Chase Condos,A-1178-0219-0000,1,http://cdn.photos.sparkplatform.com/icb/20250128010646235210000000.jpg,0,1,1,1,0,Paved,,150 W Ridge View Street #219,624,0
109754,6/20/2025,421100,0,2025,0.13,3,2,0,Attach,R2-2,Ekko View Estates,B-2046-005S-0000,2,http://cdn.photos.sparkplatform.com/icb/20250129195441516203000000.jpg,0,0,1,1,0,Paved,Year Round,1828 N Bald Eagle,1743,421100
109755,4/21/2025,360390,632,2025,0.03,3,2,1,Attach,Residential,Old Sorrel Ranch,B-1857-1168-0000,2,http://cdn.photos.sparkplatform.com/icb/20250129204018906487000000.jpg,0.8,0,1,1,0,Paved,Year Round,564 S Rockwell Lane #1168,1573,360390
109757,2/10/2025,354390,632,2025,0.02,3,2,1,Attach,Residential,Old Sorrel Ranch,B-1857-1169-0000,2,http://cdn.photos.sparkplatform.com/icb/20250129212328394364000000.jpg,0.8,0,1,1,0,Paved,Year Round,566 S Rockwell Lane 1169,1573,354390
109758,6/30/2025,351900,405,2025,0.02,4,3,1,Attach,R3-M,Fiddlers Cove PUD,B-2041-0005-000C,2,http://cdn.photos.sparkplatform.com/icb/20250129235835177572000000.jpg,1,0,1,1,0,Paved,Year Round,665 E 2015 #5C N,1867,351900
109759,5/2/2025,349900,405,2025,0.02,4,3,1,Attach,R3-M,Fiddlers Cove PUD,B-2041-0005-000D,2,http://cdn.photos.sparkplatform.com/icb/20250130001203614238000000.jpg,1,0,1,1,0,Paved,Year Round,665 E 2015 #5D N,1867,349900
109765,5/21/2025,399900,0,2025,0.11,5,3,0,Attach,R2-2,Liberty Cove at Jefferson,B-2026-011A-0000,2,http://cdn.photos.sparkplatform.com/icb/20250130195602757702000000.jpg,0,0,1,1,5000,Paved,Year Round,752 S Liberty Cove Drive,2101,394900
109773,6/6/2025,383545,0,2025,0.14,3,2,0,Attach,Residential,Rose Village,B-2029-0022-000E,2,http://cdn.photos.sparkplatform.com/icb/20250212012340716658000000.jpg,0,0,1,1,5000,Paved,Year Round,397 W Rosie Loop Lot 22E,1448,378545
109774,3/14/2025,380345,0,2025,0.14,3,2,0,Attach,Residential,Rose Village,B-2029-0024-000E,2,http://cdn.photos.sparkplatform.com/icb/20250212015302869118000000.jpg,0,0,1,1,0,Paved,,363 W Rosie Loop Lot 24E,1448,380345
109776,1/29/2025,484637,0,2024,0.57,3,2,0,Attach,R,Peak View,D-0565-0008-0000,3,http://cdn.photos.sparkplatform.com/icb/20250131052649893108000000.jpg,0,0,1,1,0,Paved,Year Round,4424 N 2600 W,1580,484637
109777,3/18/2025,349250,0,1999,0.5,4,2,0,None,R,Mid Valley Estates,D-0518-0043-0025,0,http://cdn.photos.sparkplatform.com/icb/20250131043344606701000000.jpg,0,0,1,1,10000,Paved,Year Round,5358 N 2950 W,1742,339250
109788,5/7/2025,525000,1547,2025,0.28,5,3,0,Attach,R-1-11,Settlers Square,A-0990-0034-0000,2,http://cdn.photos.sparkplatform.com/icb/20250508193838026876000000.jpg,0.35,1,1,1,0,Paved,,1091 E 4240 N (Lot 34 Phs 4 Settlers Square),1766,525000
109792,9/12/2025,315000,166,1949,3.72,3,1,0,None,Residential,Not Applicable,E-1606-0004-00CL,0,http://cdn.photos.sparkplatform.com/icb/20250131210442462402000000.jpg,0,0,1,1,15000,,Year Round,1980 W 3600 N,1238,300000
109794,8/20/2025,445000,0,2025,0.26,3,2,0,Attach,Res,Valley Gate Estates,A-0798-0003-0000,2,http://cdn.photos.sparkplatform.com/icb/20250716153813337032000000.jpg,0,0,1,1,6000,Paved,Year Round,960 E Winchester Drive,1785,439000
109797,1/31/2025,381085,0,2025,0.12,3,2,0,Attach,Residential,Rose Village,B-2029-0020-000W,2,http://cdn.photos.sparkplatform.com/icb/20250201214010873073000000.jpg,0,0,1,1,0,Paved,,392 W Rosie Loop,1448,381085
109798,6/30/2025,310000,0,1941,0.2,4,2,0,Carpor,R-3-M,Cedar City,B-0166-0004-0000,2,http://cdn.photos.sparkplatform.com/icb/20250201225253200147000000.jpg,0,1,1,1,0,Paved,Year Round,237 N 600 W,1316,310000
109826,3/28/2025,447000,1533,2021,0.3,3,2,0,Attach,Res,Old Sorrel Ranch,B-1857-0027-0001,2,http://cdn.photos.sparkplatform.com/icb/20250203205042757821000000.jpg,0,0,1,1,0,Paved,Year Round,3614 Foundation Trail,1533,447000
109828,7/15/2025,610000,1732,2003,0.22,5,3,0,Attach,Residential,Legacy Park Sub,B-1732-0007-0000,3,http://cdn.photos.sparkplatform.com/icb/20250130184001825483000000.jpg,1,2,1,1,0,Paved,Year Round,2279 W Crestview Circle,1732,610000
109842,9/22/2025,188000,0,1991,0.03,1,1,1,None,Residential,Cedar Village,A-1182-000D-0101,0,http://cdn.photos.sparkplatform.com/icb/20250205004356274442000000.jpg,0,1,1,1,500,Paved,Year Round,286 W Eagles Roost #d-101 Street,750,187500
109849,6/20/2025,114500,0,1995,0,3,2,0,Carpor,R-3,Canyon Vw Mfg Hm Prk,0,0,http://cdn.photos.sparkplatform.com/icb/20250205181429039678000000.jpg,0,0,1,1,0,Paved,Year Round,780 W 1125 #14 N,1083,114500
109854,3/25/2025,562500,1232,1985,0.96,6,4,0,Attach,Residential,Monte Vista Acres,D-0938-0001-0023,2,http://cdn.photos.sparkplatform.com/icb/20250205185536971077000000.jpg,1,0,1,1,0,Paved,Year Round,3859 W 625 N,2524,562500
109858,6/23/2025,430000,0,2025,0.12,4,3,0,Attach,Residential,Rose Village,B-2050-0046-000W,2,http://cdn.photos.sparkplatform.com/icb/20250325215952015010000000.jpg,0,0,1,1,0,Paved,,352 W Rosie Loop 46W,2024,430000
109860,4/10/2025,299990,0,2025,0.02,3,2,0,Attach,Residential,Old Sorrel Ranch,B-1857-1128-0000,2,http://cdn.photos.sparkplatform.com/icb/20250205210551560487000000.jpg,0,0,1,1,0,Paved,Year Round,598 S May Dr 1128,1399,299990
109866,3/14/2025,447000,0,2013,0.26,4,3,0,Attach,R-1,Sunset Canyon Estate,B-1858-0016-0000,2,http://cdn.photos.sparkplatform.com/icb/20250205172344532030000000.jpg,0,0,1,1,7000,Paved,,317 S Glen Canyon Drive,1966,440000
109876,3/19/2025,350000,960,1979,0.17,4,2,0,Attach,Residential,North Cedar Estates,B-0001-0009-0019-262,2,http://cdn.photos.sparkplatform.com/icb/20250206161934652664000000.jpg,1,1,1,1,15000,Paved,Year Round,324 W 1725 N,994,335000
109877,3/17/2025,475000,0,2006,0.5,3,2,0,Attach,R-1,Westview Estates,D-1209-000B-0021,2,http://cdn.photos.sparkplatform.com/icb/20250204180837657045000000.jpg,0,1,1,1,10649,Paved,Year Round,831 S 4425 W,1875,464351
109880,3/12/2025,335000,0,1996,0.16,3,2,0,Attach,R,Cedar Meadows,B-1565-0059-0000,3,http://cdn.photos.sparkplatform.com/icb/20250206173519237064000000.jpg,0,1,1,1,0,Paved,Year Round,4087 W 75 N,1202,335000
109886,5/15/2025,495000,1613,2006,0.16,5,3,0,Attach,Residential,Cedar Meadows,B-1803-0026-0000,2,http://cdn.photos.sparkplatform.com/icb/20250206174445320833000000.jpg,1,0,1,1,0,Paved,Year Round,90 N 4275 W,1613,495000
109899,3/24/2025,339000,0,1998,0.16,4,2,1,Attach,Residential,Castlegate,B-1604-0014-0000,2,http://cdn.photos.sparkplatform.com/icb/20250207013429100631000000.jpg,1,0,1,1,0,Paved,,579 W 1525 N,2003,339000
109900,4/10/2025,465000,0,1997,19.66,4,2,1,None,Res,Eagle Valley Ranchos,D-0495-0002-0000,0,http://cdn.photos.sparkplatform.com/icb/20250204170735846096000000.jpg,0,0,1,1,0,Unimproved,,5953 N 1700 W,2045,465000
109902,3/25/2025,650000,0,2005,0.46,3,2,1,Attach,Residential,Kanarra Town,A-4000-0007-0000,2,http://cdn.photos.sparkplatform.com/icb/20250205174318014855000000.jpg,0,0,1,1,0,,Year Round,265 W 200 N,3270,650000
109904,10/15/2025,228000,0,2007,0.02,3,2,1,None,R1,Trailside,B-1960-0004-000A,0,http://cdn.photos.sparkplatform.com/icb/20250206233219427885000000.jpg,0,0,1,1,0,Paved,Year Round,920 S 25 #4A E,1258,228000
109913,8/11/2025,64000,0,1964,0,4,2,0,None,Residential,Mountain View,UT006105742,0,http://cdn.photos.sparkplatform.com/icb/20250208172615447201000000.jpg,0,0,1,1,0,Paved,Year Round,1027 N Main Street,1209,64000
109917,10/8/2025,250000,0,1984,0,1,2,0,Attach,R3,Timberbrook Village,A-1176-0003-0013,1,http://cdn.photos.sparkplatform.com/icb/20250210165051590102000000.jpg,0,1,1,1,0,Paved,,464 N 143 Hwy #a313,940,250000
109928,3/28/2025,740000,0,2025,0.86,4,3,0,Attach,Residential,Not Applicable,B-2023-0011-0000,3,http://cdn.photos.sparkplatform.com/icb/20250210200738595509000000.jpg,0,1,1,1,0,Paved,Year Round,1747 S 4250 W,2435,740000
109930,4/9/2025,575000,0,2025,0.3,3,2,1,Attach,R-2-1,Iron West,B-2020-0062-0000,3,http://cdn.photos.sparkplatform.com/icb/20250211004406096500000000.jpg,0,1,1,1,0,Paved,,4361 W 250 N Circle,1996,575000
109933,4/25/2025,120000,0,1972,0,1,1,0,None,R3,Edelweiss,A-1181-0106-0000,0,http://cdn.photos.sparkplatform.com/icb/20250208231213308965000000.jpg,0,1,1,1,4000,,Year Round,651 S Snowflake #106 Lane,429,116000
109934,10/15/2025,360000,0,1981,0,2,2,0,Attach,Rs,Giant Steps Condo,A-1173-0008-0000,1,http://cdn.photos.sparkplatform.com/icb/20250211171251560480000000.jpg,0,1,1,1,0,Paved,Year Round,407 S Vasels #8 Road,930,360000
109935,4/30/2025,650000,0,2025,0.3,3,2,0,Attach,R,Saddleback Ridge,B-2012-0912-0000,3,http://cdn.photos.sparkplatform.com/icb/20250130221224978181000000.jpg,0,1,1,1,0,Paved,Year Round,1761 S Grace Lane,2145,650000
109936,6/23/2025,690000,2275,2022,0.27,6,4,2,Attach,R-2-2,Old Sorrel Ranch,B-1857-0027-0058,3,http://cdn.photos.sparkplatform.com/icb/20250217190502964834000000.jpg,1,1,1,1,10000,Paved,Year Round,3580 W Sevy Street,2164,680000
109937,9/22/2025,779500,0,2025,0.28,3,2,1,Attach,R,Saddleback Ridge,B-2012-0918-0000,3,http://cdn.photos.sparkplatform.com/icb/20250613225138092433000000.jpg,0,1,1,1,10000,Paved,Year Round,1774 S Grace Lane,2500,769500
109938,8/27/2025,674000,0,2025,0.3,3,2,1,Attach,R,Saddleback Ridge,B-2012-0911-0000,3,http://cdn.photos.sparkplatform.com/icb/20250613195544015576000000.jpg,0,1,1,1,0,Paved,Year Round,1777 S Grace Lane,2054,674000
109963,4/24/2025,500000,1542,2021,0.25,3,3,0,Attach,R-1-11,Settlers Square,A-0976-0042-0000,2.5,http://cdn.photos.sparkplatform.com/icb/20250212152808232161000000.jpg,0.1,1,1,1,0,Paved,,1362 E Southern Homestead Blvd,1718,500000
109987,5/9/2025,485000,1848,2020,0.41,4,3,0,Attach,R,Legacy Estates,A-0945-0059-0000,2,http://cdn.photos.sparkplatform.com/icb/20250213162213382408000000.jpg,0.25,1,1,1,15000,Paved,Year Round,5055 N 500 E,1881,470000
109988,7/30/2025,580000,0,2025,0.26,4,2,1,Attach,R-2-1,Iron West,B-2020-0090-0000,3,http://cdn.photos.sparkplatform.com/icb/20250505155633207152000000.jpg,0,1,1,1,10000,Paved,,4461 W 200 N,2546,570000
109992,3/31/2025,360390,632,2025,0.03,3,2,1,Attach,Residential,Old Sorrel Ranch,B-1857-1173-0000,2,http://cdn.photos.sparkplatform.com/icb/20250213181504649117000000.jpg,0.8,0,1,1,0,Paved,Year Round,578 S Rockwell Lane #1173,1573,360390
110007,7/10/2025,560000,1440,2004,0.27,5,3,1,Attach,R1,Fiddlers Canyon,B-1741-0009-0000,2,http://cdn.photos.sparkplatform.com/icb/20250213174526772354000000.jpg,1,1,1,1,0,Paved,,981 E Nichols Canyon Road,1910,560000
110010,3/26/2025,324900,0,2006,0.12,4,2,1,Attach,Gc,Brookhaven Place,B-1838-0001-0000,2,http://cdn.photos.sparkplatform.com/icb/20250213235515945309000000.jpg,0,0,1,1,7000,Paved,,1007 W Brook Street,1749,317900
110021,5/9/2025,452000,0,1929,1.28,3,2,0,Attach,Res,Not Applicable,A-0621-0000-0000,2,http://cdn.photos.sparkplatform.com/icb/20250214180107573901000000.jpg,0,0,1,1,11800,,Year Round,86 E 200 S,1616,440200
110024,10/10/2025,129900,0,1984,0,0,1,0,Attach,Residential,Timberbrook Village,A-1176-000B-0209,1,http://cdn.photos.sparkplatform.com/icb/20250625022809484406000000.jpg,0,1,1,1,0,Paved,Year Round,464 N Hwy 143 #B209,420,129900
110033,6/2/2025,449900,0,2025,0.16,5,3,0,Attach,R-1,Pointe West,B-2033-0034-0000,2,http://cdn.photos.sparkplatform.com/icb/20250214180745525491000000.jpg,0,1,1,1,0,Paved,Year Round,3323 W Indigo Street,2020,449900
110046,4/15/2025,405000,1308,1977,0.26,5,3,0,Attach,Residential,Cedar Knolls South,B-1154-0001-0020,2,http://cdn.photos.sparkplatform.com/icb/20250216035356923838000000.jpg,1,1,1,1,0,Paved,,979 W Cedar Knolls South,1328,405000
110065,4/22/2025,545000,0,2007,0.36,3,3,0,Attach,R-1,Ashdown Forest,B-1812-0045-0000,2,http://cdn.photos.sparkplatform.com/icb/20250218231516654219000000.jpg,0,1,1,1,0,Paved,,1222 E Nichlos Canyon Road,2713,545000
110070,10/24/2025,316000,0,2019,0.03,3,2,1,Attach,R3,Sycamore Trail,B-1848-0003-0020,2,http://cdn.photos.sparkplatform.com/icb/20250707204306978701000000.jpg,0,0,1,1,0,Paved,Year Round,3081 W 1725 #20 N,1672,316000
110071,4/23/2025,298000,1196,1977,0,4,3,0,Carpor,R-3,Three Fountains,B-1151-0001-0004-026,3,http://cdn.photos.sparkplatform.com/icb/20250219162516643011000000.jpg,0.98,2,1,1,0,Paved,,991 S Three Fountains Drive,1196,298000
110072,5/12/2025,319990,0,2025,0.13,3,2,0,Attach,Residential,Pointe West,B-2033-0028-000S,2,http://cdn.photos.sparkplatform.com/icb/20250219230451901382000000.jpg,0,0,1,1,4000,Paved,Year Round,1129 N Sage 1077 Street,1363,315990
110073,5/12/2025,319990,0,2025,0.13,3,2,0,Attach,Residential,Pointe West,B-2033-0028-000N,2,http://cdn.photos.sparkplatform.com/icb/20250219230230358882000000.jpg,0,0,1,1,5000,Paved,Year Round,1135 N Sage Street 1076,1363,314990
110074,5/5/2025,520000,1485,2019,0.23,5,3,0,Attach,R1,Monarch Meadows,D-1216-0065-0000,2,http://cdn.photos.sparkplatform.com/icb/20250219235238125705000000.jpg,1,0,1,1,12000,Paved,Year Round,2252 W 3625 N | 2252 Gallant Fox,1485,508000
110089,6/26/2025,581500,1714,2020,0.42,3,2,0,Attach,Residential,Monarch Meadows,D-1210-0030-00AM,4,http://cdn.photos.sparkplatform.com/icb/20250520010659797851000000.jpg,0,1,1,1,7397,,Year Round,3794 N Monarch Drive,1714,574103
110096,7/25/2025,626326,1563,2025,0.2,5,3,0,Attach,R-2-1,Crescent Hills,B-2017-0030-0000,3,http://cdn.photos.sparkplatform.com/icb/20250725220548640670000000.jpg,0.9,1,1,1,0,Paved,,191 N Sterling Dr. (Lot 30 Phs 4 Crescent Hills),1698,626326
110098,6/27/2025,350000,405,2025,0.02,4,3,1,Attach,R3-M,Fiddlers Cove PUD,B-2041-0005-000E,2,http://cdn.photos.sparkplatform.com/icb/20250221194546324654000000.jpg,1,0,1,1,4000,Paved,Year Round,665 E 2015 #5E N,1867,346000
110103,6/5/2025,563499,1489,2019,0.31,4,2,0,Attach,R-1,Cimarron Heights,B-1856-0054-0000,3,http://cdn.photos.sparkplatform.com/icb/20250221233925563985000000.jpg,0.25,0,1,1,8500,Paved,Year Round,142 S Chaparral Drive,1555,554999
110113,6/12/2025,640000,2528,2005,1.02,4,2,1,Attach,R-1 Acre,Flying L Ranch,D-1192-000A-0004,2,http://cdn.photos.sparkplatform.com/icb/20250222195854848580000000.jpg,0.1,1,1,1,0,Paved,,2181 W 2875 N,2528,640000
110121,4/11/2025,450000,0,2019,0.21,3,2,0,Attach,Res,Crescent Hills,B-1999-0008-0000,3,http://cdn.photos.sparkplatform.com/icb/20250224184256379487000000.jpg,0,0,1,1,5000,Paved,Year Round,107 N Windsor N Road,1631,445000
110128,5/7/2025,405900,0,2020,0.41,3,2,0,Attach,Residential,Iron Mountain,A-0974-0079-0000,2,http://cdn.photos.sparkplatform.com/icb/20250224230344678978000000.jpg,0,0,1,1,100000,Paved,Year Round,4281 N High Noon Street,1435,305900
110153,4/14/2025,328500,0,2022,0.03,3,2,1,Attach,R3,Shadow Cove,B-2021-0004-0000,2,http://cdn.photos.sparkplatform.com/icb/20250225222109279589000000.jpg,0,1,1,1,0,Paved,Year Round,668 E Fiddlers Cove #4 Drive,1734,328500
110154,6/12/2025,408250,480,1998,0.25,5,3,0,Attach,R-1,Fiddlers Canyon,B-1609-0010-0000,2,http://cdn.photos.sparkplatform.com/icb/20250225231517774884000000.jpg,1,0,1,1,0,Paved,Year Round,708 E Red Cedar Circle,1597,408250
110158,4/3/2025,665000,1894,2024,0.25,7,4,0,Attach,R-2-1,Black Sage,B-1877-0101-0000,3,http://cdn.photos.sparkplatform.com/icb/20250226223140185921000000.jpg,1,0,2,1,15000,Paved,Year Round,2529 W Black Sage Drive,1885,650000
110162,4/15/2025,340600,0,2021,0.04,3,2,0,Attach,R,Sycamore Trail,B-2003-0032-0000,2,http://cdn.photos.sparkplatform.com/icb/20250226162953962996000000.jpg,0,1,1,1,0,Paved,Year Round,1825 N Lund Highway #32,1454,340600
110164,9/5/2025,532225,1500,2017,0.41,6,3,0,Attach,Res,Rendezvous Subdivisi,A-0969-0002-0000,3,http://cdn.photos.sparkplatform.com/icb/20250605194721305345000000.jpg,1,0,1,1,17000,Paved,,5203 N Tomahawk N Drive,1500,515225
110175,5/29/2025,795000,0,2025,0.32,6,4,0,Attach,R1,The Bluff at South Mtn.,B-2027-0011-0000,3,http://cdn.photos.sparkplatform.com/icb/20250227055020024135000000.jpg,0,1,1,2,15000,Paved,Year Round,2182 S Bluff,3471,780000
110176,6/13/2025,438500,1184,1998,0.2,4,3,0,Attach,R-1,Red Hills,A-0007-0017-0005,2,http://cdn.photos.sparkplatform.com/icb/20250521124347195528000000.jpg,1,0,1,1,0,Paved,Year Round,471 E 40 S,1184,438500
110181,4/7/2025,350000,464,1978,0.26,4,2,0,Attach,Residential,Heritage Park,B-0003-0005-0015-412,2,http://cdn.photos.sparkplatform.com/icb/20250227234305488568000000.jpg,1,2,1,1,5000,Paved,,374 W 900 N,1166,345000
110184,9/19/2025,495000,0,2022,0.28,4,2,1,Attach,R,Settlers Square,A-1034-0012-0000,3,http://cdn.photos.sparkplatform.com/icb/20250227230507989080000000.jpg,0,1,1,1,0,Paved,,1044 E Southern Homestead Boulevard,2118,495000
110185,3/31/2025,299990,0,2025,0.02,3,2,0,Attach,Residential,Old Sorrel Ranch,B-1857-1133-0000,2,http://cdn.photos.sparkplatform.com/icb/20250228003131541390000000.jpg,0,0,1,1,4000,Paved,Year Round,582 S May 1133 Drive,1399,295990
110186,3/27/2025,359390,632,2025,0.03,4,2,1,Attach,Residential,Old Sorrel Ranch,B-1857-1170-0000,2,http://cdn.photos.sparkplatform.com/icb/20250228005433991133000000.jpg,0.8,0,1,1,4000,Paved,Year Round,568 S Rockwell Lane #1170,1616,355390
110198,5/1/2025,450000,0,2025,0.5,3,2,0,Attach,Res,Peak View,D-0565-0005-0000,2,http://cdn.photos.sparkplatform.com/icb/20250226010021999199000000.jpg,0,0,1,1,7500,Paved,Year Round,4381 N 2600 W,1511,442500
110201,4/8/2025,325000,0,1994,0.53,3,2,0,None,R1/2,Mid Valley Estates,D-0527-0001-0002-07,0,http://cdn.photos.sparkplatform.com/icb/20250301003005950197000000.jpg,0,0,1,1,6500,Paved,,2736 W 5025 N,1080,318500
110206,3/31/2025,354390,632,2025,0.02,3,2,1,Attach,Residential,Old Sorrel Ranch,B-1857-1172-0000,2,http://cdn.photos.sparkplatform.com/icb/20250301191808667435000000.jpg,0.8,0,1,1,4000,Paved,Year Round,572 S Rockwell 1172 Lane,1573,350390
110207,4/24/2025,354390,632,2025,0.02,4,2,1,Attach,Residential,Old Sorrel Ranch,B-1857-1171-0000,2,http://cdn.photos.sparkplatform.com/icb/20250301201629204229000000.jpg,0.8,0,1,1,4000,Paved,Year Round,570 S Rockwell 1171 Lane,1616,350390
110229,4/17/2025,405000,1246,1979,0.19,3,2,0,Carpor,Residential,Southwood,B-1130-0014-0000,0,http://cdn.photos.sparkplatform.com/icb/20250304183826894319000000.jpg,1,2,1,1,0,Paved,Year Round,551 S 780 W,1246,405000
110231,4/14/2025,448840,0,2025,0.25,3,2,0,Attach,R-1,Pine View Estates,A-1035-0028-0000,3,http://cdn.photos.sparkplatform.com/icb/20250226184022043482000000.jpg,0,0,1,1,0,Paved,,4888 N 10 Lot 28 E,1544,448840
110236,3/12/2025,315000,1300,1974,0.38,4,3,0,None,R1,Red Hills,A-0007-0007-0003,0,http://cdn.photos.sparkplatform.com/icb/20250304030230753187000000.jpg,0.75,1,1,1,0,Paved,,495 E 125 S,1749,315000
110237,4/24/2025,342000,0,1979,1,3,2,0,Detach,Res,Spanish Trails,A-0877-0002-0014,2,http://cdn.photos.sparkplatform.com/icb/20250304065835744762000000.jpg,0,1,1,1,10000,,Year Round,4255 N Driftwood Lane,1700,332000
110246,5/28/2025,609000,1936,2016,0.62,3,2,1,Attach,Residential,Westview Estates,D-1213-000G-0011,3,http://cdn.photos.sparkplatform.com/icb/20250304221833066617000000.jpg,0.25,1,1,1,0,,Year Round,4330 W 1275 S,1936,609000
110251,4/11/2025,260000,0,2008,0.02,3,2,1,None,Residential,Cedar Park,B-1917-0059-0000,0,http://cdn.photos.sparkplatform.com/icb/20250305183858078616000000.jpg,0,0,1,1,4000,,Year Round,340 W 1425 #54 N,1356,256000
110257,5/16/2025,269990,0,2025,0.02,3,2,0,Attach,Residential,Old Sorrel Ranch,B-1857-1132-0000,2,http://cdn.photos.sparkplatform.com/icb/20250305201115587430000000.jpg,0,0,1,1,0,Paved,Year Round,586 S May 1132 Drive,1300,269990
110260,5/6/2025,279990,0,2025,0.02,3,2,0,Attach,Residential,Old Sorrel Ranch,B-1857-1131-0000,2,http://cdn.photos.sparkplatform.com/icb/20250305202723437690000000.jpg,0,0,1,1,4000,Paved,Year Round,588 S May 1131 Drive,1399,275990
110262,7/11/2025,315000,0,2025,0.12,3,2,0,Attach,Residential,Sage Springs,B-2038-0007-000E,1,http://cdn.photos.sparkplatform.com/icb/20250305211607740525000000.jpg,0,0,1,1,0,Paved,Year Round,581 W 2360 N,1154,315000
110265,3/27/2025,290000,0,2025,0.02,3,2,0,Attach,Residential,Old Sorrel Ranch,B-1857-1130-0000,2,http://cdn.photos.sparkplatform.com/icb/20250305214500171990000000.jpg,0,0,1,1,0,Paved,Year Round,592 S May 1130 Drive,1399,290000
110267,4/30/2025,315000,0,1984,0,2,2,0,Attach,Residential,Timbernest Condo,A-1177-0010-000B,1,http://cdn.photos.sparkplatform.com/icb/20250305214833128641000000.jpg,0,1,1,1,2500,Paved,Year Round,117 E Steam Engine #10B Drive,1225,312500
110268,5/8/2025,269990,0,2025,0.02,3,2,0,Attach,Residential,Old Sorrel Ranch,B-1857-1129-0000,2,http://cdn.photos.sparkplatform.com/icb/20250305220231666282000000.jpg,0,0,1,1,0,Paved,Year Round,596 S May 1129 Drive,1310,269990
110271,8/14/2025,386000,0,2025,0.17,3,2,0,Attach,Res,Hawks Landing,A-0845-0011-0007,2,http://cdn.photos.sparkplatform.com/icb/20250522164003092562000000.jpg,0,0,1,1,0,Paved,Year Round,3919 N Hawks Landing Loop,1406,386000
110281,4/8/2025,280000,1004,1947,0.19,4,2,0,None,R-2-2,Not Applicable,B-1112-0005-0000,0,http://cdn.photos.sparkplatform.com/icb/20250306182050482189000000.jpg,0.5,1,1,1,0,Paved,Year Round,245 S 700 W,1004,280000
110284,4/21/2025,570000,1360,1999,0.24,6,3,0,Attach,Res,West Ridge Estates,B-1608-0009-0000,2,http://cdn.photos.sparkplatform.com/icb/20250305151710006880000000.jpg,1,1,2,2,10000,Paved,,1802 W 700 S,1719,560000
110286,4/10/2025,381500,1192,1996,0.22,6,3,0,Attach,R1,Willowwood,B-1454-0033-0000,2,http://cdn.photos.sparkplatform.com/icb/20250306200408415745000000.jpg,0.3,0,1,1,10000,Paved,Year Round,345 W 1550 N,1192,371500
110290,7/21/2025,424500,0,2023,0.5,3,2,0,None,R,Old Irontown,E-0843-0002-0001-075,0,http://cdn.photos.sparkplatform.com/icb/20250306185242679578000000.jpg,0,1,1,1,0,Unimproved,Year Round,4180 S Little Pinto Creek Road,1700,424500
110296,3/28/2025,515000,0,2002,0.68,4,3,0,Detach,R-1-18,The Fields,A-0856-0001-0000,2,http://cdn.photos.sparkplatform.com/icb/20250307162609052771000000.jpg,0,1,1,1,0,Paved,Year Round,279 E Thoroughbred (3810 N) Way,2024,515000
110305,9/3/2025,0,0,2002,0,3,2,0,Carpor,R-3,Canyon Vw Mfg Hm Prk,0,1,http://cdn.photos.sparkplatform.com/icb/20250228001143286315000000.jpg,0,0,1,1,0,,Year Round,780 W 1125 #120 N,1080,0
110308,7/28/2025,753000,0,2004,0.37,4,3,1,Attach,R-1,Ashdown Forest,B-1750-0014-0000,3,http://cdn.photos.sparkplatform.com/icb/20250430231831974118000000.jpg,0,3,1,1,0,Paved,Year Round,1073 E Nichols Canyon Road,3426,753000
110314,5/14/2025,478000,1500,2021,0.5,4,3,0,Attach,R-1,Peak View,D-0462-0006-0000,3,http://cdn.photos.sparkplatform.com/icb/20250308190133343857000000.jpg,0.3,0,1,2,0,,Year Round,4398 N 2525 W,1500,478000
110317,5/30/2025,638890,1907,2025,0.27,4,2,1,Attach,Residential,Old Sorrel Ranch,B-1857-0027-0085,3,http://cdn.photos.sparkplatform.com/icb/20250309010349517290000000.jpg,0.1,1,1,2,0,Paved,Year Round,3648 W Bladen 85 Street,2684,638890
110318,5/7/2025,375000,0,2014,0.06,3,2,0,Attach,R,Country Meadows,B-1995-0003-0032,2,http://cdn.photos.sparkplatform.com/icb/20250310150907820770000000.jpg,0,1,1,1,0,Paved,,1462 N 450 W,1453,375000
110320,5/16/2025,259900,0,2019,0.02,2,2,1,Attach,Industrial,Cedar Edge,B-1386-0039-0000,1,http://cdn.photos.sparkplatform.com/icb/20250310163328556316000000.jpg,0,0,1,1,6497,Paved,Year Round,1563 S Topaz #D W Drive,1426,253403
110321,5/23/2025,498800,0,2025,0.28,4,3,0,Attach,R 1-11,Dairy Glen,A-1043-0005-0000,3,http://cdn.photos.sparkplatform.com/icb/20250310174710447098000000.jpg,0,0,1,1,5000,Paved,Year Round,5033 N Sagewood Lane,2205,493800
110322,5/12/2025,389000,0,2005,0.18,3,2,0,Attach,R3,Lamplight,B-1797-0030-0000,2,http://cdn.photos.sparkplatform.com/icb/20250310173605566519000000.jpg,0,1,1,1,0,Paved,,4149 W 200 N,1361,389000
110325,8/6/2025,399000,0,1994,2.03,3,2,0,Attach,R-1/2,Buena Vista,D-1190-000F-0006,4,http://cdn.photos.sparkplatform.com/icb/20250310185046107709000000.jpg,0,0,1,1,23500,Paved,Year Round,4433 W 500 N,1856,375500
110326,5/9/2025,360700,0,1996,0.16,3,2,0,Attach,R1,Cedar Meadows,B-1565-0019-0000,2,http://cdn.photos.sparkplatform.com/icb/20250310202232056776000000.jpg,0,1,1,1,0,Paved,Year Round,78 N 4000 W,1360,360700
110328,6/30/2025,427500,0,2021,0.08,3,2,0,Attach,Residential,Crestline,B-2009-003A-0009,2,http://cdn.photos.sparkplatform.com/icb/20250310202352222193000000.jpg,0,1,1,1,13894,Paved,Year Round,2352 W Portal Hill Road Unit #9,1457,413606
110330,9/19/2025,700000,0,2006,2.21,4,3,1,Attach,R,Northridge,D-1208-0050-0000,2,http://cdn.photos.sparkplatform.com/icb/20250417230104358225000000.jpg,0,1,1,1,0,,Year Round,1015 S Westview Dr,3024,700000
110334,7/21/2025,397900,0,2025,0.26,3,2,0,Attach,R1-11,Dairy Glen,A-1043-0024-0000,2,http://cdn.photos.sparkplatform.com/icb/20250310173004335156000000.jpg,0,0,1,1,0,Paved,Year Round,5088 N Sagewood Lane,1427,397900
110340,8/8/2025,519400,1946,2022,0.34,3,2,1,Attach,Residential,Old Sorrel Ranch,B-1857-0027-0046,3,http://cdn.photos.sparkplatform.com/icb/20250319215024974086000000.jpg,0,1,1,1,17000,Paved,,3563 W Foundation Trail,1866,502400
110343,6/2/2025,580000,0,2024,0.26,4,2,1,Attach,Res,Iron West,B-2020-0075-0000,4,http://cdn.photos.sparkplatform.com/icb/20250311201737599634000000.jpg,0,0,1,1,0,Paved,,4408 W 200 N,2400,580000
110346,4/25/2025,360000,0,1970,0.97,3,1,1,Carpor,Res 1 Acre,Monte Vista Acres,D-0938-0001-0011-04,2,http://cdn.photos.sparkplatform.com/icb/20250311193833657181000000.jpg,0,1,1,1,0,Paved,,3792 W 500 North,1497,360000
110349,4/7/2025,2370000,0,2022,40,8,7,1,Attach,Rural Ag 20,Hamilton Fort Rancho,E-0228-0001-0006,5,http://cdn.photos.sparkplatform.com/icb/20250310035721551105000000.jpg,0,1,1,3,0,Unimproved,Year Round,2702 S 6500 W,7897,2370000
110351,5/15/2025,470000,0,2021,0.3,3,2,0,Attach,R-1-11,Settlers Square,A-0883-0010-0000,3,http://cdn.photos.sparkplatform.com/icb/20250311213701898398000000.jpg,0,1,1,1,0,Paved,Year Round,4372 N Half Mile Road,1636,470000
110367,4/29/2025,412250,0,2025,0.17,3,2,0,Attach,Residential,Hawks Landing,A-0845-0011-0001,2,http://cdn.photos.sparkplatform.com/icb/20250312203648594592000000.jpg,0,0,1,1,0,Paved,Year Round,3985 N Hawks Landing Loop,1406,412250
110369,6/17/2025,509990,1939,2025,0.23,3,2,0,Attach,Residential,Old Sorrel Ranch,B-1857-0027-0083,3,http://cdn.photos.sparkplatform.com/icb/20250312234027360311000000.jpg,0,0,1,1,6000,Paved,Year Round,3624 W Bladen Lot 83 Street,1792,503990
110376,9/24/2025,675000,2256,2004,0.28,5,4,0,Attach,R-1,Hillcrest Phase 3,B-1716-0014-0000,2,http://cdn.photos.sparkplatform.com/icb/20250805183454469693000000.jpg,1,3,1,1,0,Paved,Year Round,605 S 2175 W,2291,675000
110377,5/20/2025,363000,0,2006,0.1,3,2,1,Attach,Residential,Trailside,B-1873-0004-0000,2,http://cdn.photos.sparkplatform.com/icb/20250312215502416879000000.jpg,0,1,1,1,0,Paved,Year Round,43 E 820 S,1781,363000
110379,5/7/2025,375000,0,1996,0.16,3,2,1,Attach,R-1,Cedar Meadows,B-1565-0023-0000,2,http://cdn.photos.sparkplatform.com/icb/20250313192051294926000000.jpg,0,1,1,1,10000,Paved,,38 N 4000 W,1598,365000
110388,5/15/2025,401550,0,2025,0.17,3,2,0,Attach,Residential,Hawks Landing,A-0845-0011-0008,2,http://cdn.photos.sparkplatform.com/icb/20250314005329954830000000.jpg,0,0,1,1,0,Paved,Year Round,3909 N Hawks Landing Loop,1432,401550
110400,5/12/2025,425000,865,1978,0.54,4,2,0,Attach,R1,Not Applicable,A-0779-0034-0001,2,http://cdn.photos.sparkplatform.com/icb/20250314171023497085000000.jpg,0.75,2,1,1,12500,Paved,,4644 N Pioneer Drive,908,412500
110403,6/4/2025,460000,0,2006,0.25,4,2,0,Attach,R-1,Equestrian Pointe,B-1813-0012-0000,3,http://cdn.photos.sparkplatform.com/icb/20250314150234141192000000.jpg,0,1,1,1,0,,Year Round,3876 W 1225 N,1887,460000
110405,4/24/2025,390000,0,2024,0.49,3,2,0,None,Residential,Garden Park Estates,A-0876-0000-000Q-12,0,http://cdn.photos.sparkplatform.com/icb/20250314201958189100000000.jpg,0,0,1,1,0,Paved,,4397 N Rose Circle E,1280,390000
110410,9/12/2025,319500,0,2014,0.03,3,2,1,Attach,R3,Cedar Crossing,B-1976-0026-0081,2,http://cdn.photos.sparkplatform.com/icb/20250314205209333587000000.jpg,0,0,1,1,0,Paved,,1177 N Northfield #81 Road,1566,319500
110415,7/7/2025,380000,0,2020,0.41,3,2,0,Attach,Res,Iron Mountain,A-0974-0142-0000,2,http://cdn.photos.sparkplatform.com/icb/20250424195201199899000000.jpg,0,1,1,1,8500,Paved,Year Round,4429 N Half Mile Road,1520,371500
110420,7/18/2025,375000,0,1975,0,4,3,0,None,R1,Chalet Village,A-1150-0003-0002-217,0,http://cdn.photos.sparkplatform.com/icb/20250317203836618734000000.jpg,1,2,1,1,500,Paved,,226 S Highway 143 J-3,1642,374500
110421,7/31/2025,535478,0,2025,0.47,3,2,1,Attach,R-2-1,Crescent Hills,B-2017-0054-0000,3,http://cdn.photos.sparkplatform.com/icb/20250731230356120673000000.jpg,0,1,1,1,0,Paved,,202 N Sterling Drive (Lot 54 Phs 4 Crescent Hills),1880,535478
110424,5/6/2025,595000,0,2020,0.5,3,2,1,Detach,Residential,Monarch Meadows,D-1210-0011-00AM,6,http://cdn.photos.sparkplatform.com/icb/20250411151349786389000000.jpg,1,0,1,1,0,Paved,,3913 N Native Dancer Drive,2150,595000
110429,4/24/2025,432000,468,1996,0.25,4,3,0,Attach,R-1,Fiddlers Canyon,B-1487-0004-0000,3,http://cdn.photos.sparkplatform.com/icb/20250317184152490974000000.jpg,1,1,1,1,11000,Paved,,2217 N Wedgewood Lane,1716,421000
110431,5/30/2025,365000,0,1959,0.16,4,2,0,Carpor,Residential,Kayenta,B-1120-0019-0000,1,http://cdn.photos.sparkplatform.com/icb/20250318160737821488000000.jpg,0,1,1,1,0,,Year Round,460 Kayenta Circle,1567,365000
110434,8/1/2025,845000,0,2022,1.21,4,2,0,Attach,Residential,4 B Ranch,B-1824-0017-0000,3,http://cdn.photos.sparkplatform.com/icb/20250318145730150915000000.jpg,0,1,1,1,14992,Paved,,4404 W 1725 S,2282,830008
110435,5/1/2025,315000,0,1987,5,3,2,0,Carpor,R-5,Hidden Valley Ranchos,D-0502-0001-0011,2,http://cdn.photos.sparkplatform.com/icb/20250318171048366902000000.jpg,0,1,1,1,0,Paved,,2350 W 5550 N,1080,315000
110436,4/9/2025,280000,816,1953,0.28,4,1,0,None,R-3-M,Not Applicable,B-0059-0006-0000,0,http://cdn.photos.sparkplatform.com/icb/20250318145648011035000000.jpg,0.5,0,1,1,0,Paved,Year Round,353 N 400 W,816,280000
110442,10/1/2025,560000,1882,2025,0.24,3,2,0,Attach,R2-2,Old Sorrel Ranch,B-1857-0027-0081,3,http://cdn.photos.sparkplatform.com/icb/20250613003922542819000000.jpg,0.3,1,1,1,0,Paved,,502 S Foundation Trail,1882,560000
110444,6/5/2025,340000,1050,1978,0.52,5,2,0,Attach,R-1,Spanish Trails,A-0878-0005-0006-01,1,http://cdn.photos.sparkplatform.com/icb/20250320222417378427000000.jpg,0.9,0,1,1,10000,Paved,,3969 Arabian Way,1050,330000
110445,5/5/2025,298800,0,2025,0.03,3,2,1,Attach,R3,Cedar Reserve,B-2047-0003-0000,2,http://cdn.photos.sparkplatform.com/icb/20250318231940600655000000.jpg,0,0,1,1,0,Paved,Year Round,3120 W 1625 #3 N,1650,298800
110449,5/20/2025,645600,0,2025,0.33,4,2,1,Attach,Res,Iron Crest,B-2028-0001-0000,3,http://cdn.photos.sparkplatform.com/icb/20250505211255001416000000.jpg,0,1,1,1,3000,Paved,Year Round,3881 W 925 N,2238,642600
110450,7/31/2025,264900,0,2008,0.02,3,2,1,Attach,R-3-M,Belle Monte PUD,B-1955-0011-000C,1,http://cdn.photos.sparkplatform.com/icb/20250508215534585336000000.jpg,0,1,1,1,11747,Paved,Year Round,1295 N North Cedar #11 N Boulevard,1578,253153
110456,6/26/2025,407500,0,2018,0.24,4,2,0,Attach,R-1,Hunter Glen,B-1868-0015-0000,2,http://cdn.photos.sparkplatform.com/icb/20250319171657799329000000.jpg,0,0,1,1,0,Paved,,3478 W 1850 N,1524,407500
110460,9/17/2025,550765,0,2025,0.51,3,2,0,Attach,Residential,Painted Desert,D-0535-0016-0000,3,http://cdn.photos.sparkplatform.com/icb/20250702200519982139000000.jpg,0,0,1,1,20000,Paved,Year Round,5166 N 2525 Lot 16 W,1782,530765
110462,5/13/2025,615000,1696,1998,0.33,5,3,0,Attach,R1,Legacy Park Sub,B-1424-0071-0000,2,http://cdn.photos.sparkplatform.com/icb/20250320054553529396000000.jpg,1,2,1,1,0,Paved,Year Round,2243 W Parkview Drive,1712,615000
110463,7/16/2025,885000,2242,2025,0.34,7,4,1,Attach,Residential,Saddleback Ridge,B-2012-0112-0000,3,http://cdn.photos.sparkplatform.com/icb/20250319191940637694000000.jpg,1,1,1,1,0,Paved,Year Round,2911 W Rock Ridge Rd.,2242,885000
110466,5/7/2025,650020,1894,2025,0.37,7,4,0,Attach,R-2-1,Black Sage,B-1877-0228-0000,3,http://cdn.photos.sparkplatform.com/icb/20250320163727537456000000.jpg,1,0,2,2,15000,Paved,Year Round,2688 W Black Sage Drive,1885,635020
110478,9/12/2025,219000,0,1995,0.28,3,2,0,None,R,Not Applicable,A-0474-0001-0002,0,http://cdn.photos.sparkplatform.com/icb/20250320183326650853000000.jpg,0,0,1,1,0,Paved,Year Round,570 W 300 S,1080,219000
110479,9/5/2025,295000,0,1999,1.36,3,2,0,None,R-1,Old Irontown,E-0843-0002-0001-053,0,http://cdn.photos.sparkplatform.com/icb/20250320222356700967000000.jpg,0,0,1,1,7000,,Year Round,4222 S 17475 W,1287,288000
110483,8/14/2025,322000,0,2025,0.03,3,2,1,Attach,R-3,Iron Hawk Townhomes,B-2053-0001-0000,2,http://cdn.photos.sparkplatform.com/icb/20250320205343099326000000.jpg,0,1,1,1,8500,Paved,,51 S 4375 #1 W,1716,313500
110484,8/7/2025,324900,0,2025,0.03,3,2,1,Attach,R-3,Iron Hawk Townhomes,B-2053-0002-0000,2,http://cdn.photos.sparkplatform.com/icb/20250320213314793435000000.jpg,0,1,1,1,0,Paved,,51 S 4375 #2 W,1716,324900
110485,10/20/2025,309566,0,2025,0.03,3,2,1,Attach,R-3,Iron Hawk Townhomes,B-2053-0003-0000,2,http://cdn.photos.sparkplatform.com/icb/20250903153620853308000000.jpg,0,1,1,1,0,Paved,,51 S 4375 #3 W,1716,309566
110486,10/20/2025,309566,0,2025,0.03,3,2,1,Attach,R-3,Iron Hawk Townhomes,B-2053-0004-0000,2,http://cdn.photos.sparkplatform.com/icb/20250903153317658721000000.jpg,0,1,1,1,0,Paved,,51 S 4375 #4 W,1716,309566
110499,4/18/2025,365000,0,2015,0.16,3,2,0,Attach,Residential,Gemini Meadows,B-1870-0149-0000,2,http://cdn.photos.sparkplatform.com/icb/20250321184400135112000000.jpg,0,1,1,1,0,Paved,,2592 N Clark Parkway,1384,365000
110507,5/20/2025,670000,2000,1992,0.42,4,4,0,Attach,R-1,Mesa Hills,B-1338-0001-0015,2,http://cdn.photos.sparkplatform.com/icb/20250321212302803018000000.jpg,1,1,1,1,0,Paved,Year Round,2146 W Sunset Pointe Drive,2100,670000
110515,4/15/2025,489000,0,2025,0.57,3,2,0,Attach,Res,Peak View,D-0565-0007-0000,3,http://cdn.photos.sparkplatform.com/icb/20250321210732656775000000.jpg,0,0,1,1,5000,Paved,Year Round,4398 N 2600 W,1571,484000
110516,4/24/2025,600365,1200,2025,0.23,4,2,1,Attach,R-2-1,Black Sage,B-1877-0201-0000,3,http://cdn.photos.sparkplatform.com/icb/20250322051136842412000000.jpg,0.2,0,1,1,0,Paved,Year Round,2683 W Black Sage Drive,2367,600365
110517,5/16/2025,530000,0,2017,0.3,4,2,1,Attach,R-1,Sunset Canyon Estate,B-1828-0006-0000,3,http://cdn.photos.sparkplatform.com/icb/20250321182159016143000000.jpg,0,1,1,1,7500,Paved,,104 S House Rock Drive,2100,522500
110524,5/6/2025,657500,504,2003,1.84,4,3,0,Attach,R-1,Cedar Highlands,D-1024-0002-0024,2,http://cdn.photos.sparkplatform.com/icb/20250324124655416061000000.jpg,1,1,1,1,0,,Year Round,2011 S High Cedar View Drive,1673,657500
110527,9/29/2025,310000,1028,1929,1,4,2,0,None,R,Spanish Trails,A-0877-0001-0015,0,http://cdn.photos.sparkplatform.com/icb/20250425184602323390000000.jpg,1,0,1,1,9000,Paved,,3885 N Driftwood Lane,1028,301000
110531,5/23/2025,315000,0,2017,0.08,3,2,1,Attach,R-2,Gemini Meadows,B-1870-0111-000S,2,http://cdn.photos.sparkplatform.com/icb/20250324184353695590000000.jpg,0,0,1,1,7000,Paved,Year Round,2709 N Clark Parkway,1577,308000
110561,9/5/2025,473500,0,2020,0.2,3,2,0,Attach,Residential,Hidden Hills,B-1975-0028-0000,3,http://cdn.photos.sparkplatform.com/icb/20250325232112139810000000.jpg,0,0,1,1,0,,Year Round,341 S 3425 W,1781,473500
110563,6/26/2025,382000,1095,1957,0.2,4,2,0,Carpor,R-2-2,Not Applicable,B-1124-0016-1124-112,1,http://cdn.photos.sparkplatform.com/icb/20250325143918026459000000.jpg,0.85,2,1,1,10000,Paved,,459 S 700 W,1095,372000
110566,5/22/2025,300000,250,1883,0.33,3,1,0,None,R1,Not Applicable,A-0283-0000-0000,0,http://cdn.photos.sparkplatform.com/icb/20250325223457942569000000.jpg,0,0,1,1,0,Paved,,11 S 400 W,1584,300000
110567,4/28/2025,340000,0,1974,0.51,5,3,0,None,R1,Enoch Gardens,A-0775-0006-0000,0,http://cdn.photos.sparkplatform.com/icb/20250325210849221023000000.jpg,1,1,1,1,5000,Paved,,4965 N Enoch Road,2532,335000
110568,7/11/2025,489900,0,2025,0.21,4,2,0,Attach,R-2-1,Magnolia Fields,B-2031-0031-0000,3,http://cdn.photos.sparkplatform.com/icb/20250326181732288908000000.jpg,0,1,1,1,0,,Year Round,3947 W Tatiana Street,1871,489900
110579,11/5/2025,609000,1793,2021,0.3,5,3,0,Attach,Residential,Monarch Meadows,D-1216-0006-0000,3,http://cdn.photos.sparkplatform.com/icb/20250326203446974879000000.jpg,1,0,1,1,8500,Paved,,3681 N 2275 W Native Dancer N,1793,600500
110588,7/28/2025,1285000,2432,2023,0.95,5,4,2,Attach,Residential,Legacy Estates,B-1729-0006-0000,3,http://cdn.photos.sparkplatform.com/icb/20250429205105096015000000.jpg,1,1,1,1,0,Paved,,617 S Cove #6 Drive,2594,1285000
110597,10/15/2025,581576,1640,2025,0.26,3,2,0,Attach,R-1-11,Settlers Square,A-0990-0044-0000,3,http://cdn.photos.sparkplatform.com/icb/20251015235744937874000000.jpg,0.1,1,1,1,0,Paved,,1094 E 4240 (Lot 44 Phs 4 Settlers Square) N,1818,581576
110598,5/30/2025,411300,0,2025,0.17,3,2,0,Attach,Residential,Hawks Landing,A-0845-0011-0006,2,http://cdn.photos.sparkplatform.com/icb/20250327211245531657000000.jpg,0,0,1,1,0,Paved,Year Round,3927 N Hawks Landing Loop,1432,411300
110599,8/15/2025,459900,0,2023,0.28,3,2,0,Attach,R-1-11,Settlers Square,A-0990-0019-0000,2.5,http://cdn.photos.sparkplatform.com/icb/20250515141311257648000000.jpg,0,1,1,1,0,Paved,,1092 E 4290 N,1743,459900
110600,7/30/2025,450000,0,2013,1.02,3,3,0,Detach,Res,Rainbow Ranchos,E-0258-0061-0000,3,http://cdn.photos.sparkplatform.com/icb/20250325204254942150000000.jpg,0,0,1,1,6000,Paved,,3371 S 5300 W,2199,444000
110611,8/22/2025,419900,0,2025,0.12,3,2,0,Attach,R2-2,Ekko View Estates,B-2046-003S-0000,2,http://cdn.photos.sparkplatform.com/icb/20250328194852267294000000.jpg,0.3,0,1,1,0,Paved,Year Round,1843 N Bald Eagle,1758,419900
110614,8/29/2025,525000,768,1976,0.9,5,3,0,Attach,R1,Not Applicable,D-0688-0001-0001-03,2,http://cdn.photos.sparkplatform.com/icb/20250516202434967079000000.jpg,0.5,3,1,1,0,Paved,Year Round,2666 N 400 W,1536,525000
110632,6/2/2025,599900,0,2022,0.32,5,3,0,Attach,R-1,The Valley at South Mtn,B-2016-0019-0000,3,http://cdn.photos.sparkplatform.com/icb/20250329162132913403000000.jpg,0,1,1,1,0,Paved,Year Round,3308 W Sun West W Circle,2681,599900
110644,5/23/2025,440000,0,2025,0.26,3,2,0,Attach,R1-11,Dairy Glen,A-1043-0025-0000,2,http://cdn.photos.sparkplatform.com/icb/20250331164312986900000000.jpg,0,0,1,1,7500,Paved,,5076 N Sagewood Lane,1804,432500
110647,9/3/2025,501251,0,2025,0.26,4,2,0,Attach,R-1-11,Settlers Square,A-0990-0047-0000,3,http://cdn.photos.sparkplatform.com/icb/20250903222441391342000000.jpg,0,1,1,1,0,Paved,Year Round,1052 E 4240 (Lot 47 Phs 4 Settlers Square) N,1994,501251
110658,11/3/2025,345000,0,2018,0.12,3,2,0,Attach,Res,Eagle Rock,A-2060-0012-0000,2,http://cdn.photos.sparkplatform.com/icb/20250330205801647498000000.jpg,0,0,1,1,0,,Year Round,2285 W 450 S,1352,345000
110661,8/6/2025,395000,0,2022,40,3,2,0,Attach,Ag-20,Not Applicable,E-1049-0007-0000,2,http://cdn.photos.sparkplatform.com/icb/20250401153209811024000000.jpg,0,0,1,1,0,,Year Round,1287 E 2600 N,1371,395000
110662,8/19/2025,840000,1758,2002,1.41,4,3,0,Attach,Res,Cedar Highlands,D-1024-0002-0013,3,http://cdn.photos.sparkplatform.com/icb/20250401155012398442000000.jpg,1,1,2,1,10000,,Year Round,1931 S High Cedar View Drive,1758,830000
110664,6/3/2025,475000,0,1996,2.5,3,2,0,Detach,R,Meadows Ranch,E-0209-0001-0002-02,2,http://cdn.photos.sparkplatform.com/icb/20250401184434313743000000.jpg,0,1,1,1,0,,Year Round,1465 S 5300 W,1248,475000
110667,4/1/2025,268900,0,1995,5,2,2,0,Carpor,Residential,Not Applicable,E-1610-0020-0000,0,http://cdn.photos.sparkplatform.com/icb/20250401195308213571000000.jpg,0,0,1,1,10000,Paved,Year Round,4670 W 2500 N,900,258900
110680,11/21/2025,580000,0,2004,1.12,3,3,0,Attach,R-1 Acre,Bridle Path West,E-0171-0002-0031,2,http://cdn.photos.sparkplatform.com/icb/20250401161032930028000000.jpg,0,1,1,1,23200,Paved,,6832 W 1500 N,2614,556800
110681,6/3/2025,272500,0,2020,0.03,3,2,1,Attach,R3,Cedar Bend,B-1958-0029-000H,2,http://cdn.photos.sparkplatform.com/icb/20250402160733844201000000.jpg,0,0,1,1,0,Paved,Year Round,3073 N 225 E,1421,272500
110685,6/25/2025,340000,0,1991,4.68,1,1,1,Detach,R-5,Red Canyon,C-1106-0006-0019,2,http://cdn.photos.sparkplatform.com/icb/20250401195649498349000000.jpg,0,2,1,1,1000,Unimproved,,2416 W Spring Canyon Road,1700,339000
110686,10/21/2025,1000000,638,1998,0.2,5,4,0,Attach,Residential,Woodbridge,A-1151-0001-0004,2,http://cdn.photos.sparkplatform.com/icb/20250709044052368464000000.jpg,1,2,1,1,20000,Paved,,338 W Ridge View,3289,980000
110689,7/18/2025,880000,0,2025,0.89,5,3,1,Attach,Residential,4 B Ranch,B-2044-0010-0000,4,http://cdn.photos.sparkplatform.com/icb/20250516211531948767000000.jpg,0,1,1,1,15000,Paved,,4416 W 1900 S,4126,865000
110696,5/8/2025,375000,0,1996,0.5,3,2,0,Attach,R-1,Mid Valley Acres,D-0518-0043-0006,2,http://cdn.photos.sparkplatform.com/icb/20250402214850147506000000.jpg,0,0,1,1,12000,Paved,,5113 N 2900 W,1158,363000
110701,6/18/2025,450000,680,1939,0.34,4,2,0,Detach,R2,Not Applicable,B-0244-0245-0000,1,http://cdn.photos.sparkplatform.com/icb/20250403174529000546000000.jpg,1,2,1,1,0,Paved,Year Round,249 S 200 W,1357,450000
110702,6/26/2025,304990,632,2025,0.03,3,2,1,Attach,Residential,Old Sorrel Ranch,B-1857-1153-0000,2,http://cdn.photos.sparkplatform.com/icb/20250403184358963893000000.jpg,0.8,0,1,1,0,Paved,Year Round,2967 W Lewis Loop 1153,1573,304990
110710,5/20/2025,320000,0,2023,0.04,3,2,1,Attach,Residential,Townhomes at Cross Hollow,B-2018-0022-0000,2,http://cdn.photos.sparkplatform.com/icb/20250404173350801266000000.jpg,0,1,1,1,10000,Paved,Year Round,2875 W Cody #22,1810,310000
110719,6/12/2025,820000,2267,2023,0.37,4,2,1,Attach,Residential,Saddleback Ridge,B-2012-0419-0000,2,http://cdn.photos.sparkplatform.com/icb/20250403195340474702000000.jpg,0,0,1,1,0,,Year Round,2866 W Rock Ridge Road,2267,820000
110720,5/30/2025,365000,611,1959,0.3,3,2,0,Detach,R-3-M,Not Applicable,B-0059-0009-0000,2,http://cdn.photos.sparkplatform.com/icb/20250405010253267152000000.jpg,0.75,1,1,1,0,Paved,Year Round,332 N 500 W,1189,365000
110726,5/30/2025,278000,0,2018,0.03,3,2,1,Attach,R,The Fields Townhomes,B-1180-000B-0003,1,http://cdn.photos.sparkplatform.com/icb/20250405133501416645000000.jpg,0,0,1,1,5000,Paved,,474 W 1425 #b3 N,1499,273000
110731,7/11/2025,360000,0,1997,1.25,3,2,0,Attach,Residential,Village Green,A-0916-0005-0005,2,http://cdn.photos.sparkplatform.com/icb/20250406192033457452000000.jpg,0,0,1,1,10000,Paved,,2640 E Village Green Road,1617,350000
110741,5/29/2025,499150,0,2025,0.57,3,2,0,Attach,Res,Peak View,d-0565-0009-0000,3,http://cdn.photos.sparkplatform.com/icb/20250405211045394950000000.jpg,0,0,1,1,0,Paved,,4446 N 2600 W,1550,499150
110754,5/27/2025,365000,1056,1978,0.54,5,2,0,Carpor,R,Homestead,A-0779-0024-0001,2,http://cdn.photos.sparkplatform.com/icb/20250407220448305936000000.jpg,1,0,1,1,700,Paved,Year Round,4646 N Mule Train Drive,1046,364300
110757,8/22/2025,246000,0,1996,0.29,3,2,0,None,R,Highland Park,B-0065-0106-0000,0,http://cdn.photos.sparkplatform.com/icb/20250407225814422152000000.jpg,0,0,1,1,4300,Paved,Year Round,325 N Bulloch Place,1180,241700
110760,6/26/2025,463950,0,2018,0.18,3,2,0,Attach,R-1,The Villas at Sunset,B-1991-0003-0000,2,http://cdn.photos.sparkplatform.com/icb/20250408010033814496000000.jpg,0,0,1,1,13919,Paved,Year Round,292 S 2875 W,2075,450031
110761,6/27/2025,656000,0,2025,0.45,4,2,1,Attach,Residential,Saddleback Ridge,B-2012-0108-0000,3,http://cdn.photos.sparkplatform.com/icb/20250407215433179798000000.jpg,0,0,1,1,11000,Paved,Year Round,2922 W Rock Ridge Road,2116,645000
110769,7/2/2025,388000,0,2021,0.14,4,2,0,Attach,Residential,Cedar Pine,B-1939-019A-00AM,2,http://cdn.photos.sparkplatform.com/icb/20250408174641938605000000.jpg,0,0,1,1,0,Paved,Year Round,214 W Mountain View Drive,1464,388000
110771,5/16/2025,462500,1253,2004,1,3,3,0,Attach,R-1,Spanish Trails,A-0877-0001-0008,2,http://cdn.photos.sparkplatform.com/icb/20250408211447876577000000.jpg,1,0,1,1,0,Paved,,3755 N Driftwood Lane,1253,462500
110793,9/2/2025,340000,0,1952,0.18,2,1,0,Carpor,R2-2,Not Applicable,B-0110-0001-0000,1,http://cdn.photos.sparkplatform.com/icb/20250409173428928461000000.jpg,0,0,1,1,0,Paved,Year Round,114 N 700 W,1128,340000
110806,8/18/2025,309990,632,2025,0.03,3,2,1,Attach,Residential,Old Sorrel Ranch,B-1857-1152-0000,2,http://cdn.photos.sparkplatform.com/icb/20250410004837194984000000.jpg,0.8,0,1,1,0,Paved,Year Round,2971 W Lewis Loop #1152,1573,309990
110812,6/24/2025,440000,1226,1995,0.29,5,3,1,Attach,R-1,Fiddlers Canyon,B-1395-0001-0006,2,http://cdn.photos.sparkplatform.com/icb/20250410155924123397000000.jpg,1,2,1,1,0,Paved,Year Round,2103 N Hawthorne Lane,1729,440000
110819,6/6/2025,475000,1512,1985,0.28,5,3,0,Attach,R-3-M,Three Fountains,B-1151-0001-0004-335,2,http://cdn.photos.sparkplatform.com/icb/20250409233734371405000000.jpg,1,1,2,2,10000,Paved,Year Round,1033 W 800 S,1520,465000
110831,6/26/2025,372000,0,2006,0.12,3,2,1,Attach,R1,Cedar Mountain Villa,B-1832-0037-0000,2,http://cdn.photos.sparkplatform.com/icb/20250411013350121915000000.jpg,0,0,1,1,0,Paved,Year Round,1312 W 1650 S,1690,372000
110836,7/2/2025,450000,1505,2006,0.42,3,2,0,Attach,Aiz,Saddleback View,A-0941-0040-0000,2,http://cdn.photos.sparkplatform.com/icb/20250411155718245936000000.jpg,0.25,0,1,1,3000,Paved,Year Round,5011 N Horseshoe Drive,1527,447000
110842,5/16/2025,314000,0,1999,0.46,3,2,0,None,R,Garden Park Estates,A-0876-0000-000P-14,0,http://cdn.photos.sparkplatform.com/icb/20250411153507078752000000.jpg,0,0,1,1,13000,Paved,,4267 N Maple Circle,1296,301000
110852,6/30/2025,350000,0,1982,0.44,4,2,0,Detach,Residential,Mid Valley Estates,D-0527-0001-0002-021,2,http://cdn.photos.sparkplatform.com/icb/20250411170009455335000000.jpg,0,0,2,1,7200,Paved,Year Round,4940 N 2800 W,1128,342800
110866,5/22/2025,310000,0,1996,0.06,3,2,0,Attach,R-3-M,Black Rock,B-1566-0015-0000,2,http://cdn.photos.sparkplatform.com/icb/20250414195341460266000000.jpg,1,0,1,1,0,Paved,Year Round,365 N Beacon,1362,310000
110868,5/23/2025,442982,0,2023,0.29,4,2,0,Attach,R1-11,Dairy Glen,A-1038-0029-0000,2,http://cdn.photos.sparkplatform.com/icb/20250414224137896760000000.jpg,0,0,1,1,13482,Paved,Year Round,4996 N Bald Eagle Drive,1604,429500
110869,4/14/2025,407500,0,2024,0.26,3,2,0,Attach,Res,Valley Gate Estates,A-0798-0001-0000,2,http://cdn.photos.sparkplatform.com/icb/20250414225851047097000000.jpg,0,0,1,1,0,Paved,,992 E Winchester Drive,1758,407500
110875,8/21/2025,270000,0,1999,0.13,3,2,0,Attach,R,Meadowdale,B-1612-0006-0000,2,http://cdn.photos.sparkplatform.com/icb/20250414204515641892000000.jpg,0,0,1,1,0,,Year Round,683 W 1275 N,1304,270000
110877,5/30/2025,382900,0,1996,0.17,4,3,0,Attach,Res,Cedar Meadows,B-1565-0056-0000,2,http://cdn.photos.sparkplatform.com/icb/20250415172555455331000000.jpg,0,1,1,1,0,Paved,,67 N 4050 W,1598,382900
110878,9/11/2025,800000,2681,1995,2.8,3,3,1,Detach,R1,Not Applicable,A-0743-0001-0000,4,http://cdn.photos.sparkplatform.com/icb/20250415235034135840000000.jpg,1,3,2,1,15000,Paved,Year Round,1900 EAST RAVINE Road,2769,785000
110882,8/20/2025,425000,688,1972,0.17,4,2,1,Detach,R1,Northwood,B-0005-0001-0016,2,http://cdn.photos.sparkplatform.com/icb/20250415201100106540000000.jpg,0.95,2,1,1,5000,Paved,Year Round,385 N 1500 W,1271,420000
110886,7/31/2025,700000,1951,2007,2.42,6,3,0,Attach,R1,Thorley Ranch,E-0185-0041-0001,3,http://cdn.photos.sparkplatform.com/icb/20250415161635053488000000.jpg,1,2,1,1,0,Paved,Year Round,5272 W 200 N,1951,700000
110889,6/27/2025,290000,0,1979,0.43,3,2,0,None,R-1,Fife Town,D-0621-0001-0003,0,http://cdn.photos.sparkplatform.com/icb/20250415235232431041000000.jpg,0,0,1,1,0,,Year Round,2624 W 3275 N,1200,290000
110894,5/13/2025,310000,0,2004,0.14,3,2,0,Attach,R-1,Cedar City,B-1575-0038-0000,2,http://cdn.photos.sparkplatform.com/icb/20250416151403509969000000.jpg,0,1,1,1,0,Paved,Year Round,578 W 1475 North N Circle,1388,310000
110895,8/20/2025,625000,520,1983,0.39,3,2,0,Attach,Residential,Navajo Ridge,A-1165-0003-0003-32,2,http://cdn.photos.sparkplatform.com/icb/20250416173900657499000000.jpg,1,1,1,1,2000,,Year Round,441 N Adams Circle,1960,623000
110900,11/3/2025,545000,1654,2025,0.26,3,2,0,Attach,R-1-11,Settlers Square,A-0990-0045-0000,3,http://cdn.photos.sparkplatform.com/icb/20251103191946307425000000.jpg,0,1,1,1,0,Paved,,1082 E 4240 (Lot 45 Phs 4 Settlers Square) N,1865,545000
110902,9/12/2025,64000,0,1972,0,2,1,0,Carpor,R,Canyon Park,0,1,http://cdn.photos.sparkplatform.com/icb/20250416210343063512000000.jpg,1,0,1,1,0,Paved,Year Round,363 E Center Street,800,64000
110911,8/25/2025,575000,0,2006,0.44,4,3,0,Attach,Residential,Ridgeview,A-0917-0055-0000,2,http://cdn.photos.sparkplatform.com/icb/20250417172803552748000000.jpg,0,1,1,1,12500,Paved,Year Round,5095 N Ridge View Circle,3073,562500
110913,9/3/2025,555000,0,1979,2.68,4,2,0,Detach,R,Flying L Ranch,D-1193-000C-0004,2,http://cdn.photos.sparkplatform.com/icb/20250417170037604229000000.jpg,0,1,1,1,15000,Paved,,2562 N 2200 W,2808,540000
110915,7/1/2025,500000,1669,1991,0.35,6,5,0,Carpor,Res,Not Applicable,B-1114-0002-0001-02,0,http://cdn.photos.sparkplatform.com/icb/20250415183613811360000000.jpg,1,1,2,1,0,Paved,,1671 W 546 S,2570,500000
110916,7/8/2025,450000,0,2025,0.33,3,2,0,Attach,Res,Iron Crest,B-2028-0005-0000,3,http://cdn.photos.sparkplatform.com/icb/20250630190930106057000000.jpg,0,1,1,1,0,Paved,,3853 W 925 N,1819,450000
110918,5/21/2025,765000,1639,2021,0.99,6,4,0,Attach,Residential,Estates at Sunrise Ranch,D-0617-0001-0000,3,http://cdn.photos.sparkplatform.com/icb/20250417211804821064000000.jpg,1,0,1,1,0,Paved,Year Round,2318 W 3750 N,1639,765000
110939,6/17/2025,374000,0,1978,0.99,3,2,1,Attach,R1,Old Spanish Trail Hm,A-0877-0002-0001,1.5,http://cdn.photos.sparkplatform.com/icb/20250418211048711461000000.jpg,0,0,1,1,8000,Paved,,4005 N Driftwood Lane,1879,366000
110947,6/20/2025,543000,0,2025,0.18,4,2,1,Attach,R-2-1,The Valley at South Mtn,B-2016-0017-0000,3,http://cdn.photos.sparkplatform.com/icb/20250421170900166930000000.jpg,0,0,1,1,10000,Paved,,3321 W Sun W Circle,2410,533000
110949,7/10/2025,279900,0,2022,0.03,4,2,1,Attach,R-3-M,Northfield,B-1577-083A-0000,2,http://cdn.photos.sparkplatform.com/icb/20250421163702974517000000.jpg,0,0,1,1,0,Paved,Year Round,2014 N 350 #83 W,1635,279900
110959,6/26/2025,495000,0,2025,0.26,4,3,0,Attach,R-2-1,Iron West,B-2020-0064-0000,3,http://cdn.photos.sparkplatform.com/icb/20250421205001164459000000.jpg,0,0,1,1,0,Paved,,4411 W 250 N,2170,495000
110987,9/10/2025,620000,2033,2021,0.41,5,4,0,Attach,R-1,Three Peak,A-0938-0119-0000,3,http://cdn.photos.sparkplatform.com/icb/20250422200650660647000000.jpg,1,0,1,1,10000,Paved,Year Round,4528 N 150 W,1785,610000
111000,5/21/2025,329990,0,2025,0.13,3,2,0,Attach,Residential,Pointe West,B-2033-0029-000S,2,http://cdn.photos.sparkplatform.com/icb/20250422235800295756000000.jpg,0,0,1,1,0,Paved,Year Round,1128 N Sage 1078 Street,1363,329990
111001,5/8/2025,329990,0,2025,0.13,3,2,0,Attach,Residential,Pointe West,B-2033-0029-000N,2,http://cdn.photos.sparkplatform.com/icb/20250423003235074787000000.jpg,0,0,1,1,0,Paved,Year Round,1136 N Sage 1079 Street,1363,329990
111002,5/22/2025,324900,0,2017,0.09,3,2,0,Attach,Residential,Gemini Meadows,B-1870-0127-000S,2,http://cdn.photos.sparkplatform.com/icb/20250422195223477720000000.jpg,0,0,1,1,4000,Paved,,2685 N Mountain Valley Trail,1368,320900
111003,7/8/2025,373500,0,1999,1.02,5,3,0,Carpor,R1,Rainbow Ranchos,E-0258-0023-0000,1,http://cdn.photos.sparkplatform.com/icb/20250423042149478980000000.jpg,0,0,1,1,13500,Paved,,3476 S 5175 W,1608,360000
111005,5/28/2025,145000,0,1984,0,0,1,0,Attach,Res,Timberbrook Village,A-1176-000B-0210,1,http://cdn.photos.sparkplatform.com/icb/20250423050258385637000000.jpg,0,1,1,1,0,Paved,Year Round,464 N HWY 143 #B210,420,145000
111006,8/7/2025,560000,1673,2008,0.41,5,4,0,Attach,R-1-18,Iron Mountain,A-0974-0006-0000,2,http://cdn.photos.sparkplatform.com/icb/20250422141618421026000000.jpg,0.95,1,2,1,8500,Paved,,4519 N Half Mile Road,1927,551500
111008,7/25/2025,317000,632,2023,0.02,3,2,1,Attach,Res,Old Sorrel Ranch,B-1857-1029-0000,2,http://cdn.photos.sparkplatform.com/icb/20250421214750284016000000.jpg,0.15,0,1,1,0,Paved,Year Round,2948 W Ezra,1555,317000
111009,10/6/2025,975000,900,2006,0.55,5,3,1,Attach,R,Not Applicable,A-1115-0003-0033,2,http://cdn.photos.sparkplatform.com/icb/20250423154633432881000000.jpg,1,2,1,1,5000,,Year Round,191 Gurr Well Road,2773,970000
111010,8/25/2025,400000,0,2025,0.12,3,2,0,Attach,R-2-2,Ekko View Estates,B-2046-003N-0000,2,http://cdn.photos.sparkplatform.com/icb/20250531012807196097000000.jpg,0,0,1,1,5000,Paved,Year Round,1853 N Bald Eagle,1481,395000
111014,9/24/2025,620000,1850,2013,0.52,6,3,0,Attach,Res,Eagle Rdg At Sth Mtn,B-1872-0046-0000,3,http://cdn.photos.sparkplatform.com/icb/20250423192244353464000000.jpg,1,1,1,1,1000,Paved,,2189 S Talon Drive,1850,619000
111015,5/16/2025,415000,1142,1954,0.31,3,3,0,Attach,Residential,Parowan City,A-0200-0001-00R1,1,http://cdn.photos.sparkplatform.com/icb/20250423191928964560000000.jpg,1,1,1,1,0,Paved,Year Round,46 N 200 E,1588,415000
111020,7/8/2025,330000,0,1996,0.18,3,2,0,Attach,Residential,Cedar Meadows,B-1565-0051-0000,2,http://cdn.photos.sparkplatform.com/icb/20250614183058840201000000.jpg,0,1,1,1,10000,Paved,,4061 W 25 N,1360,320000
111022,7/28/2025,406800,0,2025,0.28,3,2,0,Attach,R1-11,Dairy Glen,A-1043-0010-0000,2,http://cdn.photos.sparkplatform.com/icb/20250423210515778825000000.jpg,0,0,1,1,10000,Paved,Year Round,5111 N Sagewood Lane,1546,396800
111023,5/23/2025,310000,0,2016,0.17,3,2,1,Attach,R,Gemini Meadows,B-1870-0040-000E,2,http://cdn.photos.sparkplatform.com/icb/20250423205954413256000000.jpg,0,0,1,1,6500,Paved,,1846 W Aaron Tippets Road,1577,303500
111025,6/20/2025,339990,632,2025,0.03,4,2,1,Attach,Residential,Old Sorrel Ranch,B-1857-1154-0000,2,http://cdn.photos.sparkplatform.com/icb/20250423221408024152000000.jpg,0.8,0,1,1,0,Paved,,2963 W Lewis Loop 1154,1616,339990
111027,9/5/2025,400000,1050,1981,0.63,3,2,0,Attach,R-1-18 - Reside,Enoch Gardens,A-0780-0000-000F-15,2,http://cdn.photos.sparkplatform.com/icb/20250425122051521145000000.jpg,1,1,1,1,6000,Paved,Year Round,1563 E Sunset Road,1110,394000
111028,7/10/2025,309990,632,2025,0.03,3,2,1,Attach,Residential,Old Sorrel Ranch,B-1857-1157-0000,2,http://cdn.photos.sparkplatform.com/icb/20250423230821291554000000.jpg,0.8,0,1,1,0,Paved,Year Round,2951 W Lewis Loop 1157,1573,309990
111029,9/19/2025,385000,0,2022,0.21,3,2,0,Attach,Residential,Highland Park,B-0065-0090-0000,2,http://cdn.photos.sparkplatform.com/icb/20250423235651608254000000.jpg,0,0,1,1,7500,Paved,,310 N Bulloch Place,1394,377500
111040,8/19/2025,570000,1795,2018,0.42,6,3,0,Attach,Res,Iron Mountain,A-0974-0062-0000,2,http://cdn.photos.sparkplatform.com/icb/20250424183459597454000000.jpg,1,0,1,1,0,Paved,,4544 N Prospector Lane,1795,570000
111041,6/5/2025,334990,632,2025,0.03,4,2,1,Attach,Residential,Old Sorrel Ranch,B-1857-1155-0000,2,http://cdn.photos.sparkplatform.com/icb/20250424202929023574000000.jpg,0.8,0,1,1,0,Paved,Year Round,2959 W Lewis Loop #1155,1616,334990
111042,11/17/2025,116000,0,1983,0,0,1,0,Bsmt,Res,Copper Chase Condos,A-1178-0103-0000,1,http://cdn.photos.sparkplatform.com/icb/20250424194329385009000000.jpg,0,0,1,1,0,Paved,Year Round,150 W Ridge View #103,464,116000
111046,8/12/2025,295000,0,2018,0.03,3,2,1,Attach,Residential,Cedar Bend,B-1958-0008-000A,2,http://cdn.photos.sparkplatform.com/icb/20250424232353029189000000.jpg,0,0,1,1,0,Paved,Year Round,3030 N 125 E,1491,295000
111048,6/17/2025,308000,0,2023,0.03,3,2,1,Attach,Residential,Cedar Bend,B-1958-0012-000A,2,http://cdn.photos.sparkplatform.com/icb/20250502151223010368000000.jpg,0,0,1,1,8000,Paved,,3059 N 125 E,1420,300000
111053,7/31/2025,454900,0,2024,0.26,3,2,1,Attach,R-1,Valley Gate Estates,A-0798-0002-0000,3,http://cdn.photos.sparkplatform.com/icb/20250428193049867446000000.jpg,0,1,1,1,0,Paved,,974 E Winchester Drive,1672,454900
111056,8/11/2025,549900,1629,2021,0.5,3,2,0,Attach,R,Westview Estates,D-1209-000D-0010,3,http://cdn.photos.sparkplatform.com/icb/20250521213444627269000000.jpg,0,0,1,1,12000,Paved,,926 S 4475 W,1629,537900
111069,7/16/2025,327500,740,1933,0.3,3,2,1,None,R-2,Cedar City,B-0438-0000-0000,0,http://cdn.photos.sparkplatform.com/icb/20250427004516035415000000.jpg,1,0,2,1,0,Paved,,149 S 200 E,740,327500
111070,8/29/2025,539000,1727,2007,0.32,5,3,0,Attach,R-1,The Ridge,A-0917-0090-0000,2,http://cdn.photos.sparkplatform.com/icb/20250710005234729038000000.jpg,1,1,1,1,0,Paved,,5228 N Woodland Pointe Circle,1759,539000
111079,7/14/2025,597500,0,1998,1.25,5,2,1,Detach,R1,Spring Creek,D-1188-000B-0007,6,http://cdn.photos.sparkplatform.com/icb/20250428152422242033000000.jpg,0,1,1,1,0,Paved,Year Round,1478 S 4200 W,2976,597500
111081,11/14/2025,525000,1833,2006,0.5,3,2,0,Attach,R,Westview Estates,D-1209-000C-0019,2,http://cdn.photos.sparkplatform.com/icb/20250425182119863653000000.jpg,0.5,1,1,1,20000,Paved,,865 S 4475 West,1833,505000
111084,5/28/2025,560000,1510,2019,0.2,5,4,0,Attach,R-2-1,Talon Pointe @So. Mtn.,B-1568-0003-0014,2,http://cdn.photos.sparkplatform.com/icb/20250424210317403120000000.jpg,1,0,2,2,0,Paved,,2239 S Eagle Drive,1510,560000
111086,7/25/2025,329000,0,2023,0.03,3,2,1,Attach,R3,Shadow Cove,B-2021-0043-0000,2,http://cdn.photos.sparkplatform.com/icb/20250428182036625318000000.jpg,0,1,1,1,6000,Paved,,668 E Fiddlers Cove #43 Drive,1734,323000
111088,8/6/2025,300000,0,2023,0.03,3,2,1,Attach,R-3,Cedar Bend,B-1958-0014-000B,2,http://cdn.photos.sparkplatform.com/icb/20250428202230257755000000.jpg,0,0,1,1,0,Paved,Year Round,3069 N 125 E,1420,300000
111098,8/13/2025,386500,0,2005,0.17,3,2,0,Attach,Residential,The Villas at Sunset,B-1839-0025-0000,2,http://cdn.photos.sparkplatform.com/icb/20250429160307771321000000.jpg,0,0,1,1,0,Paved,Year Round,194 S 2875 W W,1496,386500
111099,9/8/2025,479000,0,2025,0.21,3,2,0,Attach,R-2-1,Magnolia Fields,B-2031-0033-0000,3,http://cdn.photos.sparkplatform.com/icb/20250427230755032688000000.jpg,0,1,1,1,0,Paved,Year Round,3923 W Tatiana Street,1625,479000
111100,8/14/2025,62000,0,1989,0.07,3,2,0,None,Residential,Not Applicable,Not Applicable,0,http://cdn.photos.sparkplatform.com/icb/20250429203136527233000000.jpg,0,0,1,1,5000,Paved,Year Round,3870 N Minersville Hwy #42,825,57000
111102,6/2/2025,420000,0,2014,0.25,3,2,0,Attach,R2-2,Southern View,B-1832-0048-0000,3,http://cdn.photos.sparkplatform.com/icb/20250429221326547385000000.jpg,0,0,1,1,0,Paved,,1344 W 1700 S,1539,420000
111109,7/8/2025,547500,0,2025,0.23,4,2,0,Attach,R1,Talon Pointe @So. Mtn.,B-1996-0012-0000,2,http://cdn.photos.sparkplatform.com/icb/20250430041346966003000000.jpg,0,1,1,1,10000,Paved,Year Round,2316 S 2925 W W,2055,537500
111115,6/13/2025,510000,1491,1983,0.25,6,3,0,Attach,R-1,Cove Canyon,B-1388-0005-0008,2,http://cdn.photos.sparkplatform.com/icb/20250430161353798234000000.jpg,1,0,1,1,0,Paved,Year Round,9 S 2380 W,1491,510000
111117,7/7/2025,309990,632,2025,0.03,3,2,1,Attach,Residential,Old Sorrel Ranch,B-1857-1148-0000,2,http://cdn.photos.sparkplatform.com/icb/20250430210803516679000000.jpg,0.8,0,1,1,0,,Year Round,2991 W Lewis Loop 1148,1573,309990
111119,6/13/2025,426500,0,2006,0.17,3,2,0,Attach,R-1,Sky Ranch,A-0035-0002-0036,2,http://cdn.photos.sparkplatform.com/icb/20250430215804507275000000.jpg,0,1,1,1,10000,Paved,,138 N 780 West,1633,416500
111121,5/9/2025,400000,0,1974,10.35,1,1,0,None,R-5 Acre,Not Applicable,D-0584-0001-0001-01,0,http://cdn.photos.sparkplatform.com/icb/20250501044249093921000000.jpg,0,1,1,1,0,Paved,Year Round,4706 N 1050 W,750,400000
111129,6/26/2025,319990,0,2025,0.13,3,2,0,Attach,Residential,Pointe West,B-2033-0027-000N,2,http://cdn.photos.sparkplatform.com/icb/20250501190808828882000000.jpg,0,0,1,1,8000,,Year Round,1153 N Sage 1074 W Street,1363,311990
111134,8/12/2025,609990,1907,2025,0.32,4,2,1,Attach,Residential,Old Sorrel Ranch,B-1857-0027-0128,3,http://cdn.photos.sparkplatform.com/icb/20250501220904394371000000.jpg,0,1,1,2,0,,Year Round,559 S Cedar Creek 128 Drive,2684,609990
111135,5/23/2025,660000,0,2025,0.33,4,2,1,Attach,Res,Iron Crest,B-2028-0011-0000,3,http://cdn.photos.sparkplatform.com/icb/20250428163902734402000000.jpg,0,1,1,1,0,Paved,Year Round,3807 W 925 N,2454,660000
111136,6/10/2025,322990,0,2025,0.13,3,2,0,Attach,Residential,Pointe West,B-2033-0027-000S,2,http://cdn.photos.sparkplatform.com/icb/20250501231031900723000000.jpg,0,0,1,1,0,Paved,Year Round,1145 N Sage 1075 Street,1363,322990
111139,8/14/2025,479990,1939,2025,0.28,3,2,0,Attach,Residential,Old Sorrel Ranch,B-1857-0027-0080,3,http://cdn.photos.sparkplatform.com/icb/20250501235231104685000000.jpg,0.1,0,1,1,0,Paved,Year Round,3584 W Bladen 80 Street,1792,479990
111140,6/24/2025,329990,632,2025,0.03,3,2,1,Attach,Residential,Old Sorrel Ranch,B-1857-1149-0000,2,http://cdn.photos.sparkplatform.com/icb/20250430002321520963000000.jpg,0.8,0,1,1,0,Paved,Year Round,2987 W Lewis Loop #1149,1573,329990
111141,6/30/2025,405000,0,2006,0.23,4,3,0,Attach,R1,Cedar Mountain Villa,B-1832-0011-000E,2,http://cdn.photos.sparkplatform.com/icb/20250501223113732668000000.jpg,1,1,1,1,7500,Paved,Year Round,1272 W 1525 S,2030,397500
111147,8/15/2025,389900,0,2025,0.1,4,2,1,Attach,R,Magnolia Fields,B-2031-0007-000N,2,http://cdn.photos.sparkplatform.com/icb/20250501185251998838000000.jpg,1,1,1,1,0,Paved,Year Round,1043 N Fern Street,1806,389900
111149,5/30/2025,385000,0,1996,0.91,4,2,0,Detach,R 1/2,Buena Vista 3,D-1191-000A-0001,2,http://cdn.photos.sparkplatform.com/icb/20250502144010091634000000.jpg,0,0,1,1,7000,Paved,Year Round,787 N 4475 W,1720,378000
111169,7/30/2025,478000,0,2008,0.24,3,2,1,Attach,Res,Sunset Canyon Estate,B-1828-0020-0000,2,http://cdn.photos.sparkplatform.com/icb/20250410192706971806000000.jpg,0,0,1,1,0,Paved,,289 S House Rock Circle,2236,478000
111173,8/7/2025,515000,0,2025,0.26,4,3,0,Attach,R-1,Pine View Estates,A-1035-0001-0000,3,http://cdn.photos.sparkplatform.com/icb/20250516230016882118000000.jpg,0,0,1,1,0,Paved,,4855 N 10 Lot 1 E,2354,515000
111180,9/19/2025,287000,0,2023,0.02,3,2,1,Attach,Residential,Cedar Reserve,B-2015-0031-0000,2,http://cdn.photos.sparkplatform.com/icb/20250504014352821171000000.jpg,0,0,1,1,1000,Paved,,3154 W 1650 #D N,1637,286000
111181,8/28/2025,419500,0,2014,0.24,3,2,0,Attach,Residential,Mountain Shadows,B-1866-0001-0000,2,http://cdn.photos.sparkplatform.com/icb/20250503162630409788000000.jpg,0,0,1,1,0,Paved,Year Round,4010 W 25 S S,1572,419500
111186,7/30/2025,248500,0,2008,0.02,3,2,1,Carpor,R3,Cedar Park,B-1891-0045-0000,1,http://cdn.photos.sparkplatform.com/icb/20250603165113557252000000.jpg,0,0,1,1,0,Paved,Year Round,370 W 1425 #46 N,1365,248500
111188,6/27/2025,380000,0,2005,0.17,3,2,0,Attach,R1,Lamplight,B-1797-0024-0000,2,http://cdn.photos.sparkplatform.com/icb/20250504175952340604000000.jpg,0,1,1,1,0,Paved,Year Round,4120 West 200 North,1632,380000
111190,5/22/2025,206790.61,0,1993,0.02,2,1,1,None,R,Foothill Townhomes,B-1380-0004-0000,0,http://cdn.photos.sparkplatform.com/icb/20250505015349947703000000.jpg,0,0,1,1,0,Paved,,99 N 1850 #4 W,1054,206790.61
111197,7/28/2025,595000,1994,1997,0.24,6,3,0,Attach,R-1,West Ridge Estates,B-1425-0025-0000,2,http://cdn.photos.sparkplatform.com/icb/20250505162348943652000000.jpg,1,0,1,1,0,Paved,Year Round,790 S 1750 W,2002,595000
111211,5/27/2025,400400,0,1999,0.68,3,2,0,Attach,R-1,Mid Valley Estates,D-0518-0092-0000,4,http://cdn.photos.sparkplatform.com/icb/20250506024940689626000000.jpg,0,0,1,1,0,Paved,,5376 N 2800 W,1184,400400
111218,8/16/2025,389900,0,2025,0.1,4,2,1,Attach,R-2-1,Magnolia Fields,B-2031-0007-000S,2,http://cdn.photos.sparkplatform.com/icb/20250506151117918565000000.jpg,1,1,1,1,0,Paved,Year Round,1037 N Fern Street,1806,389900
111222,11/20/2025,335000,0,2005,0.06,3,2,0,Attach,Residential,Country Meadows,B-1808-0005-0000,2,http://cdn.photos.sparkplatform.com/icb/20250506042051909253000000.jpg,0,1,1,1,0,Paved,Year Round,396 W 1500 N,1824,335000
111228,8/19/2025,436000,0,2025,0.16,3,2,0,Attach,R-2-1,Pointe West,B-2033-0020-0000,2,http://cdn.photos.sparkplatform.com/icb/20250709181438081012000000.jpg,0,1,1,1,26000,Paved,,1127 N 3325 W (Yucca St),1748,410000
111232,8/1/2025,460000,0,2025,0.26,4,2,0,Attach,Res,Valley Gate Estates,A-0798-0006-0000,3,http://cdn.photos.sparkplatform.com/icb/20250507172216169077000000.jpg,0,0,1,1,0,Paved,Year Round,920 E Winchester Drive,2002,460000
111236,5/9/2025,425000,0,2025,0.28,3,2,0,Attach,Res,Pine View Estates,A-1035-0025-0000,3,http://cdn.photos.sparkplatform.com/icb/20250507183521597100000000.jpg,0,0,1,1,5000,Paved,Year Round,39 E 4930 N,1758,420000
111238,10/10/2025,729500,2275,2022,0.65,6,3,1,Attach,R-2-2,Old Sorrel Ranch,B-1857-0027-0064,3,http://cdn.photos.sparkplatform.com/icb/20250507160850233399000000.jpg,0.9,1,1,1,0,,Year Round,3501 W Sevy Street,2164,729500
111243,6/13/2025,607500,1840,2015,0.24,6,3,0,Attach,Residential,Sunset Canyon Estate,B-1828-0022-0000,3,http://cdn.photos.sparkplatform.com/icb/20250507204408961628000000.jpg,1,2,1,1,0,Paved,Year Round,263 S House Rock Circle,1840,607500
111244,8/12/2025,314990,0,2025,0.13,3,2,0,Attach,Residential,Pointe West,B-2033-0030-000N,2,http://cdn.photos.sparkplatform.com/icb/20250507231752596950000000.jpg,0,0,1,1,0,,Year Round,1144 N Sage 1080 W Street,1363,314990
111245,8/25/2025,565000,1714,2019,0.5,6,3,0,Attach,R 1/2,Rancho Bonita,D-1211-0025-0000,2,http://cdn.photos.sparkplatform.com/icb/20250723225319837962000000.jpg,0.95,1,1,1,2000,Paved,Year Round,2338 W 4875 N,1714,563000
111247,8/15/2025,334000,0,2000,0.43,3,2,0,Attach,R,Trails West,A-0906-0148-0000,2,http://cdn.photos.sparkplatform.com/icb/20250508162526201411000000.jpg,0,0,1,1,0,Paved,,4728 N Escalante Trail,1140,334000
111250,6/20/2025,375000,0,1996,0.5,4,2,1,Attach,R-1,Buena Vista,D-1189-000B-0004,2,http://cdn.photos.sparkplatform.com/icb/20250501165531842025000000.jpg,0,0,1,1,10000,Paved,Year Round,4135 W 575 N,1375,365000
111252,7/11/2025,312000,0,2001,0.43,3,2,0,Attach,Residential,Trails West,A-0906-0167-0000,2,http://cdn.photos.sparkplatform.com/icb/20250508204525294695000000.jpg,0,0,1,1,7000,Paved,Year Round,4744 N California Trail,1102,305000
111253,10/7/2025,590000,1932,2025,0.27,3,2,1,Attach,R-2-2,Old Sorrel Ranch,B-1857-0027-0115,2,http://cdn.photos.sparkplatform.com/icb/20250818202604391907000000.jpg,0.15,0,1,1,10000,Paved,Year Round,3613 W Bladen Street,1932,580000
111257,10/29/2025,395000,1000,1980,0.19,5,2,0,Carpor,Residential,Parowan City,A-0382-0013-0000,1,http://cdn.photos.sparkplatform.com/icb/20250506021814673495000000.jpg,1,0,1,1,6000,Paved,,415 N 200 E,1040,389000
111263,7/9/2025,654000,312,1998,0.51,3,2,0,Bsmt,Residential,Cedar Breaks Mtn,A-1211-0081-0000,2,http://cdn.photos.sparkplatform.com/icb/20250509172645463804000000.jpg,1,1,1,1,0,Unimproved,Year Round,289 N Elk Drive,1764,654000
111265,6/30/2025,334000,0,2023,0.03,3,2,1,Attach,R3,Shadow Cove,B-2021-0059-0000,2,http://cdn.photos.sparkplatform.com/icb/20250509160556414631000000.jpg,0,1,1,1,600,Paved,Year Round,668 E Fiddlers Cove #59 Drive,1734,333400
111268,8/25/2025,515000,1548,2025,0.26,3,2,0,Attach,R-1-11,Settlers Square,A-0990-0049-0000,2,http://cdn.photos.sparkplatform.com/icb/20250725173459990430000000.jpg,0.1,1,1,1,0,Paved,,1028 E 4240 (Lot 49 Phs 4 Settlers Square) N,1706,515000
111270,11/6/2025,495000,1012,1998,0.41,3,3,0,Detach,R-1,Western Homestead,A-0840-0009-0004,6,http://cdn.photos.sparkplatform.com/icb/20250509195641450647000000.jpg,1,1,1,1,0,Paved,Year Round,4731 Quickdraw Lane,1610,495000
111285,9/5/2025,363000,0,1992,0.16,3,2,0,Attach,R-1,Rocking Horse,B-1379-0041-0000,2,http://cdn.photos.sparkplatform.com/icb/20250510050020742453000000.jpg,0,1,1,1,5000,Paved,Year Round,710 W 1350 S,1257,358000
111287,6/18/2025,300000,0,2018,0.03,3,2,1,Attach,R-3,Sycamore Trail,B-1848-0003-0010,2,http://cdn.photos.sparkplatform.com/icb/20250509230643939083000000.jpg,0,0,1,1,0,Paved,Year Round,3062 W 1750 #10 N,1672,300000
111291,8/14/2025,894533.44,2098,2025,0.28,5,3,0,Attach,R,Saddleback Ridge,B-2012-0804-0000,3,http://cdn.photos.sparkplatform.com/icb/20250818225008035893000000.jpg,1,1,1,1,0,Paved,Year Round,3091 Rock Ridge Road,2125,894533.44
111292,7/9/2025,332450,0,2025,0.13,3,2,0,Attach,Residential,Pointe West,B-2033-0030-000S,2,http://cdn.photos.sparkplatform.com/icb/20250510183549927294000000.jpg,0,0,1,1,0,Paved,Year Round,1154 N Sage 1081 Street,1363,332450
111293,6/25/2025,398999,0,1996,0.17,4,3,0,Attach,R1,Rocking Horse,B-1379-0057-0000,2,http://cdn.photos.sparkplatform.com/icb/20250510203403101425000000.jpg,0,1,1,1,11850,Paved,,1386 S 625 W,1952,387149
111318,7/1/2025,237500,0,2004,0.02,3,2,1,Carpor,Residential,Countryside Terrace,B-1742-0051-0000,0,http://cdn.photos.sparkplatform.com/icb/20250513183404050864000000.jpg,0,0,1,1,1000,Paved,,1148 N Northfield #51 Road,1365,236500
111319,9/16/2025,107500,0,1973,0.01,0,1,0,None,Res,Chalet Village,A-1172-0010-0000,0,http://cdn.photos.sparkplatform.com/icb/20250513195213709104000000.jpg,0,1,1,1,0,Paved,Year Round,226 S Hwy 143 #4-B,294,107500
111320,10/2/2025,105000,0,1973,0.01,0,1,0,None,Res,Chalet Village,A-1172-0003-0000,0,http://cdn.photos.sparkplatform.com/icb/20250513194353403892000000.jpg,0,1,1,1,500,Paved,Year Round,226 S Hwy 143 #3-B,294,104500
111324,8/26/2025,309990,632,2025,0.03,3,2,1,Attach,Residential,Old Sorrel Ranch,B-1857-1151-0000,2,http://cdn.photos.sparkplatform.com/icb/20250513223419879982000000.jpg,0.8,0,1,1,0,Paved,Year Round,2977 W Lewis 1151 Loop,1573,309990
111330,8/1/2025,768000,2521,2025,0.96,4,3,0,Attach,R1,Estates at Sunrise Ranch,D-0617-0011-0000,3,http://cdn.photos.sparkplatform.com/icb/20250514151711815018000000.jpg,0.2,1,1,1,0,Paved,,2451 W 3750 N,2521,768000
111331,9/26/2025,700000,0,2025,0.29,3,2,0,Attach,R-1,Saddleback Ridge,B-2012-0931-0000,3,http://cdn.photos.sparkplatform.com/icb/20250514143434163350000000.jpg,0,1,1,1,0,Paved,Year Round,1784 S Hidden Canyon Road,2281,700000
111332,11/14/2025,402400,1019,2025,0.11,4,2,1,Attach,R2-2,Liberty Cove at Jefferson,B-2026-010A-0000,2,http://cdn.photos.sparkplatform.com/icb/20250609141907029517000000.jpg,1,0,1,1,0,Paved,Year Round,732 S Liberty Cove Drive,1147,402400
111334,9/24/2025,520000,1705,2014,0.23,5,3,0,Attach,Residential,Mountain Shadows,B-1866-0026-0000,2,http://cdn.photos.sparkplatform.com/icb/20250514170730546321000000.jpg,0.5,0,1,1,12000,Paved,Year Round,3911 W 100 S,1705,508000
111338,8/8/2025,464900,0,2025,0.51,3,2,0,Attach,R-1,Rancho Bonita,D-1211-0021-0000,2,http://cdn.photos.sparkplatform.com/icb/20250514152412448912000000.jpg,0,0,1,1,10000,Paved,,2422 W 4875 N,1738,454900
111339,10/10/2025,252000,0,2024,0.02,3,2,1,None,R3-M,Trailside,B-2040-0018-000E,0,http://cdn.photos.sparkplatform.com/icb/20250514194323729999000000.jpg,0,0,1,1,0,Paved,Year Round,920 S 25 #18E E,1242,252000
111342,6/25/2025,405000,1035,1997,0.43,4,2,0,Attach,R1,Homestead,A-0840-0010-0008,1,http://cdn.photos.sparkplatform.com/icb/20250514201854142715000000.jpg,1,1,1,1,0,Paved,Year Round,4497 N Quickdraw Lane,1035,405000
111350,6/30/2025,325000,0,2022,0.03,3,2,1,Attach,Mu,Townhomes at Cross Hollow,B-2018-0019-0000,2,http://cdn.photos.sparkplatform.com/icb/20250513170826197377000000.jpg,0,0,1,1,0,Paved,Year Round,2875 W Cody #19 Drive,1810,325000
111356,9/15/2025,492000,0,1996,0.26,7,4,0,Attach,R-1,Willowwood,B-1410-0011-0000,2,http://cdn.photos.sparkplatform.com/icb/20250515163409459808000000.jpg,0,0,1,1,10000,Paved,,1688 N 175 W,3109,482000
111359,9/2/2025,499500,0,2024,0.27,4,2,0,Attach,Residential,Iron West,B-2020-0157-0000,3,http://cdn.photos.sparkplatform.com/icb/20250515173045481031000000.jpg,0,1,1,1,10000,Paved,,4535 W 200 N,1864,489500
111362,9/19/2025,400000,0,2001,0.15,3,2,0,Attach,R,Not Applicable,B-1135-0077-0024,2,http://cdn.photos.sparkplatform.com/icb/20250515180148495718000000.jpg,0,0,1,1,0,Paved,Year Round,1096 S Bentley Boulevard,1680,400000
111363,8/13/2025,554000,1732,2008,0.23,6,3,0,Attach,R-1,Old Farm,B-1688-0040-0000,2,http://cdn.photos.sparkplatform.com/icb/20250515192414799373000000.jpg,1,1,1,1,8000,Paved,Year Round,111 W 2925 CIR N,1732,546000
111365,11/10/2025,425000,0,2025,0.42,3,2,0,Attach,Residential,Spring Hill,A-1041-0001-0000,2,http://cdn.photos.sparkplatform.com/icb/20250829190638093646000000.jpg,0,0,1,1,0,Paved,Year Round,1792 E 5250 N,1549,425000
111368,8/7/2025,315000,0,2025,0.11,3,2,0,Attach,Residential,Sage Springs,B-2038-0010-000E,1,http://cdn.photos.sparkplatform.com/icb/20250515193337019265000000.jpg,0,0,1,1,10000,Paved,Year Round,530 W 2360 N,1154,305000
111371,8/13/2025,315000,0,2025,0.11,3,2,0,Attach,Residential,Sage Springs,B-2038-0010-000W,1,http://cdn.photos.sparkplatform.com/icb/20250515214140062267000000.jpg,0,0,1,1,10000,Paved,Year Round,542 W 2360 N,1154,305000
111380,11/17/2025,494700,1592,2017,0.23,5,3,0,Attach,Residential,Old Farm,B-1688-0019-0000,2,http://cdn.photos.sparkplatform.com/icb/20250516180317656944000000.jpg,0.5,0,1,1,0,Paved,Year Round,139 W 2825 N Circle,1592,494700
111384,8/27/2025,379000,0,1997,0.16,4,2,1,Attach,R3M,Castlegate,B-1575-0037-0000,2,http://cdn.photos.sparkplatform.com/icb/20250627210907153470000000.jpg,0,1,1,1,0,Paved,,562 W 1475 N Circle,1692,379000
111387,6/11/2025,636370,1749,2025,0.2,5,4,0,Attach,R-2-1,Black Sage,B-1877-0206-0000,2,http://cdn.photos.sparkplatform.com/icb/20250516234439302358000000.jpg,1,0,2,2,5000,Paved,Year Round,2637 W Black Sage Drive,1566,631370
111390,10/17/2025,225400,0,1984,0,2,2,0,Attach,R3,Evergreen Condo,A-1171-0007-000C,1,http://cdn.photos.sparkplatform.com/icb/20250508191624179387000000.jpg,1,1,1,1,0,Paved,Year Round,561 S Vasels #r7-c,834,225400
111408,9/22/2025,505000,1550,2004,0.23,4,3,0,Attach,Residential,Equestrian Pointe,B-1813-0009-0000,2,http://cdn.photos.sparkplatform.com/icb/20250519163011131431000000.jpg,1,0,1,1,13000,Paved,Year Round,3881 W 1300 N,1873,492000
111415,9/3/2025,365000,858,1951,0.18,5,2,0,Detach,R-2-2,Mountain View,B-0045-0056-0000,2,http://cdn.photos.sparkplatform.com/icb/20250519171659226731000000.jpg,1,1,1,1,0,Paved,Year Round,66 N 1150 W,858,365000
111417,7/9/2025,457000,0,2000,3.16,4,2,0,Detach,Residential,Meadows Ranch East,E-0209-0001-0001-04,3,http://cdn.photos.sparkplatform.com/icb/20250519170816392951000000.jpg,0,0,1,1,0,Paved,,5177 W 1525 S,1620,457000
111419,10/1/2025,574900,0,2005,0.38,4,2,1,Attach,R-1,Royal Hunte,B-1740-000A-0010,3,http://cdn.photos.sparkplatform.com/icb/20250519184709940741000000.jpg,0,1,1,1,0,Paved,Year Round,1030 S 1850 W,2215,574900
111431,8/29/2025,657000,1650,2016,0.5,6,4,1,Attach,R1,Westview Estates,D-1209-000E-0007,3,http://cdn.photos.sparkplatform.com/icb/20250519144229949923000000.jpg,1,1,1,1,0,Paved,Year Round,1136 S 4425 W,1650,657000
111432,10/2/2025,1325000,0,2022,0.73,4,3,0,Attach,Residential,Brian Head I,A-1121-093A-0000,3,http://cdn.photos.sparkplatform.com/icb/20250518154702592064000000.jpg,0,2,1,1,0,Unimproved,Year Round,466 N Elk Drive,3240,1325000
112977,10/20/2025,519900,0,1994,3,3,2,0,Attach,Res 2 Acre,Cross Hollow Hills,D-1139-0005-0047,2,http://cdn.photos.sparkplatform.com/icb/20250906234759149920000000.jpg,0,1,1,1,14000,Paved,,1686 S Cross Hollow Drive,1662,505900
111440,10/31/2025,490000,0,2023,0.25,5,4,1,Attach,Residential,Pine View Estates,A-1035-0004-0000,3,http://cdn.photos.sparkplatform.com/icb/20250827223843386109000000.jpg,0,0,1,1,0,Paved,Year Round,4883 N 10 E,2541,490000
111443,6/24/2025,370000,0,2022,0.16,3,2,1,Attach,R-2-2,Crescent Hills,B-2017-0001-000E,2,http://cdn.photos.sparkplatform.com/icb/20250520144536229998000000.jpg,0,0,1,1,0,Paved,Year Round,2648 W 220 N Street,1673,370000
111445,7/16/2025,260000,0,2008,0.02,3,2,1,Carpor,R3,Cedar Park,B-1891-0045-0000,1,http://cdn.photos.sparkplatform.com/icb/20250520172723450225000000.jpg,0,0,1,1,4000,Paved,,370 W 1425 #45 N,1365,256000
111446,6/20/2025,200000,0,1977,0,2,2,0,None,R-3-M,Three Fountains,B-1151-0001-0004-124,0,http://cdn.photos.sparkplatform.com/icb/20250520213624062531000000.jpg,0,0,1,1,0,Paved,Year Round,893 Three Fountains,1136,200000
111452,6/25/2025,429900,0,2019,0.24,3,2,0,Attach,R-1,Monarch Meadows,D-1216-0060-0000,2,http://cdn.photos.sparkplatform.com/icb/20250521145024707612000000.jpg,0,1,1,1,0,Paved,,2180 W Gallant Fox Drive,1700,429900
111453,9/17/2025,603000,1793,2013,0.41,6,4,0,Attach,R-1,Ashdown Forest,B-1750-0037-0000,3,http://cdn.photos.sparkplatform.com/icb/20250516152634844739000000.jpg,1,0,1,1,0,Paved,,2085 N Ashdown Forest Road,1802,603000
111455,9/19/2025,415100,0,2025,0.25,3,2,0,Attach,R-2-1,Magnolia Fields,B-2031-0022-0000,3,http://cdn.photos.sparkplatform.com/icb/20250509000518121052000000.jpg,0,0,1,1,0,,Year Round,1057 N Reese Street,1472,415100
111458,9/22/2025,508000,1471,2018,0.51,3,3,0,Attach,R1,Rancho Bonita,D-1211-0020-0000,2,http://cdn.photos.sparkplatform.com/icb/20250521194724611522000000.jpg,0.1,0,1,1,0,Paved,Year Round,2438 W 4875 N,1471,508000
111461,6/12/2025,329990,632,2025,0.03,3,2,1,Attach,Residential,Old Sorrel Ranch,B-1857-1156-0000,2,http://cdn.photos.sparkplatform.com/icb/20250521234432494121000000.jpg,0.8,0,1,1,4000,Paved,Year Round,2955 W Lewis Loop #1156,1573,325990
111462,7/14/2025,299990,632,2025,0.03,3,2,1,Attach,Residential,Old Sorrel Ranch,B-1857-1150-0000,2,http://cdn.photos.sparkplatform.com/icb/20250521232303641846000000.jpg,0.8,0,1,1,0,Paved,Year Round,2983 W Lewis Loop #1150,1573,299990
111463,6/30/2025,539900,0,2025,0.26,4,3,0,Attach,R-1,Valley Gate Estates,A-0798-0005-0000,2,http://cdn.photos.sparkplatform.com/icb/20250522050049888266000000.jpg,0,0,2,2,8000,Paved,,932 E Winchester Drive,2394,531900
111472,6/20/2025,235380,0,1996,0.19,3,2,0,None,R-1,Highland Park,B-0065-0062-0000,0,http://cdn.photos.sparkplatform.com/icb/20250522202805643466000000.jpg,0,0,1,1,0,Paved,Year Round,285 N Bulloch Place,1213,235380
111477,7/15/2025,420000,0,1986,0,2,2,0,None,Res,Pine Tree Condo,A-1144-0001-012C-01,0,http://cdn.photos.sparkplatform.com/icb/20250523000601505688000000.jpg,0,1,1,1,3500,,Year Round,226 N Pine Tree #1c Way,1050,416500
111486,9/18/2025,258000,0,2008,0.02,3,2,1,Carpor,R-3,Cedar Park,B-1917-0033-0000,0,http://cdn.photos.sparkplatform.com/icb/20250523184739012232000000.jpg,0,0,1,1,6000,Paved,Year Round,340 W 1425 #104 N,1365,252000
111494,7/15/2025,357000,1113,1958,0.38,3,2,0,Carpor,R-1,Henry W Lunt,B-0119-0000-0000,2,http://cdn.photos.sparkplatform.com/icb/20250523215258507932000000.jpg,0.75,1,1,1,10500,Paved,,164 N 800 W,1293,346500
111505,9/2/2025,143000,0,1984,0,0,1,0,Bsmt,R 3,Timberbrook Village,A-1176-0001-0009,1,http://cdn.photos.sparkplatform.com/icb/20250526190255366637000000.jpg,0,0,1,1,0,Paved,Year Round,464 N Highway 143 109 A,424,143000
111506,7/25/2025,695000,2360,2005,0.43,7,4,1,Attach,R-1,Fiddlers Canyon,B-1714-0016-0000,3,http://cdn.photos.sparkplatform.com/icb/20250524050450070838000000.jpg,1,1,2,1,0,Paved,,841 E Nichols Canyon Road,2384,695000
111522,10/9/2025,999000,722,1998,0.34,3,3,1,Bsmt,Residential,Trails @ Navajo,A-1184-0012-0000,2,http://cdn.photos.sparkplatform.com/icb/20250526203438637474000000.jpg,1,2,1,1,31000,Paved,,427 W Bluebell Court,2000,968000
111523,8/15/2025,165000,0,1973,0,3,2,0,None,Res,Chalet Village,A-1172-0053-0000,0,http://cdn.photos.sparkplatform.com/icb/20250526132304972178000000.jpg,0,1,1,1,0,Paved,Year Round,226 S HWY 143 #23,432,165000
111527,8/11/2025,275000,0,1981,0.13,3,1,0,Attach,R,Bramblewood,B-1161-0002-0006-01,1,http://cdn.photos.sparkplatform.com/icb/20250527164138850096000000.jpg,0,1,1,1,10000,Paved,,405 W Bramblewood Drive,1104,265000
111530,9/19/2025,327000,1000,1979,0.54,4,2,0,Attach,Residential,Garden Park Estates,A-0874-0000-000E-04,2,http://cdn.photos.sparkplatform.com/icb/20250527171144695973000000.jpg,0.75,1,1,1,0,Paved,Year Round,4385 N Magnolia Drive,1000,327000
111534,6/27/2025,652000,0,2025,0.45,3,2,0,Attach,R-1,The Canyon at Eagle Ridge,B-2011-0011-0000,3,http://cdn.photos.sparkplatform.com/icb/20250527195710108279000000.jpg,0,1,1,1,0,Paved,Year Round,2274 S Canyon Circle,2171,652000
111537,7/1/2025,335000,1000,1974,0.17,4,3,0,Attach,R1,Highland Circle,B-0065-0010-0005,2,http://cdn.photos.sparkplatform.com/icb/20250527180646458410000000.jpg,1,1,1,1,0,Paved,Year Round,493 E Highland Circle,1224,335000
111544,8/27/2025,335000,1092,1977,0.21,5,3,0,Attach,R-2,Pinewood Park,B-1155-0016-0000,2,http://cdn.photos.sparkplatform.com/icb/20250520023713994032000000.jpg,1,1,1,1,7000,Paved,,583 Pinewood Drive,1138,328000
111556,8/22/2025,315000,0,2025,0.11,3,2,0,Attach,Residential,Sage Springs,B-2038-0008-000W,1,http://cdn.photos.sparkplatform.com/icb/20250528211340456515000000.jpg,0,0,1,1,10000,Paved,Year Round,596 W 2360 N,1154,305000
111562,6/30/2025,350000,0,2004,0.15,3,2,0,Attach,Residential,Castlegate,B-1575-0015-0000,2,http://cdn.photos.sparkplatform.com/icb/20250528033244291998000000.jpg,0,0,1,1,13000,Paved,Year Round,631 W 1450 N Circle,1502,337000
111564,8/14/2025,302990,0,2025,0.13,3,2,0,Attach,Residential,Pointe West,B-2033-0026-000N,2,http://cdn.photos.sparkplatform.com/icb/20250528231837973097000000.jpg,0,0,1,1,0,Paved,Year Round,1173 N Sage 1072 N Street,1363,302990
111565,8/29/2025,299990,0,2025,0.13,3,2,0,Attach,Residential,Pointe West,B-2033-0026-000S,2,http://cdn.photos.sparkplatform.com/icb/20250529001843069129000000.jpg,0,0,1,1,0,Paved,Year Round,1161 N Sage 1073 N Street,1363,299990
111571,10/31/2025,340000,0,2005,0.05,3,2,0,Attach,R,Seasons at Mesa Hill,B-1740-000A-0010,2,http://cdn.photos.sparkplatform.com/icb/20250529202426045186000000.jpg,0,1,1,1,0,Paved,Year Round,2155 W 700 #10 S,1855,340000
111572,7/9/2025,249500,0,2007,0.19,2,1,0,None,R-2,Cedar Willows,B-1893-0015-0001,0,http://cdn.photos.sparkplatform.com/icb/20250529213542953649000000.jpg,0,0,1,1,8000,Paved,Year Round,1907 N 1600 North Access Road,768,241500
111581,9/15/2025,535000,2143,2000,0.29,5,3,0,Attach,R-1,West Ridge Estates,B-1621-0024-0000,3,http://cdn.photos.sparkplatform.com/icb/20250530153737306085000000.jpg,1,0,1,1,5000,Paved,Year Round,2062 W 700 S,2143,530000
111582,6/30/2025,332000,1191,1961,0.18,5,2,0,Attach,Res,Cedar City,B-0806-0002-0000,1,http://cdn.photos.sparkplatform.com/icb/20250519033645773493000000.jpg,1,2,2,2,0,Paved,,16 N 200 E,1191,332000
111585,8/28/2025,445000,1375,1968,0.61,6,3,0,Carpor,R1,Highland Park,B-0065-0077-0000,2,http://cdn.photos.sparkplatform.com/icb/20250530002031431612000000.jpg,1,2,1,1,650,Paved,Year Round,470 E Parkway Drive,1727,444350
111588,7/11/2025,525000,1946,2022,0.23,4,2,1,Attach,R-1,Old Sorrel Ranch,B-1857-0027-0055,2,http://cdn.photos.sparkplatform.com/icb/20250530151139686296000000.jpg,0,1,1,1,15000,Paved,,357 S Sherratt Drive,1866,510000
111590,7/8/2025,225000,770,1977,0.44,3,1,1,Detach,R,Parowan City,A-0444-0001-0000,2,http://cdn.photos.sparkplatform.com/icb/20250530183251456431000000.jpg,0.1,1,1,1,0,Paved,,38 S 500 W,2158,225000
111592,6/30/2025,490000,1801,1979,0.33,4,3,0,Attach,R1,Beacon Hill,B-1176-0005-0018,2,http://cdn.photos.sparkplatform.com/icb/20250530184822546901000000.jpg,1,0,1,1,7500,Paved,Year Round,2385 Beacon Circle,1801,482500
111596,8/19/2025,479900,0,2025,0.26,4,2,1,Attach,R-1-11,Settlers Square,A-0990-0043-0000,3,http://cdn.photos.sparkplatform.com/icb/20250820142414668436000000.jpg,0,1,1,1,0,Paved,,1118 E 4240 (Lot 43 Phs 4 Settlers Square) N,2300,479900
111597,11/6/2025,520000,0,1982,0,3,3,0,Bsmt,R3,Giant Steps Condo,A-1173-0030-0000,2,http://cdn.photos.sparkplatform.com/icb/20250531021758382746000000.jpg,0,3,1,1,0,Paved,Year Round,407 S Vasels #30 Road,1305,520000
111598,9/10/2025,250000,0,2023,0.02,3,2,0,Attach,Res,Old Sorrel Ranch,B-1857-1061-0000,2,http://cdn.photos.sparkplatform.com/icb/20250520031231509516000000.jpg,0,0,1,1,0,Paved,,536 S May Drive,1300,250000
111600,8/7/2025,375000,1008,1994,0.95,5,2,0,Carpor,R,Homestead,A-0779-0092-0000,1,http://cdn.photos.sparkplatform.com/icb/20250531041825726305000000.jpg,1,1,1,1,10000,Paved,Year Round,1790 E Homestead,1008,365000
111606,7/17/2025,360000,0,2014,0.19,3,2,0,Attach,Residential,Gemini Meadows,B-1870-0128-0000,2,http://cdn.photos.sparkplatform.com/icb/20250531182341495902000000.jpg,0,0,1,1,6740,Paved,Year Round,2659 N Clark Parkway,1267,353260
111611,9/11/2025,457000,1345,2015,0.16,5,3,0,Attach,R-3-M,Cedar Meadows,B-1803-0022-0000,2,http://cdn.photos.sparkplatform.com/icb/20250601025035391519000000.jpg,1,0,1,1,12000,Paved,Year Round,136 N 4275 W,1379,445000
111612,7/1/2025,350000,0,2004,0.06,3,2,0,Attach,R1,Safe Harbor@Blk Rock,B-1625-0013-0000,2,http://cdn.photos.sparkplatform.com/icb/20250602060029969749000000.jpg,0,1,1,1,0,Paved,Year Round,339 N Harbor Circle,1363,350000
111617,8/25/2025,395000,0,1981,0.2,3,3,0,Attach,R,Imlay,B-1137-0006-0002-08,2,http://cdn.photos.sparkplatform.com/icb/20250602162736456183000000.jpg,1,2,1,1,15000,Paved,Year Round,387 S 800 W,1699,380000
111620,10/31/2025,645000,2071,2019,0.27,6,3,1,Attach,R-1,Sunset Canyon Estate,B-1785-0050-0000,3,http://cdn.photos.sparkplatform.com/icb/20250602153316362711000000.jpg,1,1,1,1,0,Paved,,291 S Marble Canyon Circle,2071,645000
111621,9/30/2025,365000,0,1974,1.21,4,1,1,None,R-1,Cedar Breaks Mtn,A-1210-0037-0000,0,http://cdn.photos.sparkplatform.com/icb/20250602190906405471000000.jpg,0,1,1,1,0,,Year Round,468 E Trail Lots 37 & 38 Road,1584,365000
111622,9/29/2025,300000,0,1973,0,2,2,0,Detach,Residential,The Ridge,A-1150-0003-0002-018,1,http://cdn.photos.sparkplatform.com/icb/20250602191626659641000000.jpg,0,1,1,1,0,Paved,Year Round,226 S HWY 143 E-3,774,300000
111628,10/22/2025,350000,0,1957,0.19,4,1,1,None,R-2-2,La Vista Park,B-1103-0057-0000,0,http://cdn.photos.sparkplatform.com/icb/20250602210844722534000000.jpg,0,2,1,1,0,Paved,Year Round,443 S 300 E,1756,350000
111631,7/18/2025,750000,1804,2025,0.28,4,3,0,Attach,R-1,Saddleback Ridge,B-2012-0805-0000,3,http://cdn.photos.sparkplatform.com/icb/20250602155645204145000000.jpg,0.4,1,1,1,0,Paved,,3105 W Rock Ridge Road,1758,750000
111638,7/3/2025,419900,1377,1953,0.2,4,3,0,Detach,R-2,Not Applicable,B-0057-0008-0000,1,http://cdn.photos.sparkplatform.com/icb/20250603044507580203000000.jpg,1,2,1,1,12597,Paved,,345 N 600 W,2136,407303
111652,10/14/2025,332000,0,2023,0.03,3,2,1,Attach,R3,Shadow Cove,B-2021-0058-0000,2,http://cdn.photos.sparkplatform.com/icb/20250603204841125862000000.jpg,0,1,1,1,700,Paved,Year Round,668 E Fiddlers Cove #58 Drive,1734,331300
111659,8/15/2025,646180,1894,2025,0.22,7,4,0,Attach,R-2-1,Black Sage,B-1877-0225-0000,3,http://cdn.photos.sparkplatform.com/icb/20250604055604651588000000.jpg,1,0,2,2,15000,Paved,Year Round,2664 W Black Sage Drive,1885,631180
111660,6/23/2025,324900,0,2005,0.13,3,2,0,Attach,R-2,Southern View,B-1791-0033-0000,2,http://cdn.photos.sparkplatform.com/icb/20250604152904411112000000.jpg,0,0,1,1,0,Paved,Year Round,1447 S Southern View Drive,1290,324900
111668,7/25/2025,337000,0,1950,0.16,3,1,0,Carpor,R3M,Not Applicable,B-1024-0005-0000,1,http://cdn.photos.sparkplatform.com/icb/20250603230547904817000000.jpg,0,0,1,1,9915,Paved,Year Round,313 S Dewey Avenue,1220,327085
111672,11/17/2025,509990,1202,2025,0.28,4,2,1,Attach,Residential,Old Sorrel Ranch,B-1857-0027-0129,3,http://cdn.photos.sparkplatform.com/icb/20250717222055708315000000.jpg,0,0,1,1,0,Paved,Year Round,549 S Bryant 129 Street,2540,509990
111673,7/23/2025,594000,1800,2017,0.37,4,3,0,Attach,R-1,Ashdown Forest,B-1812-0016-0000,3,http://cdn.photos.sparkplatform.com/icb/20250605002231072150000000.jpg,0.35,1,1,1,0,Paved,Year Round,1158 E Ashdown Forest Road,1800,594000
111676,7/14/2025,0,0,2018,0.19,3,2,0,Attach,R,Crescent Hills,B-1999-0009-0000,3,http://cdn.photos.sparkplatform.com/icb/20250604164110351515000000.jpg,0,0,1,1,0,Paved,Year Round,93 N Windsor Road,1412,0
111677,8/1/2025,325000,1328,1977,0,4,3,0,Detach,R-3-M,Three Fountains,B-1151-0001-0004-025,2,http://cdn.photos.sparkplatform.com/icb/20250605133944755194000000.jpg,1,2,1,1,0,Paved,Year Round,901 Three Fountains,1328,325000
111680,10/24/2025,580000,1655,2022,0.26,4,3,0,Attach,R1,Iron West,B-2020-0106-0000,2,http://cdn.photos.sparkplatform.com/icb/20250605153335087540000000.jpg,1,0,1,1,4445,Paved,Year Round,4657 W 275 N,1864,575555
111701,9/10/2025,550000,1610,2013,0.37,6,3,0,Attach,R-1,Sunset Canyon Estate,B-1858-0012-0000,2,http://cdn.photos.sparkplatform.com/icb/20250606180057923663000000.jpg,1,1,1,1,3000,Paved,Year Round,2702 W 300 S,1610,547000
111702,7/29/2025,465000,0,2011,0.72,4,2,1,Attach,R-1,Sunrise Meadows,D-1215-0038-0000,3,http://cdn.photos.sparkplatform.com/icb/20250606180211349287000000.jpg,0,0,1,1,9000,Paved,Year Round,4236 N 2375 W,1854,456000
111704,7/18/2025,507500,1151,2025,0.2,4,2,1,Attach,R-2-1,Crescent Hills,B-2017-0017-0000,2,http://cdn.photos.sparkplatform.com/icb/20250604142229880483000000.jpg,1,1,1,1,5000,Paved,,39 N Strathmore Ln (Lot 17 Phs 4 Crescent Hills),1419,502500
111722,6/9/2025,425000,1019,2025,0.11,4,2,1,Attach,R2-2,Liberty Cove at Jefferson,B-2026-010B-0000,2,http://cdn.photos.sparkplatform.com/icb/20250609145750729932000000.jpg,1,0,1,1,0,Paved,Year Round,740 S Liberty Cove Drive,1147,425000
111725,8/28/2025,588500,659,2003,0.75,3,3,0,Attach,R,Cedar Highlands,D-1024-0012-0001,2,http://cdn.photos.sparkplatform.com/icb/20250607223838856256000000.jpg,1,1,1,1,0,,Year Round,1016 E High Cedar Highlands Drive,1319,588500
111731,7/17/2025,479900,0,2020,0.19,4,2,0,Attach,R,Crescent Hills,B-2002-0012-0000,3,http://cdn.photos.sparkplatform.com/icb/20250609194553304038000000.jpg,0,1,1,1,0,Paved,Year Round,135 N Hartford Drive,1695,479900
111739,7/25/2025,851980,2062,2025,1,9,5,1,Attach,Residential,Painted Desert,D-0535-0020-0000,3,http://cdn.photos.sparkplatform.com/icb/20250610145945015637000000.jpg,1,0,1,1,0,Paved,,2413 W 5190 N,2983,851980
111742,7/11/2025,545266.88,0,2025,0.36,4,2,1,Attach,Residential,Painted Desert,D-0535-0002-0000,3,http://cdn.photos.sparkplatform.com/icb/20250610171904335486000000.jpg,0,1,1,1,1225,Paved,,2342 W 5190 Lot 2 N,1990,544041.88
111743,7/28/2025,390445,0,2025,0.12,3,2,0,Attach,Residential,Rose Village,B-2050-0044-000W,2,http://cdn.photos.sparkplatform.com/icb/20250610173403129193000000.jpg,0,0,1,1,3000,Paved,,322 W Rosie Loop Lot 44W,1448,387445
111744,9/26/2025,686595,2062,2025,1,4,2,1,Attach,Residential,Painted Desert,D-0535-0025-0000,3,http://cdn.photos.sparkplatform.com/icb/20250610175215961082000000.jpg,0,1,1,1,0,Paved,,2313 W 5190 Lot 25 N,2222,686595
111746,8/14/2025,464900,0,2024,0.29,4,2,1,Attach,R1,Valley Gate Estates,A-0798-0031-0000,3,http://cdn.photos.sparkplatform.com/icb/20250619005431649062000000.jpg,0,0,1,1,0,Paved,Year Round,4982 N Winchester lot 31 Drive,2264,464900
111752,7/23/2025,399900,935,1921,0.53,4,2,0,Detach,R-1,Parowan City,A-0354-0000-0000,1,http://cdn.photos.sparkplatform.com/icb/20250611031052486061000000.jpg,1,1,1,1,3525,Paved,Year Round,122 W 300 N,935,396375
111753,9/22/2025,540000,0,1977,1.88,2,1,0,None,R1,Cdr Brks Mtn Hmsits,A-1212-0025-0000,0,http://cdn.photos.sparkplatform.com/icb/20250610182401257464000000.jpg,0,1,1,1,1500,,Year Round,648 E Park - U - Pine Walk,1008,538500
111765,10/24/2025,435000,1021,1983,0.24,4,3,0,Attach,R 2-2,Canyon Park,B-1105-0004-0001,2,http://cdn.photos.sparkplatform.com/icb/20250611160200773010000000.jpg,1,1,1,1,5000,Paved,Year Round,28 S 580 E,1575,430000
111771,9/30/2025,320000,0,1975,0,2,2,0,None,R3,Sawmill Condos/Pines,A-1150-0001-0021,0,http://cdn.photos.sparkplatform.com/icb/20250612053208467267000000.jpg,0,1,1,1,0,,Year Round,101 S Village #3A Way,930,320000
111779,10/30/2025,589800,0,2025,0.29,4,2,0,Attach,R-1,The Bluff at South Mtn.,B-2027-0005-0000,2,http://cdn.photos.sparkplatform.com/icb/20250823174140607626000000.jpg,0,1,1,1,5000,Paved,Year Round,2154 S Bluff Drive,2055,584800
111781,7/22/2025,210000,0,2010,0,3,2,1,None,Residential,Trailside,B-1960-0011-000D,0,http://cdn.photos.sparkplatform.com/icb/20250612173317053831000000.jpg,0,0,1,1,8700,Paved,Year Round,920 S 25 #11d E,1258,201300
111800,8/20/2025,300000,240,1978,0.4,3,2,0,None,R-2 Residential,Not Applicable,A-0415-0003-0000,0,http://cdn.photos.sparkplatform.com/icb/20250611141817825706000000.jpg,1,1,1,1,0,Paved,,315 N 500 W,1742,300000
111801,9/26/2025,357000,1042,1997,0.09,4,4,0,Carpor,Residential,Eastridge,B-1563-0004-0000,2,http://cdn.photos.sparkplatform.com/icb/20250612014959667391000000.jpg,1,1,1,1,0,Paved,Year Round,326 W Mountain View Dr,1051,357000
111802,7/18/2025,855000,1835,1998,19.64,4,3,1,Attach,R,Eagle Valley Ranchos,D-0495-0006-0000,1,http://cdn.photos.sparkplatform.com/icb/20250613161429652588000000.jpg,0.5,1,1,1,10000,,Year Round,5727 N 1700 W,1835,845000
111804,9/30/2025,310000,450,1992,0.14,4,2,0,Carpor,Residential,Not Applicable,B-1135-0023-0003,1,http://cdn.photos.sparkplatform.com/icb/20250618212619708712000000.jpg,1,0,1,1,500,Paved,,1161 S 860 W,931,309500
111805,9/2/2025,505000,0,2018,0.41,3,2,0,Attach,R-1,Peak View,D-0459-0008-0000,3,http://cdn.photos.sparkplatform.com/icb/20250613193836495088000000.jpg,0,1,1,1,9413,Paved,Year Round,4726 N 2525 W,1451,495587
111810,8/18/2025,387500,0,2020,0.41,3,2,0,Attach,R-1,Iron Mountain,A-0974-0083-0000,3,http://cdn.photos.sparkplatform.com/icb/20250613222407397769000000.jpg,0,0,1,1,8000,Paved,,871 E 4200 N,1435,379500
111818,7/10/2025,750000,748,2018,0.28,3,2,0,None,Res,Brian Head III,A-1148-0005-0001,1,http://cdn.photos.sparkplatform.com/icb/20250614183719796361000000.jpg,1,1,1,1,0,Unimproved,,673 S Snowflake,1040,750000
111823,7/25/2025,605000,0,2016,0.27,3,2,0,Attach,Residential,Southern View,B-1832-0064-0000,5,http://cdn.photos.sparkplatform.com/icb/20250615032023301423000000.jpg,0,1,1,1,0,Paved,Year Round,1283 W 1750 S,1702,605000
111828,8/4/2025,440000,1307,1997,0.51,6,3,0,Attach,R,Homestead,A-0779-0010-005A,2,http://cdn.photos.sparkplatform.com/icb/20250616073817821117000000.jpg,1,0,1,1,0,Paved,Year Round,4468 N Pioneer Drive,1349,440000
111830,6/30/2025,735000,0,2005,0.1,3,2,1,Attach,R-3,Parkside Townhomes,A-1193-0004-0000,1,http://cdn.photos.sparkplatform.com/icb/20250616160110668966000000.jpg,0,1,1,1,0,Paved,,505 S Vasels Road,2065,735000
111831,8/15/2025,380000,1127,1993,0.42,5,2,1,None,Residential,Enoch City,A-0780-0000-000E-05,0,http://cdn.photos.sparkplatform.com/icb/20250616161556084854000000.jpg,1,0,1,1,0,Paved,,4908 N Mule Train Drive,1127,380000
111835,7/23/2025,875000,1640,2015,9.43,3,3,0,Attach,R-5,Sunrise,E-0235-0001-0005-05,2,http://cdn.photos.sparkplatform.com/icb/20250616195339831624000000.jpg,0.8,1,1,1,0,Paved,Year Round,8836 W 3200 S,1640,875000
111847,7/14/2025,235000,0,2005,0.02,3,2,1,Carpor,R-3-M,Countryside Terrace,B-1742-0056-0000,1,http://cdn.photos.sparkplatform.com/icb/20250617171452469751000000.jpg,0,0,1,1,0,Paved,,1148 N Northfield #56 Road,1365,235000
111849,10/30/2025,410000,0,2011,4.47,3,2,0,Detach,R,Park West,E-0147-0023-0000,4,http://cdn.photos.sparkplatform.com/icb/20250615184431918736000000.jpg,0,0,1,1,5000,,Year Round,4564 W 2100 N,1120,405000
111853,9/17/2025,680000,896,1986,0,3,3,1,Bsmt,Res,Racquet Club Villas,A-1179-0001-0000,4,http://cdn.photos.sparkplatform.com/icb/20250617221418936034000000.jpg,1,2,1,1,3000,,Year Round,487 S Vasels #1 Road,1792,677000
111854,8/21/2025,250000,0,1950,0.17,2,1,0,Carpor,R1,Thorley William,B-1102-0009-0000,2,http://cdn.photos.sparkplatform.com/icb/20250617232916502011000000.jpg,0,0,1,1,10000,Paved,,420 S 150 E,751,240000
111859,10/1/2025,350000,0,2021,0.03,3,2,1,Carpor,Residential,Blackstone Townhomes,B-2024-0001-0003,2,http://cdn.photos.sparkplatform.com/icb/20250630202159117857000000.jpg,0,0,1,1,0,,Year Round,875 S Lincoln #3 C,1852,350000
111860,10/1/2025,350000,0,2021,0.03,3,2,1,Carpor,Residential,Blackstone Townhomes,B-2024-0001-0004,2,http://cdn.photos.sparkplatform.com/icb/20250630213334176035000000.jpg,0,0,1,1,0,Paved,Year Round,875 S Lincoln #4 D,1852,350000
111861,10/1/2025,350000,0,2021,0.03,3,2,1,Attach,Residential,Blackstone Townhomes,B-2024-0002-0003,2,http://cdn.photos.sparkplatform.com/icb/20250630214605521403000000.jpg,0,0,1,1,0,Paved,Year Round,876 S Lincoln #3 C,1852,350000
111864,10/1/2025,350000,0,2021,0.03,3,2,1,Attach,Residential,Blackstone Townhomes,B-2024-0002-0004,2,http://cdn.photos.sparkplatform.com/icb/20250630214335388870000000.jpg,0,0,1,1,0,Paved,Year Round,876 S Lincoln #4 D,1852,350000
111866,9/3/2025,550000,1890,1972,0.38,3,3,1,Attach,R-1,WH Leigh,B-1113-0008-0008,4,http://cdn.photos.sparkplatform.com/icb/20250618140527480100000000.jpg,0.75,2,1,1,25000,Paved,,42 S Juniper Drive,2058,525000
111880,7/18/2025,250000,1007,1974,0.37,4,2,0,Attach,R-2,Not Applicable,A-0430-0004-0000,1,http://cdn.photos.sparkplatform.com/icb/20250617224456576855000000.jpg,0.5,0,1,1,0,Paved,,549 W 200 North,1007,250000
111881,10/30/2025,690000,0,2006,1.06,5,4,1,Attach,Residential,Valley Heights Est,A-2055-0012-0000,2,http://cdn.photos.sparkplatform.com/icb/20250618174723173646000000.jpg,0,1,1,1,0,Paved,,485 S 1150 W,3735,690000
111888,11/19/2025,430000,914,1952,0.48,4,3,0,Attach,Mixed Use,Not Applicable,B-0026-0001-0000,2,http://cdn.photos.sparkplatform.com/icb/20250619143135741082000000.jpg,0.8,3,2,1,0,Paved,Year Round,237 N 400 W,2356,430000
111895,7/23/2025,414000,792,2000,0.26,4,2,0,Attach,6,Cove,B-1160-0005-0005,2,http://cdn.photos.sparkplatform.com/icb/20250619153140948709000000.jpg,0.5,0,1,1,7000,Paved,Year Round,142 N Sunnyside Drive,1248,407000
111899,7/31/2025,247900,0,2008,0,2,2,0,Attach,R-3-M,Cedar Crossing,B-1976-0017-0054,2,http://cdn.photos.sparkplatform.com/icb/20250623165910292348000000.jpg,0,0,1,1,11411,Paved,Year Round,1177 N Northfield #54 Road,1307,236489
111900,7/21/2025,404500,700,1939,0.19,5,2,0,None,Commercial,Not Applicable,B-1091-0001-0000,0,http://cdn.photos.sparkplatform.com/icb/20250619163328845423000000.jpg,1,1,1,1,0,Paved,,97 W 400 S,1046,404500
111901,10/14/2025,269900,0,1998,9.51,3,2,0,Detach,Residential,Escalante Valley,E-1567-0023-0000,2,http://cdn.photos.sparkplatform.com/icb/20250619190918477864000000.jpg,0,0,1,1,10000,,Year Round,1926 W 6000 N,1201,259900
111911,7/25/2025,799000,0,2025,0.29,3,2,1,Attach,R1,Saddleback Ridge,B-2012-0932-0000,2,http://cdn.photos.sparkplatform.com/icb/20250620150108596308000000.jpg,0,1,1,1,0,Paved,Year Round,1798 S Hidden Canyon Road,2625,799000
111916,11/21/2025,655000,0,2025,0.27,4,2,1,Attach,R1,Saddleback Ridge,B-2012-0212-0000,3,http://cdn.photos.sparkplatform.com/icb/20250825172744628548000000.jpg,0,1,1,1,0,Paved,Year Round,1918 S Oak Springs Circle,2450,655000
111923,8/1/2025,706000,1850,2003,0.22,6,4,0,Attach,R1,Legacy Park Sub,B-1718-0004-0000,3,http://cdn.photos.sparkplatform.com/icb/20250620185243239633000000.jpg,1,1,1,1,6000,Paved,Year Round,622 S 2200 W,2350,700000
111927,9/12/2025,265000,287,1938,0.21,3,1,0,None,R-3,Cedar City,B-0924-0000-0000,0,http://cdn.photos.sparkplatform.com/icb/20250620215037213550000000.jpg,0.3,0,1,1,7800,Paved,Year Round,347 W 300 N,907,257200
111931,11/3/2025,235000,0,1980,0,1,1,0,None,Res,Brianwood Condo,A-1153-0030-0000,0,http://cdn.photos.sparkplatform.com/icb/20250621002546899032000000.jpg,0,1,1,1,500,Paved,,385 S Vasels (fka Brian Head Blvd) #30,675,234500
111932,8/25/2025,515000,0,2025,0.35,4,2,0,Attach,Res,Maple Spring Estates,A-2058-0001-0000,2,http://cdn.photos.sparkplatform.com/icb/20250628143645223130000000.jpg,0,1,1,1,0,Paved,,270 S 1075 W,1874,515000
111934,10/3/2025,383000,1056,1997,9.5,4,2,1,None,R-5 Acres,Escalante Valley,E-1567-0008-0000,0,http://cdn.photos.sparkplatform.com/icb/20250620225542346358000000.jpg,0.5,0,1,1,11100,,Year Round,1977 W 6000 N,1756,371900
111938,8/22/2025,299000,0,1999,0.43,3,2,0,Carpor,Res,Trails West,A-0906-0026-0000,2,http://cdn.photos.sparkplatform.com/icb/20250623173215495312000000.jpg,0,0,1,1,13000,Paved,,4544 N Oregon Trail,1101,286000
111955,7/25/2025,475000,2076,1994,0.26,4,3,1,Attach,R,Cove Canyon,B-1388-0002-0006,2,http://cdn.photos.sparkplatform.com/icb/20250624041918394651000000.jpg,0.5,1,1,1,0,Paved,Year Round,2236 W 30 N,2001,475000
111956,11/21/2025,638175,696,1975,0.99,3,2,1,Detach,Res,Ski View Estates,C-1115-0005-001A,2,http://cdn.photos.sparkplatform.com/icb/20250623193022971644000000.jpg,1,1,1,1,0,Unimproved,Year Round,894 N Aspen Drive,1523,638175
111959,8/29/2025,495000,1389,2025,0.2,3,2,0,Attach,R-2-1,Crescent Hills,B-2017-0036-0000,3,http://cdn.photos.sparkplatform.com/icb/20250822181532432624000000.jpg,0,0,1,1,3500,Paved,,91 N Sterling Dr (Lot 36 Phs 4 Crescent Hills),1528,491500
111963,8/22/2025,404000,0,1996,0.31,3,2,1,Attach,Res,Not Applicable,A-0639-0056-0000,2,http://cdn.photos.sparkplatform.com/icb/20250624170104212154000000.jpg,0,1,1,1,10000,Paved,,36 S 750 E,1920,394000
111967,10/30/2025,620000,0,2025,0.3,4,2,1,Attach,Res,Saddleback Ridge,B-2012-0208-0000,4,http://cdn.photos.sparkplatform.com/icb/20250624213600213464000000.jpg,0,1,1,1,0,,Year Round,1947 S Oak Springs Circle,2400,620000
111969,10/24/2025,325000,500,1972,0.18,3,2,0,Attach,R-1,Northwood,B-0005-0001-0011,2,http://cdn.photos.sparkplatform.com/icb/20250623234353284172000000.jpg,1,1,1,1,0,Paved,,364 N 1500 W,1002,325000
111970,8/28/2025,685000,0,2005,20.04,3,2,0,None,A-20,Not Applicable,E-4513-0004-0000,0,http://cdn.photos.sparkplatform.com/icb/20250624205730523494000000.jpg,0,1,1,1,15000,,Year Round,12559 W 1025 S,1826,670000
111977,9/30/2025,643900,0,2025,0.27,3,2,1,Attach,R1,The Canyon at Eagle Ridge,B-2039-0004-0000,3,http://cdn.photos.sparkplatform.com/icb/20250620154423609701000000.jpg,0,1,1,1,0,Paved,Seasonal,2345 S Canyon Circle,2100,643900
111987,9/9/2025,385000,0,1989,0.48,4,4,0,None,R,Mid Valley Estates,D-0518-0042-0000,0,http://cdn.photos.sparkplatform.com/icb/20250625162045987650000000.jpg,0,1,1,1,6000,Paved,Year Round,5172 N 3100 W,2824,379000
111989,8/8/2025,415000,0,2020,0.27,3,2,0,Attach,Residential,Old Sorrel Ranch,B-1857-0027-0007,2,http://cdn.photos.sparkplatform.com/icb/20250626162223363524000000.jpg,0,1,1,1,5500,Paved,Year Round,333 S Cedar Creek Drive S,1609,409500
111991,8/6/2025,360000,0,2014,0.18,3,2,0,Attach,R1,Gemini Meadows,B-1870-0116-0000,2,http://cdn.photos.sparkplatform.com/icb/20250626182455955153000000.jpg,0,0,1,1,0,Paved,,2721 N Mountain Valley Trail,1250,360000
111998,8/29/2025,642500,0,2025,0.26,4,2,1,Attach,R,Iron West,B-2020-0084-0000,3,http://cdn.photos.sparkplatform.com/icb/20250626194555142735000000.jpg,0,1,1,1,2600,Paved,,4341 W 200 N Circle,2238,639900
111999,10/27/2025,235000,0,2004,0.02,3,2,1,Carpor,R3,Countryside Terrace,B-1742-0047-0000,1,http://cdn.photos.sparkplatform.com/icb/20250626184746979680000000.jpg,0,0,1,1,0,Paved,,1148 N Northfield #47 Road,1365,235000
112004,11/14/2025,850000,0,2025,0.51,6,4,0,Attach,Residential,Painted Desert,D-0535-0014-0000,3,http://cdn.photos.sparkplatform.com/icb/20251024024433620062000000.jpg,0,1,2,2,0,Paved,Year Round,5166 N 2570 W,3518,850000
112483,9/26/2025,334000,0,2023,0.04,3,2,1,Attach,Mu,Townhomes at Cross Hollow,B-2018-0033-0000,2,http://cdn.photos.sparkplatform.com/icb/20250729150844643542000000.jpg,0,1,1,1,10000,Paved,,2875 W Cody #33 Drive,1810,324000
112009,8/15/2025,335000,0,2002,0.52,4,2,0,Carpor,R-1,Garden Park Estates,A-0876-0000-000Q-17,1,http://cdn.photos.sparkplatform.com/icb/20250627171801243770000000.jpg,0,1,1,1,0,Paved,Year Round,4423 N Maple Lane,2248,335000
112019,8/26/2025,334990,632,2025,0.03,4,2,1,Attach,Residential,Old Sorrel Ranch,B-1857-1176-0000,2,http://cdn.photos.sparkplatform.com/icb/20250628200539348963000000.jpg,0.8,0,1,1,4000,,Year Round,590 S Rockwell 1176 Lane,1616,330990
112020,8/26/2025,324990,632,2025,0.03,3,2,1,Attach,Residential,Old Sorrel Ranch,B-1857-1175-0000,2,http://cdn.photos.sparkplatform.com/icb/20250628204139756392000000.jpg,0.8,0,1,1,0,,Year Round,588 S Rockwell 1175 Lane,1573,324990
112021,11/21/2025,620000,1885,2002,0.26,6,3,0,Attach,Res,Legacy Park Sub,B-1718-0012-0000,3,http://cdn.photos.sparkplatform.com/icb/20250628185624531868000000.jpg,1,2,1,1,50,Paved,,2258 W 700 S,1885,619950
112023,8/21/2025,334990,632,2025,0.03,3,2,1,Attach,Residential,Old Sorrel Ranch,B-1857-1174-0000,2,http://cdn.photos.sparkplatform.com/icb/20250628211511960460000000.jpg,0.8,0,1,1,8000,Paved,Year Round,584 S Rockwell #1174 Lane,1573,326990
112031,9/19/2025,415000,621,1977,0.27,3,2,0,Attach,R-1,Cove,B-1153-0004-0007,2,http://cdn.photos.sparkplatform.com/icb/20250630160056280271000000.jpg,0.5,1,1,1,10500,Paved,Year Round,2262 W Skyview Drive,1804,404500
112033,7/31/2025,276000,643,2005,0.09,4,3,1,Attach,R-3-M,Terraces@Black Rock,B-1778-0001-0001,1,http://cdn.photos.sparkplatform.com/icb/20250630164527228582000000.jpg,1,0,1,1,7000,Paved,,314 N Beacon Drive,1321,269000
112048,7/18/2025,116000,0,1960,0.67,2,1,0,None,R,Rainbow Meadows,C-0638-0002-0000,0,http://cdn.photos.sparkplatform.com/icb/20250701065057880695000000.jpg,0,1,1,1,0,,Seasonal,2074 S A Street,800,116000
112072,10/30/2025,460000,0,2025,0.16,5,3,1,Attach,R2-2,Pointe West,B-2033-0024-0000,2,http://cdn.photos.sparkplatform.com/icb/20250905173903361389000000.jpg,0,0,1,1,0,Paved,Year Round,1158 N Yucca St,2803,460000
112078,10/24/2025,475000,0,2013,0.41,3,2,1,Attach,Residential,Flying L Ranch,D-0759-0006-0026,1,http://cdn.photos.sparkplatform.com/icb/20250702203803465911000000.jpg,0,1,1,1,0,Paved,Year Round,2284 W 2350 N,2120,475000
112085,11/4/2025,450000,914,2002,0.22,4,3,1,Attach,Residential,North Field Addition,B-1615-0013-0000,2,http://cdn.photos.sparkplatform.com/icb/20250715185355391128000000.jpg,1,1,1,1,4000,Paved,Year Round,2566 N 475 W,1828,446000
112086,10/30/2025,517000,1750,1999,1.01,4,2,0,Attach,R,Flying L Ranch,D-1193-000A-0001,2,http://cdn.photos.sparkplatform.com/icb/20250703153631487128000000.jpg,1,1,1,1,0,Paved,Year Round,2270 W 2650 N,1950,517000
112087,10/28/2025,429900,0,2025,0.2,3,2,0,Attach,R-1,The Parks Deer Hollo,D-1224-0007-0000,2,http://cdn.photos.sparkplatform.com/icb/20250818173005292062000000.jpg,0,1,1,1,0,Paved,,1966 W 4750 N,1890,429900
112089,7/2/2025,552880,1208,2025,0.28,5,3,0,Attach,Residential,Black Sage,B-1877-0227-0000,2,http://cdn.photos.sparkplatform.com/icb/20250703175437014134000000.jpg,0.15,0,1,1,10743,Paved,Year Round,2686 W Black Sage Drive,2400,542137
112100,9/3/2025,369900,405,2025,0.02,4,3,1,Attach,R3-M,Fiddlers Cove PUD,B-2041-0006-000A,2,http://cdn.photos.sparkplatform.com/icb/20250703220054169858000000.jpg,1,0,1,1,10800,Paved,Year Round,665 E 2015 #6A N,1867,359100
112101,9/24/2025,348900,405,2025,0.02,4,3,1,Attach,R3-M,Fiddlers Cove PUD,B-2041-0006-000B,2,http://cdn.photos.sparkplatform.com/icb/20250703220956950070000000.jpg,1,0,1,1,0,Paved,Year Round,665 E 2015 #6B N,1867,348900
112102,8/7/2025,612500,0,2024,0.25,3,2,0,Attach,R-2-1,The Canyon at Eagle Ridge,B-2039-0011-0000,2,http://cdn.photos.sparkplatform.com/icb/20250703171036200935000000.jpg,0,1,1,1,0,Paved,Year Round,3127 W 2350 S,1810,612500
112105,7/30/2025,320000,0,1996,0.14,2,2,0,Attach,Res,Aspen Cove,A-0026-0001-0004,2,http://cdn.photos.sparkplatform.com/icb/20250703200720385791000000.jpg,0,0,1,1,10000,Paved,Year Round,634 W 60 N,1060,310000
112107,10/17/2025,249000,0,1998,2.62,1,1,0,None,Res,Green Meadow Acres,C-1135-0004-0022-011,0,http://cdn.photos.sparkplatform.com/icb/20250704012221848292000000.jpg,1,1,1,1,750,,Seasonal,786 N 800 W,570,248250
112484,9/26/2025,324990,0,2025,0.11,3,2,0,Attach,Residential,Pointe West,B-2033-0037-000W,2,http://cdn.photos.sparkplatform.com/icb/20250731201016411590000000.jpg,0,0,1,1,0,Paved,Year Round,3301 W Indigo 1084 Street,1363,324990
112117,9/19/2025,395000,0,2005,0.21,4,2,0,Attach,R-1,Cedar Meadows,B-1803-0016-0000,2,http://cdn.photos.sparkplatform.com/icb/20250706174301609932000000.jpg,0,0,1,1,11500,Paved,,141 N 4200 W,1651,383500
112118,9/2/2025,665000,935,2014,0.47,2,2,0,None,Residential,Mountair Evergreen E,A-1138-0055-0000,0,http://cdn.photos.sparkplatform.com/icb/20250706190506889905000000.jpg,0.25,1,1,1,0,,Year Round,556 N Half Circle Drive,1401,665000
112123,9/18/2025,222000,624,1979,0.13,2,1,1,Carpor,Residential,Bramblewood,B-1161-0001-0012,1,http://cdn.photos.sparkplatform.com/icb/20250728210237513436000000.jpg,1,0,1,1,7000,Paved,Year Round,422 N Cedar Boulevard,624,215000
112140,8/19/2025,438000,0,2025,0.26,3,2,0,Attach,R-1-11,Settlers Square,A-0990-0042-0000,3,http://cdn.photos.sparkplatform.com/icb/20250702153737860102000000.jpg,0,1,1,1,0,Paved,,1130 E 4240 (Lot 42 Phs 4 Settlers Square) N,1541,438000
112147,9/19/2025,424900,0,2026,0.31,3,2,1,Attach,R1,Valley Gate Estates,A-0798-0027-0000,3,http://cdn.photos.sparkplatform.com/icb/20250708192852726824000000.jpg,0,0,1,1,0,Paved,Year Round,829 E Remington lot 27 Road,1576,424900
112157,8/12/2025,261000,0,2007,0.02,3,2,1,None,R,Cedar Park,B-1891-0024-0000,0,http://cdn.photos.sparkplatform.com/icb/20250703211230571365000000.jpg,0,0,1,1,0,,Year Round,370 W 1425 #24 N,1365,261000
112161,9/25/2025,424900,0,2026,0.3,3,2,1,Attach,R1,Valley Gate Estates,A-0798-0029-0000,3,http://cdn.photos.sparkplatform.com/icb/20250709184738693802000000.jpg,0,0,1,1,0,Paved,Year Round,5018 N Remington lot 29 Road,1576,424900
112164,9/4/2025,395000,0,2021,0.12,3,2,0,Attach,R-1,Crescent Heights,B-1895-0037-0000,2,http://cdn.photos.sparkplatform.com/icb/20250707211841544954000000.jpg,0,1,1,1,0,Paved,Year Round,773 S Eastgate Drive,1419,395000
112170,11/12/2025,730000,0,2025,5,4,2,1,Attach,R2,Cedar City,D-0502-0004-0000,3,http://cdn.photos.sparkplatform.com/icb/20250709182603118063000000.jpg,0,0,1,1,0,,Year Round,2427 W 5500 N,2428,730000
112173,9/11/2025,528315,1939,2025,0.29,3,2,0,Attach,Residential,Old Sorrel Ranch,B-1857-0027-0127,3,http://cdn.photos.sparkplatform.com/icb/20250802204303503062000000.jpg,0,0,1,1,0,,Year Round,571 S Cedar Creek Drive 127,1792,528315
112193,8/20/2025,315000,0,2025,0.11,3,2,0,Attach,Residential,Sage Springs,B-2038-0008-000E,1,http://cdn.photos.sparkplatform.com/icb/20250710192537234917000000.jpg,0,0,1,1,10000,Paved,Year Round,582 W 2360 N,1154,305000
112194,9/30/2025,303000,0,2022,0.03,3,2,1,Attach,R3,Shadow Cove,B-2021-0035-0000,2,http://cdn.photos.sparkplatform.com/icb/20250710172104846729000000.jpg,0,1,1,1,3030,Paved,Year Round,668 E Fiddlers Cove #35 Drive,1711,299970
112195,9/15/2025,650000,445,1978,1.32,2,2,1,Attach,Residential,Cedar Breaks Mtn,A-1210-0055-0000,2,http://cdn.photos.sparkplatform.com/icb/20250812141039300310000000.jpg,1,2,1,1,12000,Paved,,444 E Steam Engine Drive,1770,638000
112200,11/3/2025,691372,1894,2025,0.3,7,4,0,Attach,R-2-1,Black Sage,B-1877-0110-0000,3,http://cdn.photos.sparkplatform.com/icb/20251104165527978160000000.jpg,1,0,2,2,15000,Paved,Year Round,2062 S Serenity Drive,1885,676372
112202,8/21/2025,400000,1134,1966,0.22,3,2,1,Carpor,Residential,Not Applicable,B-1111-0001-0003,2,http://cdn.photos.sparkplatform.com/icb/20250710204523976530000000.jpg,1,1,1,1,10000,Paved,Year Round,694 S 300 E,1134,390000
112213,9/26/2025,916500,572,2006,0.33,4,3,0,Attach,Residential,Not Applicable,A-1150-0005-0009,2,http://cdn.photos.sparkplatform.com/icb/20250711000013805594000000.jpg,1,1,1,1,1500,Paved,,288 W Ridge View Street,1296,915000
112218,8/29/2025,360000,0,1997,0.58,3,2,0,Attach,Res,Mid Valley Estates,D-0518-0081-0000,2.5,http://cdn.photos.sparkplatform.com/icb/20250711174944827636000000.jpg,0,1,1,1,0,Paved,Year Round,5317 N 2700 W,1140,360000
112223,11/10/2025,1005217,0,2025,0.42,5,3,1,Attach,R,Saddleback Ridge,B-2012-0908-0000,3,http://cdn.photos.sparkplatform.com/icb/20250712014558627401000000.jpg,0,1,1,1,0,Paved,Year Round,1827 S Grace Lane,3887,1005217
112227,10/9/2025,868487.5,0,2025,0.36,5,2,1,Attach,R,Saddleback Ridge,B-2012-0910-0000,3,http://cdn.photos.sparkplatform.com/icb/20250712023732019923000000.jpg,0,1,1,1,0,,Year Round,1795 S Grace Lane,3192,868487.5
112239,8/18/2025,458000,1020,1993,0.36,4,3,0,Attach,Residential,FA Thorley,D-0223-0001-0060,2,http://cdn.photos.sparkplatform.com/icb/20250712210134062847000000.jpg,1,1,1,1,0,Paved,Year Round,411 S Ridge Road,1620,458000
112242,7/14/2025,515785,0,2025,0.5,3,2,0,Attach,R,Peak View,D-0565-0003-0000,2,http://cdn.photos.sparkplatform.com/icb/20250714153527040208000000.jpg,0,0,1,1,0,Paved,Year Round,4419 N 2600 W,2101,515785
112248,10/3/2025,355000,0,1967,0.36,3,2,0,Attach,Residential,County Subs,D-0121-0003-0000,2,http://cdn.photos.sparkplatform.com/icb/20250714185019800916000000.jpg,0,1,1,1,5000,Paved,,95 E 100 S,1720,350000
112253,9/26/2025,276174,0,2022,0.03,3,2,1,Attach,Residential,Cedar Bend,B-1958-0019-000D,2,http://cdn.photos.sparkplatform.com/icb/20250714230915310506000000.jpg,0,0,1,1,0,,Year Round,3059 N 175 E,1420,276174
112254,10/23/2025,335000,0,1994,0.5,3,2,0,Carpor,R1/2,Mid Valley Estates,D-0518-0043-0001-02,1,http://cdn.photos.sparkplatform.com/icb/20250715230214262449000000.jpg,0,0,1,1,0,Paved,,5243 N 2900 W,1404,335000
112259,10/2/2025,299000,0,2018,0.04,3,2,1,Attach,Res,Stone Gate,B-1898-0030-0000,2,http://cdn.photos.sparkplatform.com/icb/20250715011943799178000000.jpg,0,0,1,1,4558,Paved,Year Round,173 E Fiddlers Canyon #30 Road,1538,294442
112264,11/13/2025,579000,0,2025,0.34,3,2,1,Attach,R-1,Saddleback Ridge,B-2012-0409-0000,3,http://cdn.photos.sparkplatform.com/icb/20250715160703132581000000.jpg,0,1,1,1,0,Paved,Year Round,2787 W Rock Ridge Road,1922,579000
112485,9/26/2025,303000,0,2025,0.03,3,2,1,Attach,R3,Cedar Reserve,B-2047-0032-0000,2,http://cdn.photos.sparkplatform.com/icb/20250731210132021456000000.jpg,0,0,1,1,0,Paved,Year Round,3143 W 1625 #32 N,1650,303000
112274,9/15/2025,399245,0,2025,0.18,3,2,0,Attach,Res,Red Hills,A-0007-0017-0010,2,http://cdn.photos.sparkplatform.com/icb/20250716125132396191000000.jpg,0,1,1,1,0,Paved,Year Round,57 S 500 E,1657,399245
112277,9/24/2025,940000,2187,2025,0.39,5,3,1,Attach,R1,Saddleback Ridge,B-2012-0301-0000,3,http://cdn.photos.sparkplatform.com/icb/20250715210031843771000000.jpg,0.65,1,1,1,0,Paved,Year Round,2817 W Oak Springs Road,2330,940000
112279,8/27/2025,329900,0,2005,0.13,3,2,0,Attach,Cc,Southern View,B-1791-0030-0001,2,http://cdn.photos.sparkplatform.com/icb/20250716160519327747000000.jpg,0,0,1,1,0,Paved,Year Round,1413 S Southern View Drive,1290,329900
112281,7/15/2025,626010.51,0,2025,0.26,3,2,0,Attach,R,Saddleback Ridge,B-2012-0213-0000,3,http://cdn.photos.sparkplatform.com/icb/20250716180313603374000000.jpg,0,1,1,1,0,Paved,Year Round,1932 S Oak Springs Circle,2010,626010.51
112284,10/2/2025,470000,0,2025,0.25,4,2,1,Attach,R,Old Sorrel Ranch,B-1857-0027-0084,3,http://cdn.photos.sparkplatform.com/icb/20250716204416137554000000.jpg,0,0,1,1,0,Paved,Year Round,3638 W Bladen Street,1812,470000
112289,10/2/2025,334900,0,2017,0.08,3,2,1,Attach,R2-2,Sage Springs,B-1942-0004-000E,2,http://cdn.photos.sparkplatform.com/icb/20250716161730287179000000.jpg,0,0,1,1,4000,Paved,,479 W 2150 N,1715,330900
112388,9/24/2025,119000,0,1983,0,0,1,0,Bsmt,R3,Copper Chase Condos,A-1178-0132-0000,1,http://cdn.photos.sparkplatform.com/icb/20250722225544511557000000.jpg,0,0,1,1,0,Paved,Year Round,150 W Ridge View #132,464,119000
112396,9/22/2025,170000,0,2007,0.02,3,2,1,Carpor,Residential,Trailside,B-1960-0004-000B,1,http://cdn.photos.sparkplatform.com/icb/20250724004715668915000000.jpg,0,0,1,1,0,Paved,,920 S 25 #4b E,1258,170000
112399,8/29/2025,610000,380,1920,6.16,4,2,0,None,R-5,Not Applicable,D-0636-0024-0001,0,http://cdn.photos.sparkplatform.com/icb/20250724172308428190000000.jpg,1,2,1,1,0,,Year Round,3290 N Meadow Lark Lane,2122,610000
112400,8/28/2025,329990,0,2025,0.13,3,2,0,Attach,Residential,Pointe West,B-2033-0031-000S,2,http://cdn.photos.sparkplatform.com/icb/20250724193331753462000000.jpg,0,0,1,1,0,Paved,Year Round,1162 N Sage 1082 N Street,1363,329990
112401,9/9/2025,332990,0,2025,0.13,3,2,0,Attach,Residential,Pointe West,B-2033-0026-000N,2,http://cdn.photos.sparkplatform.com/icb/20250724202712862553000000.jpg,0,0,1,1,0,,Year Round,3311 W Pointe West 1083 Way,1363,332990
112441,9/18/2025,325000,0,2019,0.03,3,2,1,Attach,Residential,Sycamore Trail,B-1848-0003-0024,2,http://cdn.photos.sparkplatform.com/icb/20250728152039971954000000.jpg,0,1,1,1,0,Paved,,3060 W 1725 #24 N,1672,325000
112444,8/26/2025,384300,0,2020,0.41,3,2,0,Attach,R-1,Iron Mountain,A-0974-0044-0000,2,http://cdn.photos.sparkplatform.com/icb/20250728181129084220000000.jpg,0,0,1,1,0,Paved,Year Round,4234 N Prospector Lane,1435,384300
112445,11/7/2025,550000,0,2018,5.01,3,2,0,Attach,R-5,Golden West,E-0231-0015-0000,2,http://cdn.photos.sparkplatform.com/icb/20250729153437536415000000.jpg,0,1,1,1,0,Paved,Year Round,7945 W 1800 S,1533,550000
112448,9/25/2025,320000,0,2017,0.1,3,2,1,Attach,R2,Gemini Meadows,B-1870-0047-000N,2,http://cdn.photos.sparkplatform.com/icb/20250729144134555197000000.jpg,0,0,1,1,0,Paved,Year Round,2834 N Clark Parkway,1577,320000
112449,9/26/2025,300000,0,1995,0.5,2,2,0,None,Residential,Mid Valley Estates,D-0518-0013-0000,0,http://cdn.photos.sparkplatform.com/icb/20250729053206001362000000.jpg,0,0,1,1,9000,Paved,,5066 N 2900 W,1152,291000
112460,10/6/2025,397000,0,2025,0.16,3,2,0,Attach,R-2-1,Pointe West,B-2033-0021-0000,2,http://cdn.photos.sparkplatform.com/icb/20250909172603848595000000.jpg,0,0,1,1,0,Paved,,1126 N Yucca (3325 W) Street,1583,397000
112463,9/5/2025,337000,0,1994,0.16,3,2,0,Attach,R1,Rocking Horse,B-1379-0050-0000,2,http://cdn.photos.sparkplatform.com/icb/20250729233158990467000000.jpg,0,1,1,1,1536,Paved,Year Round,747 W 1350 S,1382,335464
112466,9/5/2025,300000,1059,1934,0.3,4,3,0,None,R-3-M,Not Applicable,B-0320-0000-0000,0,http://cdn.photos.sparkplatform.com/icb/20250729232940631465000000.jpg,0.75,0,2,1,0,Paved,Year Round,285 S 100 E,1974,300000
112469,10/10/2025,485000,0,1997,2.48,3,2,0,Attach,Res,Meadows Ranch East,E-0209-0001-0003-06,2,http://cdn.photos.sparkplatform.com/icb/20250729223304039983000000.jpg,0,1,1,1,0,,Year Round,5337 W 1275 S,1357,485000
112479,9/9/2025,334990,632,2025,0.03,3,2,1,Attach,Residential,Old Sorrel Ranch,B-1857-1179-0000,2,http://cdn.photos.sparkplatform.com/icb/20250730234310473117000000.jpg,1,0,1,1,4000,Paved,Year Round,602 S Rockwell 1179 Lane,1573,330990
112497,9/30/2025,329000,0,2006,0.12,3,2,0,Attach,R,Southern View,B-1791-0037-0001,2,http://cdn.photos.sparkplatform.com/icb/20250802164849389278000000.jpg,0,0,1,1,9000,Paved,,1438 S Northern View Dr Drive,1290,320000
112500,9/29/2025,324990,632,2025,0.03,3,2,1,Attach,Residential,Old Sorrel Ranch,B-1857-1178-0000,2,http://cdn.photos.sparkplatform.com/icb/20250801192643418929000000.jpg,0.8,0,1,1,4000,Paved,Year Round,598 S Rockwell #1178 Lane,1573,320990
112501,9/9/2025,334990,632,2025,0.03,4,2,1,Attach,Residential,Old Sorrel Ranch,B-1857-1177-0000,2,http://cdn.photos.sparkplatform.com/icb/20250801193706491545000000.jpg,0.8,0,1,1,0,Paved,Year Round,594 S Rockwell #1177 Lane,1616,334990
112507,10/10/2025,585000,0,2025,0.33,4,2,0,Attach,Residential,Iron Crest,B-2028-0002-0000,3,http://cdn.photos.sparkplatform.com/icb/20250825184732398473000000.jpg,0,1,1,1,0,Paved,,3880 W 925 N,2136,585000
112524,10/15/2025,334000,0,2006,1.01,3,2,0,None,Residential,Rainbow Meadows,E-0258-0015-0000,0,http://cdn.photos.sparkplatform.com/icb/20250804194303306820000000.jpg,0,1,1,1,10000,Paved,Year Round,5222 W 3600 S,1188,324000
112526,9/19/2025,279900,624,1979,0.1,2,1,1,Carpor,R-2,Bramblewood,B-1161-0003-0006-01,1,http://cdn.photos.sparkplatform.com/icb/20250805162236653940000000.jpg,1,0,1,1,10000,Paved,Year Round,384 W Bramblewood Drive,624,269900
112537,10/30/2025,775000,0,2025,0.3,5,3,1,Attach,R-1,Saddleback Ridge,B-2012-0410-0000,5,http://cdn.photos.sparkplatform.com/icb/20250905171302612433000000.jpg,0,1,1,1,0,Paved,Year Round,2773 W Rock Ridge Road,2941,775000
112552,9/26/2025,370000,0,1996,1.24,3,2,0,None,R,Spring Creek,D-1188-000B-0008,0,http://cdn.photos.sparkplatform.com/icb/20250806232247325814000000.jpg,0,0,1,1,11000,Paved,Year Round,1502 S 4200 W,1560,359000
112554,9/26/2025,324990,0,2025,0.13,3,2,0,Attach,Residential,Pointe West,B-2033-0038-000E,2,http://cdn.photos.sparkplatform.com/icb/20250806232527890369000000.jpg,0,0,1,1,0,Paved,Year Round,3293 W Indigo 1085 N Street,1363,324990
112556,10/20/2025,325000,0,1863,0.39,3,2,0,None,Residential,Not Applicable,A-0150-0000-0000,0,http://cdn.photos.sparkplatform.com/icb/20250806215338390331000000.jpg,0,3,1,1,7000,,Year Round,49 N Main,1645,318000
112566,10/13/2025,525000,1643,2025,0.2,3,2,0,Attach,R-2-1,Crescent Hills,B-2017-0033-0000,2,http://cdn.photos.sparkplatform.com/icb/20251014203939897676000000.jpg,0,1,1,1,7500,Paved,,141 N Sterling Dr (Lot 33 Phs 4 Crescent Hills),1811,517500
112570,9/10/2025,330000,1372,1972,0.21,5,3,0,Attach,R,Westwood,B-0006-0029-0012,1,http://cdn.photos.sparkplatform.com/icb/20250807204846543089000000.jpg,0.9,1,1,1,0,Paved,Year Round,282 N 1500 W,1372,330000
112571,9/30/2025,405000,0,2025,0.11,4,2,1,Attach,R-2,Old Farm,B-2049-0010-000W,2,http://cdn.photos.sparkplatform.com/icb/20250807221326014437000000.jpg,0,0,1,1,0,Paved,,138 W 2725 N,1600,405000
112572,9/30/2025,405000,0,2025,0.11,4,2,1,Attach,R-2,Old Farm,B-2049-0010-000E,2,http://cdn.photos.sparkplatform.com/icb/20250807221950823304000000.jpg,0,0,1,1,0,Paved,,132 W 2725 N,1600,405000
112573,11/7/2025,980000,0,2025,1.01,4,2,1,Attach,R-1,4 B Ranch,B-2044-0015-0000,3,http://cdn.photos.sparkplatform.com/icb/20250807224847867014000000.jpg,0,2,1,1,10000,Paved,Year Round,"1878 S 4450 Lot 15, 4B Ranch W",2566,970000
112576,11/4/2025,800000,1972,2005,1.04,4,2,1,Attach,Res,Ski View Estates,C-1115-0006-0034,1,http://cdn.photos.sparkplatform.com/icb/20250808042138276586000000.jpg,1,2,1,1,0,,Year Round,1231 N Aspen Drive,1661,800000
112587,9/12/2025,296500,0,2019,0.04,3,2,1,Attach,R,Cedar Edge,B-1386-0016-0000,2,http://cdn.photos.sparkplatform.com/icb/20250808153725411516000000.jpg,0,1,1,1,6000,Paved,Year Round,1577 S 1450 W #C,1620,290500
112591,10/3/2025,315000,0,2022,0.03,4,2,1,Attach,R-2,Northfield,B-1577-049A-0000,2,http://cdn.photos.sparkplatform.com/icb/20250808203923929744000000.jpg,0,0,1,1,0,Paved,,280 W 2050 N Street,1631,315000
112594,10/4/2025,270800,0,2025,0.02,2,2,1,Attach,R3,Cedar Reserve,B-2047-0002-0000,1,http://cdn.photos.sparkplatform.com/icb/20250809183849540415000000.jpg,0,0,1,1,4000,Paved,Year Round,3120 W 1625 #2 N,1284,266800
112597,10/8/2025,324990,632,2025,0.03,4,2,0,Attach,Residential,Old Sorrel Ranch,B-1857-1160-0000,2,http://cdn.photos.sparkplatform.com/icb/20250809230412693277000000.jpg,0.8,0,1,1,4000,,Year Round,2960 W LaGrand 1160 Street,1616,320990
112598,10/17/2025,326265,632,2025,0.03,3,2,1,Attach,Residential,Old Sorrel Ranch,B-1857-1158-0000,2,http://cdn.photos.sparkplatform.com/icb/20250809232927866083000000.jpg,0.8,0,1,1,5000,Paved,Year Round,2954 W LaGrand #1158 Street,1573,321265
112599,11/18/2025,309990,632,2025,0.03,3,2,1,Attach,Residential,Old Sorrel Ranch,B-1857-1159-0000,2,http://cdn.photos.sparkplatform.com/icb/20250809232959831786000000.jpg,0.8,0,1,1,9000,,Year Round,2958 W LaGrand 1159 Street,1573,300990
112609,11/14/2025,402400,1019,2025,0.11,4,2,1,Attach,R2-2,Liberty Cove at Jefferson,B-2026-009B-0000,2,http://cdn.photos.sparkplatform.com/icb/20250811195727457281000000.jpg,1,0,1,1,0,Paved,Year Round,722 S Liberty Cove Drive,1147,402400
112615,11/21/2025,325000,0,1993,0.19,3,2,0,Detach,R-2-2,Pinewood Estates,B-1157-0001-0003,4,http://cdn.photos.sparkplatform.com/icb/20250830170731056991000000.jpg,0,1,2,1,550,Paved,Year Round,437 Bristlecone Drive,1452,324450
112622,9/18/2025,395000,0,2025,0.41,3,2,0,Attach,Residential,Village Green,A-0916-0002-001B,2,http://cdn.photos.sparkplatform.com/icb/20250812185516734654000000.jpg,0,0,1,1,5000,,Year Round,4890 N Green Acres Circle,1366,390000
112627,10/21/2025,417000,0,2021,0.3,4,2,1,Attach,R1,The Ridge,A-0917-0132-0000,3,http://cdn.photos.sparkplatform.com/icb/20250812180112336875000000.jpg,0,0,1,1,0,Paved,Year Round,2123 E Mountain View Loop,1921,417000
112636,9/15/2025,167500,0,1984,0,1,1,1,Bsmt,R3/Nightly Rent,Not Applicable,A-1197-000A-0202,1,http://cdn.photos.sparkplatform.com/icb/20250812224026664972000000.jpg,0,0,1,1,0,Paved,Year Round,223 Hunter Ridge #a202,478,167500
112642,11/24/2025,366900,405,2025,0.02,4,3,1,Attach,R3-M,Fiddlers Cove PUD,B-2041-0006-000D,2,http://cdn.photos.sparkplatform.com/icb/20250813202409633429000000.jpg,1,0,1,1,0,Paved,Year Round,665 E 2015 6D N,1867,366900
112645,10/24/2025,401300,0,2025,0.17,3,2,0,Attach,Residential,Hawks Landing,A-0845-0011-0002,2,http://cdn.photos.sparkplatform.com/icb/20250922144416032488000000.jpg,0,0,1,1,5000,Paved,Year Round,3973 N Hawks Landing Loop,1432,396300
112646,10/17/2025,399800,1382,1993,0.25,4,3,0,Attach,Residential,Fiddlers Canyon,B-1340-0004-0012,2,http://cdn.photos.sparkplatform.com/icb/20250814151316957237000000.jpg,1,0,1,1,10000,Paved,,2205 N Bandtail Circle,1382,389800
112657,9/22/2025,421500,0,1994,0.17,4,3,0,Attach,Residential,Rocking Horse,B-1379-0089-0000,2,http://cdn.photos.sparkplatform.com/icb/20250814171811383405000000.jpg,0,1,1,1,0,Paved,Year Round,1349 S 625 W,1905,421500
112660,10/15/2025,750000,1918,2008,0.4,6,3,1,Attach,R-1,Smith,B-1113-0012-0008,4,http://cdn.photos.sparkplatform.com/icb/20250814173625633652000000.jpg,0.15,2,1,1,0,Paved,Year Round,1945 W 150 S,3809,750000
112679,11/6/2025,548000,0,2019,0.36,4,2,0,Attach,Residential,Temple View Heights,B-1990-0003-0000,2,http://cdn.photos.sparkplatform.com/icb/20250815180519838803000000.jpg,0,0,1,1,0,Paved,Year Round,163 S KINGSBURY Drive,2256,548000
112687,9/25/2025,307500,281,1924,0.39,3,1,0,None,R,Not Applicable,A-0442-0001-0000,0,http://cdn.photos.sparkplatform.com/icb/20250818035329701183000000.jpg,1,1,1,1,0,Paved,,24 S 500 W,1123,307500
112696,11/3/2025,365000,400,1949,0.19,4,3,0,Detach,R-2-2,Max N Lunt,B-1118-0014-0000,1,http://cdn.photos.sparkplatform.com/icb/20250818203925506999000000.jpg,0.8,1,1,1,0,Paved,,245 S 800 W,1512,365000
113041,10/20/2025,482900,0,2022,0.28,3,2,0,Attach,R-1-11,Settlers Square,A-0990-0002-0000,2,http://cdn.photos.sparkplatform.com/icb/20250912200319016556000000.jpg,0,1,1,1,0,Paved,,1021 E 4290 N (Lot 2 Phs 4 Settlers Square),1743,482900
113079,11/7/2025,336000,827,1931,0.3,4,2,0,Carpor,Residential,Not Applicable,B-0310-0000-0000,0,http://cdn.photos.sparkplatform.com/icb/20250912221028054996000000.jpg,1,0,1,1,1500,Paved,,270 S 100 E,827,334500
113081,11/7/2025,455000,0,2025,0.26,4,2,0,Attach,R-1-11,Settlers Square,A-0990-0046-0000,2,http://cdn.photos.sparkplatform.com/icb/20250915160821736361000000.jpg,0,0,1,1,5000,Paved,,1068 E 4240 (Lot 46 Phs 4 Settlers Square) N,1800,450000
113096,10/23/2025,615000,0,2022,0.39,4,3,0,Attach,Residemtial,The Canyon at Eagle Ridge,B-2001-0034-0000,3,http://cdn.photos.sparkplatform.com/icb/20250915222242733252000000.jpg,0,1,1,1,0,Paved,Year Round,2988 W 2025 S Circle,2345,615000
112700,9/11/2025,242500,0,2008,0.02,3,2,1,None,R-3-M,Cedar Park,B-1917-0031-0000,0,http://cdn.photos.sparkplatform.com/icb/20250812152442015693000000.jpg,0,0,1,1,0,Paved,,340 W 1425 #106 N,1365,242500
112702,11/4/2025,528950,1546,2025,0.2,3,2,0,Attach,R-2-1,Crescent Hills,B-2017-0032-0000,3,http://cdn.photos.sparkplatform.com/icb/20251104222250116899000000.jpg,0,1,1,1,9950,Paved,,159 N Sterling Dr (Lot 32 Phs 4 Crescent Hills),1698,519000
112706,10/3/2025,440000,0,1995,3.14,3,2,0,None,R - 2 Acres,Spring Creek,E-0209-0002-000C-09,0,http://cdn.photos.sparkplatform.com/icb/20250819200301281490000000.jpg,0,0,1,1,0,Paved,,5061 W 1525 S,1182,440000
112721,9/22/2025,320000,0,2003,0.05,3,2,0,Attach,R-3,Eagle Point Estates,B-1472-00A4-0066,2,http://cdn.photos.sparkplatform.com/icb/20250820145735428205000000.jpg,0,1,1,1,0,Paved,,195 E Fiddlers Canyon #66,1616,320000
112730,9/25/2025,298700,0,2007,0.05,3,2,0,Attach,R3M,Country Meadows,B-1808-0027-0000,2,http://cdn.photos.sparkplatform.com/icb/20250820172302349162000000.jpg,0,1,1,1,7500,Paved,Year Round,1477 N 400 W,1706,291200
112748,10/28/2025,415000,0,2000,0.52,4,2,0,Attach,R1,Garden Park Estates,A-0876-0000-000Q-21,2,http://cdn.photos.sparkplatform.com/icb/20250821151024427172000000.jpg,0,1,1,1,0,Paved,Year Round,4355 N Maple Lane,1650,415000
112774,9/4/2025,304800,0,2025,0.03,3,2,1,Attach,R3,Cedar Reserve,B-2047-0009-0000,2,http://cdn.photos.sparkplatform.com/icb/20250731204125090230000000.jpg,0,0,1,1,9000,Paved,Year Round,3152 W 1625 #9 N,1650,295800
112825,10/27/2025,385500,0,1991,0.28,3,2,0,Attach,R1,Cove Heights,B-1176-0007-0004,2,http://cdn.photos.sparkplatform.com/icb/20250826161503825583000000.jpg,0,1,1,1,7500,Paved,,79 N Cove Drive,1222,378000
112852,10/23/2025,324990,632,2025,0.03,3,2,1,Attach,Residential,Old Sorrel Ranch,B-1857-1163-0000,2,http://cdn.photos.sparkplatform.com/icb/20250828173330667542000000.jpg,0,0,1,1,4000,Paved,Year Round,2974 W Lagrand 1163 Street,1573,320990
112854,10/2/2025,314990,632,2025,0.03,3,2,1,Attach,Residential,Old Sorrel Ranch,B-1857-1162-0000,2,http://cdn.photos.sparkplatform.com/icb/20250828000332984435000000.jpg,0.8,0,1,1,4000,Paved,Year Round,2968 W LaGrand #1162 Street,1573,310990
112855,10/21/2025,324990,632,2025,0.03,4,2,1,Attach,Residential,Old Sorrel Ranch,B-1857-1161-0000,2,http://cdn.photos.sparkplatform.com/icb/20250828182928949691000000.jpg,0.8,0,1,1,4000,Paved,Year Round,2964 W LaGrand #1161 Street,1616,320990
112882,11/10/2025,565000,1624,2012,0.2,6,3,0,Attach,R-1,Hidden Hills Cove,B-1975-0009-0000,3,http://cdn.photos.sparkplatform.com/icb/20250829170551363793000000.jpg,1,1,1,1,0,Paved,,345 S 3450 W,1624,565000
112887,10/7/2025,316000,0,2006,0.12,3,2,0,Attach,Residential,Lamplight,B-1837-0009-000W,2,http://cdn.photos.sparkplatform.com/icb/20250829214205634936000000.jpg,0,1,1,1,0,Paved,,4248 W 275 N,1430,316000
112892,11/6/2025,409000,0,2019,0.15,3,2,0,Attach,Residential,Crescent Heights,B-1895-0019-0001,2,http://cdn.photos.sparkplatform.com/icb/20250902191343880401000000.jpg,0,1,1,1,0,Paved,Year Round,2416 W Clubhouse Loop,1419,409000
112903,10/20/2025,399999,792,2005,0.92,3,3,0,Detach,R,Englestead Estates,D-0300-0033-0000,2,http://cdn.photos.sparkplatform.com/icb/20250902130416797897000000.jpg,1,3,1,1,0,Paved,,4533 S 2275 E,1536,399999
112904,10/24/2025,445000,0,2016,0.25,3,2,0,Attach,R-1,Hunter Glen,B-1868-0010-0000,2,http://cdn.photos.sparkplatform.com/icb/20250902173253790963000000.jpg,0,1,1,1,0,Paved,,1795 N 3475 W,1912,445000
112914,11/4/2025,168500,0,2006,0.01,3,2,1,Carpor,R3M,Trailside,B-1960-0006-000E,1,http://cdn.photos.sparkplatform.com/icb/20250903224044842832000000.jpg,0,0,1,1,5000,Paved,,920 S 25 #6E E,1258,163500
112920,11/10/2025,314900,0,2025,0.03,3,2,1,Attach,R-3,Iron Hawk Townhomes,B-2053-0010-0000,2,http://cdn.photos.sparkplatform.com/icb/20250827212043581528000000.jpg,0,1,1,1,0,Paved,,51 S 4375 #10 W,1716,314900
112921,10/27/2025,319900,0,2025,0.03,3,2,1,Attach,R-3,Iron Hawk Townhomes,B-2053-0011-0000,2,http://cdn.photos.sparkplatform.com/icb/20250827214655553912000000.jpg,0,1,1,1,0,Paved,,51 S 4375 #11 W,1716,319900
112930,10/30/2025,315000,0,2007,0.08,3,2,1,Attach,R-2,Gemini Meadows,B-1870-0018-0000,1,http://cdn.photos.sparkplatform.com/icb/20250903193422750642000000.jpg,0,0,1,1,12600,Paved,,1814 W Clark N Parkway,1611,302400
112935,11/7/2025,710000,0,2006,0,3,3,1,Attach,R-3,Black Diamond,A-1207-0002-006B,1,http://cdn.photos.sparkplatform.com/icb/20250903222236702105000000.jpg,0,1,1,1,5000,Paved,Year Round,565 Vasels #6B Road,1980,705000
112954,10/24/2025,330000,0,1998,0.1,3,2,1,Attach,R-3-M,Meadow Brook,B-1474-0044-0000,2,http://cdn.photos.sparkplatform.com/icb/20250904212558215426000000.jpg,0,1,1,1,10000,Paved,,1365 N 650 W,1747,320000
112970,11/21/2025,422900,0,2023,0.43,3,2,0,Attach,Residential,Western Homestead,A-0840-0006-0014,3,http://cdn.photos.sparkplatform.com/icb/20250905195904550077000000.jpg,0,0,1,1,0,Paved,,4511 Marshal Trail,1593,422900
112988,10/24/2025,205000,0,1977,0,2,2,0,None,R-3-M,Three Fountains,B-1151-0001-0004-116,0,http://cdn.photos.sparkplatform.com/icb/20250908150151972953000000.jpg,0,1,1,1,0,Paved,,936 Three Fountains Dr,1136,205000
112990,10/20/2025,320000,0,1978,0,2,2,0,None,Residential,Aspens Condos,A-1150-0002-0001-110,0,http://cdn.photos.sparkplatform.com/icb/20250908193500988913000000.jpg,0,1,1,1,1500,Paved,Year Round,312 S Highway 143 #5B,1222,318500
112995,11/6/2025,899000,0,2025,0.9,3,2,1,Attach,R1,4 B Ranch,B-2030-0015-0000,3,http://cdn.photos.sparkplatform.com/icb/20250908215216909680000000.jpg,0,1,1,1,10000,Paved,Year Round,4177 W 1800 S,2501,889000
113014,11/13/2025,294000,0,1996,0.19,3,2,0,None,Residential,Highland Park,B-0065-0062-0000,0,http://cdn.photos.sparkplatform.com/icb/20250910144730392839000000.jpg,0,0,1,1,6350,Paved,,285 N Bulloch Place,1213,287650
113022,11/4/2025,375000,0,2000,0.46,5,2,0,None,R1,Garden Park Estates,A-0876-0000-000R-26,0,http://cdn.photos.sparkplatform.com/icb/20250910211240280214000000.jpg,0,1,1,1,0,Paved,Year Round,723 E Rose Lane,2066,375000
113032,11/4/2025,324990,0,2025,0.11,3,2,0,Attach,Residential,Pointe West,B-2033-0038-000W,2,http://cdn.photos.sparkplatform.com/icb/20250911212222752958000000.jpg,0,0,1,1,9000,Paved,Year Round,3277 W Indigo 1087 Street,1363,315990
113035,11/10/2025,324990,632,2025,0.03,3,2,1,Attach,Residential,Old Sorrel Ranch,B-1857-1164-0000,2,http://cdn.photos.sparkplatform.com/icb/20250911230518549155000000.jpg,0.8,0,1,1,0,Paved,Year Round,2988 W LAGRAND 1164 Street,1573,324990
113036,11/18/2025,309990,632,2025,0.03,3,2,1,Attach,Residential,Old Sorrel Ranch,B-1857-1166-0000,2,http://cdn.photos.sparkplatform.com/icb/20250911230846661586000000.jpg,0.8,0,1,1,9000,Paved,Year Round,2992 W LaGrand #1166 Street,1573,300990
113038,11/20/2025,309990,632,2025,0.03,3,2,1,Attach,Residential,Old Sorrel Ranch,B-1857-1165-0000,2,http://cdn.photos.sparkplatform.com/icb/20250911232328194785000000.jpg,0.8,0,1,1,0,Paved,Year Round,2990 W LAGRAND 1165 Street,1573,309990
113113,10/20/2025,309566,0,2025,0.03,3,2,1,Attach,R-3,Iron Hawk Townhomes,B-2053-0006-0000,2,http://cdn.photos.sparkplatform.com/icb/20250916172010672796000000.jpg,0,1,1,1,0,Paved,,51 S 4375 #6 W,1716,309566
113115,10/20/2025,309566,0,2025,0.03,3,2,1,Attach,R-3,Iron Hawk Townhomes,B-2053-0009-0000,2,http://cdn.photos.sparkplatform.com/icb/20250916172633064901000000.jpg,0,1,1,1,0,Paved,,51 S 4375 #9 W,1716,309566
113116,10/20/2025,309566,0,2025,0.03,3,2,1,Attach,R-3,Iron Hawk Townhomes,B-2053-0005-0000,2,http://cdn.photos.sparkplatform.com/icb/20250916173331928579000000.jpg,0,1,1,1,0,Paved,,51 S 4375 #5 W,1716,309566
113117,10/20/2025,309566,0,2025,0.03,3,2,1,Attach,R-3,Iron Hawk Townhomes,B-2053-0007-0000,2,http://cdn.photos.sparkplatform.com/icb/20250916173829826416000000.jpg,0,1,1,1,0,Paved,,51 S 4375 #7 W,1716,309566
113118,10/20/2025,309566,0,2025,0.03,3,2,1,Attach,R-3,Iron Hawk Townhomes,B-2053-0008-0000,2,http://cdn.photos.sparkplatform.com/icb/20250916174351360631000000.jpg,0,1,1,1,0,Paved,,51 S 4375 #8 W,1716,309566
113134,11/19/2025,542000,1040,1998,0.24,5,3,1,Detach,R-2-2,FA Thorley,B-1115-0009-0000,2,http://cdn.photos.sparkplatform.com/icb/20250915221238379431000000.jpg,1,0,2,2,10000,Paved,Year Round,265 S 900 W,1924,532000
113141,11/14/2025,407658.14,1019,2025,0.11,4,2,1,Attach,R2-2,Liberty Cove at Jefferson,B-2026-009A-0000,2,http://cdn.photos.sparkplatform.com/icb/20250917211657381685000000.jpg,1,0,1,1,0,Paved,Year Round,714 S Liberty Cove Drive,1147,407658.14
113166,10/7/2025,1750,0,2024,0.02,3,2,1,Attach,Residential,Cedar Breaks Townhomes,B-2043-0006-0000,2,http://cdn.photos.sparkplatform.com/icb/20250918175724670961000000.jpg,0,0,1,1,0,Paved,Year Round,535 W 2530 N #6,1518,1750
113168,10/7/2025,1750,0,2024,0.02,3,2,1,Attach,Residential,Cedar Breaks Townhomes,B-2043-0010-0000,2,http://cdn.photos.sparkplatform.com/icb/20250918212945682858000000.jpg,0,0,1,1,0,Paved,Year Round,535 W 2530 N #10,1518,1750
113173,10/31/2025,1650,0,2024,0.02,3,2,1,Attach,Residential,Cedar Breaks Townhomes,B-2043-0007-0000,2,http://cdn.photos.sparkplatform.com/icb/20250918214313197051000000.jpg,0,0,1,1,0,Paved,Year Round,535 W 2530 N #7,1518,1650
113578,11/18/2025,258000,0,2007,0.02,3,2,1,Carpor,R-3-M,Cedar Park,B-1891-0048-0000,1,http://cdn.photos.sparkplatform.com/icb/20251015231732295182000000.jpg,0,0,1,1,9000,Paved,,370 W 1425 N #48,1365,249000
113615,10/22/2025,463677,0,2025,0.16,5,3,0,Attach,R-1,Pointe West,B-2033-0022-0000,2,http://cdn.photos.sparkplatform.com/icb/20251021173155526473000000.jpg,0,0,1,1,0,Paved,Year Round,1138 N Yucca Street,2020,463677
113625,11/20/2025,275000,0,2005,5.55,3,2,0,None,Residential,Green Valley Acres,E-1402-0002-0000,0,http://cdn.photos.sparkplatform.com/icb/20251022184445954462000000.jpg,0,0,1,1,15000,,Year Round,131 S 1300 E,1080,260000
113626,11/6/2025,305000,0,1981,0.02,2,2,0,None,Residential,Giant Steps Condo,A-1173-0065-0000,0,http://cdn.photos.sparkplatform.com/icb/20251021181533992444000000.jpg,0,1,1,1,5000,,Year Round,407 S Vasels (fka Brian Head Blvd) #65 Road,930,300000
113676,11/5/2025,425800,0,2025,0.2,3,2,0,Attach,Res,Hawks Landing,A-0845-0011-0011,3,http://cdn.photos.sparkplatform.com/icb/20251029175400167118000000.jpg,0,0,1,1,0,Paved,Year Round,3878 N Hawks Landing Loop,1432,425800
113726,11/19/2025,234000,0,1996,0.53,3,2,0,None,R-1,Spanish Trails,A-0878-0011-0022,0,http://cdn.photos.sparkplatform.com/icb/20251103181204203100000000.jpg,0,1,1,1,0,Paved,Year Round,4261 N Morgan Drive,1568,234000
113764,11/5/2025,364000,405,2025,0.02,4,3,1,Attach,R3-M,Fiddlers Cove PUD,B-2041-0004-000A,2,http://cdn.photos.sparkplatform.com/icb/20251028193749889674000000.jpg,1,0,1,1,0,Paved,Year Round,665 E 2015 #4A N,1867,364000
